defect_id,machine_id,log_date,defect_count,defect_type
DEF-00001,M001,2025-05-01 08:10:00,6,Lead-Based Alloy
DEF-00002,M001,2025-05-01 08:35:00,11,Circuit Board
DEF-00003,M001,2025-05-01 09:15:00,16,Aluminum
DEF-00004,M001,2025-05-01 12:15:00,2,Coolant
DEF-00005,M001,2025-05-01 12:55:00,1,Polypropylene
DEF-00006,M001,2025-05-01 15:15:00,3,Aluminum
DEF-00007,M001,2025-05-01 18:35:00,11,Packaging
DEF-00008,M001,2025-05-01 20:20:00,22,Reprocessed Plastics
DEF-00009,M001,2025-05-01 20:55:00,7,Solvent
DEF-00010,M001,2025-05-01 23:15:00,33,Solvent
DEF-00011,M001,2025-05-02 00:20:00,17,Reprocessed Plastics
DEF-00012,M001,2025-05-02 01:25:00,4,Scrap Steel
DEF-00013,M001,2025-05-02 03:05:00,7,Industrial Oil
DEF-00014,M001,2025-05-02 03:10:00,19,Coolant
DEF-00015,M001,2025-05-02 04:05:00,16,Coolant
DEF-00016,M001,2025-05-02 04:10:00,6,Circuit Board
DEF-00017,M001,2025-05-02 05:35:00,4,Catalyst
DEF-00018,M001,2025-05-02 06:45:00,44,Coolant
DEF-00019,M001,2025-05-02 07:55:00,28,Solvent
DEF-00020,M001,2025-05-02 08:05:00,24,Reprocessed Plastics
DEF-00021,M001,2025-05-02 09:35:00,8,Machine Component
DEF-00022,M001,2025-05-02 10:30:00,19,Scrap Steel
DEF-00023,M001,2025-05-02 11:20:00,1,Reprocessed Plastics
DEF-00024,M001,2025-05-02 11:55:00,5,Solvent
DEF-00025,M001,2025-05-02 13:00:00,6,Cotton
DEF-00026,M001,2025-05-02 13:05:00,25,Textiles
DEF-00027,M001,2025-05-02 13:35:00,5,Cotton
DEF-00028,M001,2025-05-02 18:55:00,27,Circuit Board
DEF-00029,M001,2025-05-02 19:35:00,21,Plastic Resin
DEF-00030,M001,2025-05-02 19:40:00,18,Polypropylene
DEF-00031,M001,2025-05-02 20:20:00,22,Plastic Resin
DEF-00032,M001,2025-05-02 21:35:00,2,Reprocessed Plastics
DEF-00033,M001,2025-05-02 22:10:00,0,Textiles
DEF-00034,M001,2025-05-02 23:00:00,9,Plastic Resin
DEF-00035,M001,2025-05-02 23:05:00,6,Machine Component
DEF-00036,M001,2025-05-02 23:15:00,16,Aluminum
DEF-00037,M001,2025-05-02 23:35:00,9,Reprocessed Plastics
DEF-00038,M001,2025-05-03 00:00:00,18,Industrial Oil
DEF-00039,M001,2025-05-03 00:10:00,22,Textiles
DEF-00040,M001,2025-05-03 01:30:00,12,Cotton
DEF-00041,M001,2025-05-03 03:10:00,4,Packaging
DEF-00042,M001,2025-05-03 03:25:00,28,Plastic Resin
DEF-00043,M001,2025-05-03 03:30:00,17,Reprocessed Plastics
DEF-00044,M001,2025-05-03 03:35:00,34,Coolant
DEF-00045,M001,2025-05-03 04:05:00,22,Scrap Steel
DEF-00046,M001,2025-05-03 04:30:00,11,Scrap Steel
DEF-00047,M001,2025-05-03 06:00:00,6,Reprocessed Plastics
DEF-00048,M001,2025-05-03 06:25:00,11,Coolant
DEF-00049,M001,2025-05-03 06:50:00,8,Steel
DEF-00050,M001,2025-05-03 08:15:00,24,Packaging
DEF-00051,M001,2025-05-03 09:00:00,17,Plastic Resin
DEF-00052,M001,2025-05-03 09:35:00,24,Solvent
DEF-00053,M001,2025-05-03 10:20:00,2,Lead-Based Alloy
DEF-00054,M001,2025-05-03 16:40:00,1,Aluminum
DEF-00055,M001,2025-05-03 17:05:00,15,Sheet Metal
DEF-00056,M001,2025-05-03 17:50:00,30,Machine Component
DEF-00057,M001,2025-05-03 19:10:00,25,Scrap Steel
DEF-00058,M001,2025-05-03 19:20:00,20,Scrap Steel
DEF-00059,M001,2025-05-03 19:50:00,30,Textiles
DEF-00060,M001,2025-05-03 20:00:00,3,Cotton
DEF-00061,M001,2025-05-03 20:45:00,11,Solvent
DEF-00062,M001,2025-05-03 21:35:00,13,Aluminum
DEF-00063,M001,2025-05-03 21:40:00,38,Plastic Resin
DEF-00064,M001,2025-05-03 22:15:00,1,Catalyst
DEF-00065,M001,2025-05-03 23:25:00,15,Solvent
DEF-00066,M001,2025-05-04 00:35:00,6,Coolant
DEF-00067,M001,2025-05-04 01:30:00,36,Sheet Metal
DEF-00068,M001,2025-05-04 02:30:00,46,Machine Component
DEF-00069,M001,2025-05-04 03:40:00,25,Solvent
DEF-00070,M001,2025-05-04 03:55:00,37,Plastic Resin
DEF-00071,M001,2025-05-04 05:05:00,0,Packaging
DEF-00072,M001,2025-05-04 08:55:00,15,Textiles
DEF-00073,M001,2025-05-04 09:55:00,29,Solvent
DEF-00074,M001,2025-05-04 10:35:00,38,Coolant
DEF-00075,M001,2025-05-04 11:40:00,18,Steel
DEF-00076,M001,2025-05-04 12:25:00,1,Steel
DEF-00077,M001,2025-05-04 12:45:00,15,Reprocessed Plastics
DEF-00078,M001,2025-05-04 14:10:00,31,Aluminum
DEF-00079,M001,2025-05-04 14:50:00,4,Lead-Based Alloy
DEF-00080,M001,2025-05-04 16:10:00,1,Circuit Board
DEF-00081,M001,2025-05-04 16:25:00,9,Cotton
DEF-00082,M001,2025-05-04 17:15:00,15,Textiles
DEF-00083,M001,2025-05-04 17:55:00,0,Reprocessed Plastics
DEF-00084,M001,2025-05-04 18:15:00,7,Scrap Steel
DEF-00085,M001,2025-05-04 18:30:00,10,Machine Component
DEF-00086,M001,2025-05-04 19:10:00,18,Plastic Resin
DEF-00087,M001,2025-05-04 20:10:00,19,Reprocessed Plastics
DEF-00088,M001,2025-05-04 20:30:00,1,Packaging
DEF-00089,M001,2025-05-04 21:30:00,21,Machine Component
DEF-00090,M001,2025-05-04 22:50:00,5,Plastic Resin
DEF-00091,M001,2025-05-05 00:25:00,37,Sheet Metal
DEF-00092,M001,2025-05-05 00:35:00,23,Polypropylene
DEF-00093,M001,2025-05-05 01:15:00,13,Packaging
DEF-00094,M001,2025-05-05 02:15:00,4,Lead-Based Alloy
DEF-00095,M001,2025-05-05 02:45:00,7,Coolant
DEF-00096,M001,2025-05-05 04:00:00,22,Lead-Based Alloy
DEF-00097,M001,2025-05-05 04:35:00,29,Sheet Metal
DEF-00098,M001,2025-05-05 08:20:00,8,Scrap Steel
DEF-00099,M001,2025-05-05 10:45:00,1,Lead-Based Alloy
DEF-00100,M001,2025-05-05 11:00:00,10,Coolant
DEF-00101,M001,2025-05-05 13:25:00,8,Coolant
DEF-00102,M001,2025-05-05 14:20:00,3,Reprocessed Plastics
DEF-00103,M001,2025-05-05 14:25:00,3,Reprocessed Plastics
DEF-00104,M001,2025-05-05 15:10:00,18,Scrap Steel
DEF-00105,M001,2025-05-05 16:00:00,31,Machine Component
DEF-00106,M001,2025-05-05 19:05:00,9,Cotton
DEF-00107,M001,2025-05-05 19:10:00,15,Polypropylene
DEF-00108,M001,2025-05-05 19:35:00,4,Packaging
DEF-00109,M001,2025-05-05 20:45:00,5,Plastic Resin
DEF-00110,M001,2025-05-05 20:50:00,38,Textiles
DEF-00111,M001,2025-05-05 22:05:00,19,Cotton
DEF-00112,M001,2025-05-05 22:15:00,8,Machine Component
DEF-00113,M001,2025-05-05 22:55:00,17,Steel
DEF-00114,M001,2025-05-06 01:20:00,3,Solvent
DEF-00115,M001,2025-05-06 01:40:00,17,Solvent
DEF-00116,M001,2025-05-06 03:05:00,6,Steel
DEF-00117,M001,2025-05-06 03:10:00,13,Plastic Resin
DEF-00118,M001,2025-05-06 05:15:00,10,Reprocessed Plastics
DEF-00119,M001,2025-05-06 05:30:00,7,Reprocessed Plastics
DEF-00120,M001,2025-05-06 05:35:00,4,Catalyst
DEF-00121,M001,2025-05-06 08:15:00,6,Solvent
DEF-00122,M001,2025-05-06 08:45:00,18,Industrial Oil
DEF-00123,M001,2025-05-06 11:00:00,1,Catalyst
DEF-00124,M001,2025-05-06 12:15:00,4,Plastic Resin
DEF-00125,M001,2025-05-06 16:00:00,26,Plastic Resin
DEF-00126,M001,2025-05-06 16:35:00,29,Packaging
DEF-00127,M001,2025-05-06 17:55:00,42,Solvent
DEF-00128,M001,2025-05-06 18:40:00,3,Packaging
DEF-00129,M001,2025-05-06 19:15:00,15,Steel
DEF-00130,M001,2025-05-06 20:15:00,6,Scrap Steel
DEF-00131,M001,2025-05-06 21:10:00,16,Machine Component
DEF-00132,M001,2025-05-06 22:30:00,39,Polypropylene
DEF-00133,M001,2025-05-06 23:25:00,26,Scrap Steel
DEF-00134,M001,2025-05-06 23:30:00,3,Steel
DEF-00135,M001,2025-05-07 00:35:00,24,Solvent
DEF-00136,M001,2025-05-07 00:40:00,0,Industrial Oil
DEF-00137,M001,2025-05-07 02:25:00,3,Coolant
DEF-00138,M001,2025-05-07 04:00:00,1,Coolant
DEF-00139,M001,2025-05-07 04:25:00,17,Cotton
DEF-00140,M001,2025-05-07 05:20:00,18,Lead-Based Alloy
DEF-00141,M001,2025-05-07 05:25:00,6,Machine Component
DEF-00142,M001,2025-05-07 05:50:00,33,Aluminum
DEF-00143,M001,2025-05-07 07:20:00,9,Solvent
DEF-00144,M001,2025-05-07 07:55:00,2,Lead-Based Alloy
DEF-00145,M001,2025-05-07 08:30:00,11,Sheet Metal
DEF-00146,M001,2025-05-07 09:25:00,7,Coolant
DEF-00147,M001,2025-05-07 09:40:00,11,Lead-Based Alloy
DEF-00148,M001,2025-05-07 11:50:00,15,Catalyst
DEF-00149,M001,2025-05-07 12:35:00,10,Textiles
DEF-00150,M001,2025-05-07 13:40:00,9,Industrial Oil
DEF-00151,M001,2025-05-07 13:55:00,11,Aluminum
DEF-00152,M001,2025-05-07 14:05:00,16,Coolant
DEF-00153,M001,2025-05-07 15:35:00,34,Textiles
DEF-00154,M001,2025-05-07 15:45:00,10,Polypropylene
DEF-00155,M001,2025-05-07 16:50:00,18,Plastic Resin
DEF-00156,M001,2025-05-07 21:00:00,20,Plastic Resin
DEF-00157,M001,2025-05-07 22:05:00,11,Solvent
DEF-00158,M001,2025-05-07 22:35:00,5,Coolant
DEF-00159,M001,2025-05-08 00:35:00,22,Sheet Metal
DEF-00160,M001,2025-05-08 00:40:00,3,Lead-Based Alloy
DEF-00161,M001,2025-05-08 00:45:00,11,Solvent
DEF-00162,M001,2025-05-08 01:15:00,10,Plastic Resin
DEF-00163,M001,2025-05-08 02:20:00,10,Catalyst
DEF-00164,M001,2025-05-08 02:30:00,15,Aluminum
DEF-00165,M001,2025-05-08 04:55:00,45,Scrap Steel
DEF-00166,M001,2025-05-08 06:15:00,30,Catalyst
DEF-00167,M001,2025-05-08 06:20:00,4,Reprocessed Plastics
DEF-00168,M001,2025-05-08 06:35:00,35,Coolant
DEF-00169,M001,2025-05-08 09:20:00,5,Lead-Based Alloy
DEF-00170,M001,2025-05-08 10:40:00,5,Lead-Based Alloy
DEF-00171,M001,2025-05-08 10:50:00,12,Sheet Metal
DEF-00172,M001,2025-05-08 11:50:00,17,Scrap Steel
DEF-00173,M001,2025-05-08 13:55:00,5,Circuit Board
DEF-00174,M001,2025-05-08 14:00:00,11,Industrial Oil
DEF-00175,M001,2025-05-08 15:20:00,19,Packaging
DEF-00176,M001,2025-05-08 16:15:00,3,Scrap Steel
DEF-00177,M001,2025-05-08 17:25:00,4,Reprocessed Plastics
DEF-00178,M001,2025-05-08 17:35:00,18,Industrial Oil
DEF-00179,M001,2025-05-08 18:45:00,14,Circuit Board
DEF-00180,M001,2025-05-08 19:55:00,6,Sheet Metal
DEF-00181,M001,2025-05-08 20:30:00,8,Reprocessed Plastics
DEF-00182,M001,2025-05-08 21:05:00,33,Industrial Oil
DEF-00183,M001,2025-05-08 21:45:00,14,Lead-Based Alloy
DEF-00184,M001,2025-05-08 23:05:00,39,Lead-Based Alloy
DEF-00185,M001,2025-05-08 23:15:00,30,Polypropylene
DEF-00186,M001,2025-05-08 23:25:00,5,Packaging
DEF-00187,M001,2025-05-08 23:35:00,18,Reprocessed Plastics
DEF-00188,M001,2025-05-09 00:05:00,13,Solvent
DEF-00189,M001,2025-05-09 01:55:00,29,Scrap Steel
DEF-00190,M001,2025-05-09 03:20:00,2,Steel
DEF-00191,M001,2025-05-09 03:30:00,8,Polypropylene
DEF-00192,M001,2025-05-09 05:35:00,14,Scrap Steel
DEF-00193,M001,2025-05-09 05:45:00,26,Cotton
DEF-00194,M001,2025-05-09 06:30:00,22,Coolant
DEF-00195,M001,2025-05-09 08:20:00,50,Coolant
DEF-00196,M001,2025-05-09 08:50:00,3,Plastic Resin
DEF-00197,M001,2025-05-09 08:55:00,12,Lead-Based Alloy
DEF-00198,M001,2025-05-09 10:40:00,21,Scrap Steel
DEF-00199,M001,2025-05-09 12:20:00,16,Scrap Steel
DEF-00200,M001,2025-05-09 12:55:00,11,Coolant
DEF-00201,M001,2025-05-09 13:20:00,2,Coolant
DEF-00202,M001,2025-05-09 15:30:00,0,Catalyst
DEF-00203,M001,2025-05-09 16:00:00,1,Plastic Resin
DEF-00204,M001,2025-05-09 16:25:00,18,Scrap Steel
DEF-00205,M001,2025-05-09 17:00:00,43,Plastic Resin
DEF-00206,M001,2025-05-09 17:45:00,12,Lead-Based Alloy
DEF-00207,M001,2025-05-09 18:10:00,1,Packaging
DEF-00208,M001,2025-05-09 18:45:00,7,Steel
DEF-00209,M001,2025-05-09 19:15:00,2,Lead-Based Alloy
DEF-00210,M001,2025-05-09 20:05:00,8,Plastic Resin
DEF-00211,M001,2025-05-09 20:35:00,36,Industrial Oil
DEF-00212,M001,2025-05-09 21:00:00,28,Circuit Board
DEF-00213,M001,2025-05-09 21:15:00,4,Steel
DEF-00214,M001,2025-05-09 21:35:00,26,Polypropylene
DEF-00215,M001,2025-05-09 22:05:00,26,Industrial Oil
DEF-00216,M001,2025-05-09 22:10:00,38,Lead-Based Alloy
DEF-00217,M001,2025-05-09 22:15:00,10,Sheet Metal
DEF-00218,M001,2025-05-09 22:40:00,24,Aluminum
DEF-00219,M001,2025-05-09 23:00:00,7,Solvent
DEF-00220,M001,2025-05-09 23:45:00,22,Solvent
DEF-00221,M001,2025-05-09 23:50:00,32,Machine Component
DEF-00222,M001,2025-05-10 00:40:00,4,Aluminum
DEF-00223,M001,2025-05-10 00:55:00,11,Steel
DEF-00224,M001,2025-05-10 03:00:00,11,Reprocessed Plastics
DEF-00225,M001,2025-05-10 03:05:00,33,Industrial Oil
DEF-00226,M001,2025-05-10 03:30:00,9,Solvent
DEF-00227,M001,2025-05-10 03:40:00,25,Lead-Based Alloy
DEF-00228,M001,2025-05-10 05:45:00,6,Polypropylene
DEF-00229,M001,2025-05-10 06:55:00,10,Aluminum
DEF-00230,M001,2025-05-10 07:45:00,0,Machine Component
DEF-00231,M001,2025-05-10 09:40:00,16,Aluminum
DEF-00232,M001,2025-05-10 11:00:00,17,Lead-Based Alloy
DEF-00233,M001,2025-05-10 11:25:00,1,Industrial Oil
DEF-00234,M001,2025-05-10 11:50:00,1,Textiles
DEF-00235,M001,2025-05-10 11:55:00,17,Solvent
DEF-00236,M001,2025-05-10 13:00:00,9,Industrial Oil
DEF-00237,M001,2025-05-10 14:40:00,18,Packaging
DEF-00238,M001,2025-05-10 15:00:00,10,Polypropylene
DEF-00239,M001,2025-05-10 16:15:00,23,Scrap Steel
DEF-00240,M001,2025-05-10 16:45:00,10,Plastic Resin
DEF-00241,M001,2025-05-10 18:00:00,9,Polypropylene
DEF-00242,M001,2025-05-10 18:05:00,15,Coolant
DEF-00243,M001,2025-05-10 22:55:00,9,Reprocessed Plastics
DEF-00244,M001,2025-05-11 00:25:00,9,Cotton
DEF-00245,M001,2025-05-11 00:30:00,29,Scrap Steel
DEF-00246,M001,2025-05-11 00:40:00,24,Cotton
DEF-00247,M001,2025-05-11 00:55:00,6,Steel
DEF-00248,M001,2025-05-11 02:15:00,17,Reprocessed Plastics
DEF-00249,M001,2025-05-11 02:25:00,14,Lead-Based Alloy
DEF-00250,M001,2025-05-11 02:30:00,2,Reprocessed Plastics
DEF-00251,M001,2025-05-11 02:40:00,19,Plastic Resin
DEF-00252,M001,2025-05-11 02:45:00,18,Packaging
DEF-00253,M001,2025-05-11 03:05:00,39,Polypropylene
DEF-00254,M001,2025-05-11 04:00:00,15,Reprocessed Plastics
DEF-00255,M001,2025-05-11 04:20:00,41,Cotton
DEF-00256,M001,2025-05-11 04:45:00,32,Lead-Based Alloy
DEF-00257,M001,2025-05-11 05:20:00,1,Circuit Board
DEF-00258,M001,2025-05-11 06:40:00,29,Circuit Board
DEF-00259,M001,2025-05-11 07:00:00,16,Circuit Board
DEF-00260,M001,2025-05-11 08:15:00,25,Solvent
DEF-00261,M001,2025-05-11 08:35:00,15,Catalyst
DEF-00262,M001,2025-05-11 08:40:00,20,Circuit Board
DEF-00263,M001,2025-05-11 09:15:00,10,Solvent
DEF-00264,M001,2025-05-11 09:55:00,21,Lead-Based Alloy
DEF-00265,M001,2025-05-11 10:30:00,7,Polypropylene
DEF-00266,M001,2025-05-11 14:25:00,8,Aluminum
DEF-00267,M001,2025-05-11 14:40:00,7,Coolant
DEF-00268,M001,2025-05-11 15:00:00,6,Plastic Resin
DEF-00269,M001,2025-05-11 16:00:00,12,Reprocessed Plastics
DEF-00270,M001,2025-05-11 16:10:00,23,Sheet Metal
DEF-00271,M001,2025-05-11 17:40:00,2,Sheet Metal
DEF-00272,M001,2025-05-11 17:45:00,13,Sheet Metal
DEF-00273,M001,2025-05-11 18:00:00,8,Plastic Resin
DEF-00274,M001,2025-05-11 18:20:00,31,Cotton
DEF-00275,M001,2025-05-11 19:20:00,34,Circuit Board
DEF-00276,M001,2025-05-11 19:50:00,6,Packaging
DEF-00277,M001,2025-05-11 20:25:00,28,Scrap Steel
DEF-00278,M001,2025-05-11 20:30:00,8,Machine Component
DEF-00279,M001,2025-05-11 20:40:00,24,Textiles
DEF-00280,M001,2025-05-11 21:05:00,12,Polypropylene
DEF-00281,M001,2025-05-11 21:25:00,2,Steel
DEF-00282,M001,2025-05-11 22:30:00,9,Industrial Oil
DEF-00283,M001,2025-05-11 22:35:00,39,Catalyst
DEF-00284,M001,2025-05-12 01:50:00,32,Circuit Board
DEF-00285,M001,2025-05-12 01:55:00,21,Steel
DEF-00286,M001,2025-05-12 04:40:00,11,Circuit Board
DEF-00287,M001,2025-05-12 05:35:00,26,Textiles
DEF-00288,M001,2025-05-12 06:50:00,37,Machine Component
DEF-00289,M001,2025-05-12 08:05:00,14,Lead-Based Alloy
DEF-00290,M001,2025-05-12 08:45:00,3,Industrial Oil
DEF-00291,M001,2025-05-12 09:00:00,11,Industrial Oil
DEF-00292,M001,2025-05-12 10:00:00,19,Solvent
DEF-00293,M001,2025-05-12 10:20:00,8,Machine Component
DEF-00294,M001,2025-05-12 10:45:00,42,Sheet Metal
DEF-00295,M001,2025-05-12 11:00:00,39,Solvent
DEF-00296,M001,2025-05-12 11:55:00,9,Scrap Steel
DEF-00297,M001,2025-05-12 12:05:00,13,Lead-Based Alloy
DEF-00298,M001,2025-05-12 12:30:00,0,Steel
DEF-00299,M001,2025-05-12 13:35:00,20,Textiles
DEF-00300,M001,2025-05-12 13:45:00,27,Plastic Resin
DEF-00301,M001,2025-05-12 14:40:00,40,Reprocessed Plastics
DEF-00302,M001,2025-05-12 15:15:00,23,Solvent
DEF-00303,M001,2025-05-12 16:35:00,14,Cotton
DEF-00304,M001,2025-05-12 16:45:00,6,Sheet Metal
DEF-00305,M001,2025-05-12 17:55:00,11,Packaging
DEF-00306,M001,2025-05-12 19:55:00,9,Sheet Metal
DEF-00307,M001,2025-05-12 20:40:00,28,Industrial Oil
DEF-00308,M001,2025-05-12 21:35:00,6,Textiles
DEF-00309,M001,2025-05-12 22:00:00,22,Catalyst
DEF-00310,M001,2025-05-12 22:15:00,19,Lead-Based Alloy
DEF-00311,M001,2025-05-12 23:00:00,6,Sheet Metal
DEF-00312,M001,2025-05-13 01:15:00,19,Catalyst
DEF-00313,M001,2025-05-13 01:45:00,23,Packaging
DEF-00314,M001,2025-05-13 02:00:00,15,Aluminum
DEF-00315,M001,2025-05-13 02:30:00,4,Aluminum
DEF-00316,M001,2025-05-13 03:40:00,4,Cotton
DEF-00317,M001,2025-05-13 04:55:00,8,Aluminum
DEF-00318,M001,2025-05-13 05:10:00,16,Textiles
DEF-00319,M001,2025-05-13 06:05:00,24,Scrap Steel
DEF-00320,M001,2025-05-13 07:25:00,5,Lead-Based Alloy
DEF-00321,M001,2025-05-13 07:55:00,5,Lead-Based Alloy
DEF-00322,M001,2025-05-13 08:10:00,31,Aluminum
DEF-00323,M001,2025-05-13 08:45:00,45,Plastic Resin
DEF-00324,M001,2025-05-13 10:10:00,12,Textiles
DEF-00325,M001,2025-05-13 10:25:00,4,Catalyst
DEF-00326,M001,2025-05-13 10:45:00,2,Cotton
DEF-00327,M001,2025-05-13 11:25:00,48,Plastic Resin
DEF-00328,M001,2025-05-13 11:55:00,2,Lead-Based Alloy
DEF-00329,M001,2025-05-13 12:15:00,38,Polypropylene
DEF-00330,M001,2025-05-13 13:05:00,5,Packaging
DEF-00331,M001,2025-05-13 13:40:00,4,Lead-Based Alloy
DEF-00332,M001,2025-05-13 14:00:00,2,Industrial Oil
DEF-00333,M001,2025-05-13 14:10:00,2,Plastic Resin
DEF-00334,M001,2025-05-13 14:25:00,4,Lead-Based Alloy
DEF-00335,M001,2025-05-13 14:45:00,10,Cotton
DEF-00336,M001,2025-05-13 15:55:00,5,Machine Component
DEF-00337,M001,2025-05-13 17:25:00,8,Reprocessed Plastics
DEF-00338,M001,2025-05-13 18:15:00,12,Scrap Steel
DEF-00339,M001,2025-05-13 19:30:00,3,Catalyst
DEF-00340,M001,2025-05-13 19:35:00,22,Scrap Steel
DEF-00341,M001,2025-05-13 21:00:00,14,Lead-Based Alloy
DEF-00342,M001,2025-05-13 23:05:00,33,Cotton
DEF-00343,M001,2025-05-13 23:40:00,14,Machine Component
DEF-00344,M001,2025-05-14 00:30:00,30,Reprocessed Plastics
DEF-00345,M001,2025-05-14 01:00:00,14,Plastic Resin
DEF-00346,M001,2025-05-14 02:05:00,10,Scrap Steel
DEF-00347,M001,2025-05-14 02:50:00,30,Solvent
DEF-00348,M001,2025-05-14 03:05:00,4,Sheet Metal
DEF-00349,M001,2025-05-14 05:05:00,16,Plastic Resin
DEF-00350,M001,2025-05-14 05:15:00,24,Sheet Metal
DEF-00351,M001,2025-05-14 08:00:00,2,Lead-Based Alloy
DEF-00352,M001,2025-05-14 09:05:00,7,Solvent
DEF-00353,M001,2025-05-14 09:20:00,1,Polypropylene
DEF-00354,M001,2025-05-14 10:35:00,1,Aluminum
DEF-00355,M001,2025-05-14 11:25:00,2,Coolant
DEF-00356,M001,2025-05-14 12:10:00,8,Industrial Oil
DEF-00357,M001,2025-05-14 12:30:00,17,Reprocessed Plastics
DEF-00358,M001,2025-05-14 12:35:00,1,Solvent
DEF-00359,M001,2025-05-14 13:30:00,7,Reprocessed Plastics
DEF-00360,M001,2025-05-14 14:25:00,4,Scrap Steel
DEF-00361,M001,2025-05-14 14:55:00,8,Industrial Oil
DEF-00362,M001,2025-05-14 16:00:00,5,Circuit Board
DEF-00363,M001,2025-05-14 16:30:00,3,Reprocessed Plastics
DEF-00364,M001,2025-05-14 16:50:00,10,Circuit Board
DEF-00365,M001,2025-05-14 18:05:00,35,Solvent
DEF-00366,M001,2025-05-14 18:20:00,25,Coolant
DEF-00367,M001,2025-05-14 18:30:00,3,Sheet Metal
DEF-00368,M001,2025-05-14 19:35:00,5,Steel
DEF-00369,M001,2025-05-14 20:05:00,9,Cotton
DEF-00370,M001,2025-05-14 20:30:00,7,Machine Component
DEF-00371,M001,2025-05-14 21:50:00,14,Textiles
DEF-00372,M001,2025-05-14 23:40:00,6,Industrial Oil
DEF-00373,M001,2025-05-15 00:15:00,10,Lead-Based Alloy
DEF-00374,M001,2025-05-15 00:35:00,49,Catalyst
DEF-00375,M001,2025-05-15 00:40:00,33,Catalyst
DEF-00376,M001,2025-05-15 00:45:00,17,Solvent
DEF-00377,M001,2025-05-15 01:00:00,20,Circuit Board
DEF-00378,M001,2025-05-15 02:15:00,26,Packaging
DEF-00379,M001,2025-05-15 02:30:00,3,Cotton
DEF-00380,M001,2025-05-15 02:35:00,6,Reprocessed Plastics
DEF-00381,M001,2025-05-15 04:00:00,8,Catalyst
DEF-00382,M001,2025-05-15 04:20:00,4,Textiles
DEF-00383,M001,2025-05-15 05:20:00,6,Scrap Steel
DEF-00384,M001,2025-05-15 06:20:00,2,Circuit Board
DEF-00385,M001,2025-05-15 06:45:00,17,Packaging
DEF-00386,M001,2025-05-15 10:10:00,33,Polypropylene
DEF-00387,M001,2025-05-15 11:05:00,35,Scrap Steel
DEF-00388,M001,2025-05-15 11:50:00,8,Polypropylene
DEF-00389,M001,2025-05-15 12:50:00,29,Lead-Based Alloy
DEF-00390,M001,2025-05-15 14:55:00,21,Solvent
DEF-00391,M001,2025-05-15 15:05:00,48,Textiles
DEF-00392,M001,2025-05-15 15:20:00,6,Solvent
DEF-00393,M001,2025-05-15 16:10:00,24,Machine Component
DEF-00394,M001,2025-05-15 16:45:00,0,Machine Component
DEF-00395,M001,2025-05-15 18:00:00,8,Plastic Resin
DEF-00396,M001,2025-05-15 18:20:00,1,Packaging
DEF-00397,M001,2025-05-15 18:45:00,3,Coolant
DEF-00398,M001,2025-05-15 18:50:00,29,Circuit Board
DEF-00399,M001,2025-05-15 20:00:00,5,Plastic Resin
DEF-00400,M001,2025-05-15 20:55:00,7,Circuit Board
DEF-00401,M001,2025-05-15 21:10:00,6,Lead-Based Alloy
DEF-00402,M001,2025-05-15 22:50:00,30,Catalyst
DEF-00403,M001,2025-05-15 23:00:00,20,Sheet Metal
DEF-00404,M001,2025-05-15 23:10:00,19,Packaging
DEF-00405,M001,2025-05-16 02:35:00,15,Sheet Metal
DEF-00406,M001,2025-05-16 03:50:00,13,Steel
DEF-00407,M001,2025-05-16 04:30:00,4,Textiles
DEF-00408,M001,2025-05-16 04:40:00,27,Industrial Oil
DEF-00409,M001,2025-05-16 05:10:00,16,Cotton
DEF-00410,M001,2025-05-16 05:50:00,15,Polypropylene
DEF-00411,M001,2025-05-16 06:10:00,13,Circuit Board
DEF-00412,M001,2025-05-16 07:35:00,9,Solvent
DEF-00413,M001,2025-05-16 08:20:00,4,Solvent
DEF-00414,M001,2025-05-16 08:50:00,1,Solvent
DEF-00415,M001,2025-05-16 09:35:00,10,Coolant
DEF-00416,M001,2025-05-16 10:40:00,29,Reprocessed Plastics
DEF-00417,M001,2025-05-16 10:55:00,15,Textiles
DEF-00418,M001,2025-05-16 12:05:00,28,Cotton
DEF-00419,M001,2025-05-16 13:40:00,15,Textiles
DEF-00420,M001,2025-05-16 14:15:00,3,Aluminum
DEF-00421,M001,2025-05-16 15:30:00,14,Solvent
DEF-00422,M001,2025-05-16 15:50:00,5,Polypropylene
DEF-00423,M001,2025-05-16 16:30:00,1,Circuit Board
DEF-00424,M001,2025-05-16 16:35:00,12,Reprocessed Plastics
DEF-00425,M001,2025-05-16 16:45:00,16,Machine Component
DEF-00426,M001,2025-05-16 17:20:00,2,Sheet Metal
DEF-00427,M001,2025-05-16 17:45:00,3,Solvent
DEF-00428,M001,2025-05-16 19:15:00,22,Catalyst
DEF-00429,M001,2025-05-16 19:40:00,26,Lead-Based Alloy
DEF-00430,M001,2025-05-16 20:40:00,28,Lead-Based Alloy
DEF-00431,M001,2025-05-16 20:55:00,3,Steel
DEF-00432,M001,2025-05-16 21:20:00,15,Aluminum
DEF-00433,M001,2025-05-16 23:50:00,13,Steel
DEF-00434,M001,2025-05-17 00:00:00,12,Polypropylene
DEF-00435,M001,2025-05-17 00:35:00,3,Polypropylene
DEF-00436,M001,2025-05-17 00:55:00,4,Textiles
DEF-00437,M001,2025-05-17 01:00:00,5,Catalyst
DEF-00438,M001,2025-05-17 01:50:00,8,Scrap Steel
DEF-00439,M001,2025-05-17 02:15:00,5,Lead-Based Alloy
DEF-00440,M001,2025-05-17 02:35:00,9,Packaging
DEF-00441,M001,2025-05-17 04:05:00,8,Lead-Based Alloy
DEF-00442,M001,2025-05-17 05:35:00,32,Solvent
DEF-00443,M001,2025-05-17 05:55:00,11,Lead-Based Alloy
DEF-00444,M001,2025-05-17 06:40:00,1,Polypropylene
DEF-00445,M001,2025-05-17 07:25:00,11,Steel
DEF-00446,M001,2025-05-17 08:20:00,6,Solvent
DEF-00447,M001,2025-05-17 08:55:00,29,Sheet Metal
DEF-00448,M001,2025-05-17 09:35:00,7,Machine Component
DEF-00449,M001,2025-05-17 09:45:00,10,Reprocessed Plastics
DEF-00450,M001,2025-05-17 10:10:00,30,Scrap Steel
DEF-00451,M001,2025-05-17 11:05:00,2,Reprocessed Plastics
DEF-00452,M001,2025-05-17 12:20:00,13,Industrial Oil
DEF-00453,M001,2025-05-17 12:25:00,18,Aluminum
DEF-00454,M001,2025-05-17 12:45:00,7,Aluminum
DEF-00455,M001,2025-05-17 12:55:00,16,Solvent
DEF-00456,M001,2025-05-17 14:00:00,10,Steel
DEF-00457,M001,2025-05-17 14:15:00,19,Reprocessed Plastics
DEF-00458,M001,2025-05-17 14:25:00,32,Industrial Oil
DEF-00459,M001,2025-05-17 14:30:00,25,Machine Component
DEF-00460,M001,2025-05-17 14:35:00,15,Circuit Board
DEF-00461,M001,2025-05-17 14:45:00,11,Steel
DEF-00462,M001,2025-05-17 15:35:00,16,Catalyst
DEF-00463,M001,2025-05-17 19:20:00,8,Solvent
DEF-00464,M001,2025-05-17 19:55:00,32,Catalyst
DEF-00465,M001,2025-05-17 20:55:00,1,Packaging
DEF-00466,M001,2025-05-17 21:00:00,3,Sheet Metal
DEF-00467,M001,2025-05-17 21:15:00,3,Lead-Based Alloy
DEF-00468,M001,2025-05-18 00:35:00,6,Catalyst
DEF-00469,M001,2025-05-18 00:55:00,26,Cotton
DEF-00470,M001,2025-05-18 01:00:00,2,Solvent
DEF-00471,M001,2025-05-18 01:35:00,10,Plastic Resin
DEF-00472,M001,2025-05-18 02:00:00,15,Scrap Steel
DEF-00473,M001,2025-05-18 03:10:00,6,Solvent
DEF-00474,M001,2025-05-18 03:25:00,9,Plastic Resin
DEF-00475,M001,2025-05-18 04:15:00,1,Cotton
DEF-00476,M001,2025-05-18 05:05:00,7,Scrap Steel
DEF-00477,M001,2025-05-18 05:45:00,1,Solvent
DEF-00478,M001,2025-05-18 06:20:00,9,Lead-Based Alloy
DEF-00479,M001,2025-05-18 07:05:00,37,Lead-Based Alloy
DEF-00480,M001,2025-05-18 07:10:00,11,Machine Component
DEF-00481,M001,2025-05-18 07:50:00,1,Polypropylene
DEF-00482,M001,2025-05-18 09:20:00,23,Textiles
DEF-00483,M001,2025-05-18 10:35:00,18,Lead-Based Alloy
DEF-00484,M001,2025-05-18 10:55:00,1,Packaging
DEF-00485,M001,2025-05-18 11:50:00,12,Plastic Resin
DEF-00486,M001,2025-05-18 12:00:00,13,Textiles
DEF-00487,M001,2025-05-18 12:25:00,12,Textiles
DEF-00488,M001,2025-05-18 12:30:00,16,Steel
DEF-00489,M001,2025-05-18 13:00:00,10,Machine Component
DEF-00490,M001,2025-05-18 14:15:00,1,Coolant
DEF-00491,M001,2025-05-18 14:20:00,12,Plastic Resin
DEF-00492,M001,2025-05-18 14:55:00,8,Reprocessed Plastics
DEF-00493,M001,2025-05-18 15:00:00,17,Catalyst
DEF-00494,M001,2025-05-18 17:25:00,5,Industrial Oil
DEF-00495,M001,2025-05-18 19:15:00,16,Scrap Steel
DEF-00496,M001,2025-05-18 19:20:00,11,Cotton
DEF-00497,M001,2025-05-18 20:15:00,17,Catalyst
DEF-00498,M001,2025-05-18 21:35:00,9,Solvent
DEF-00499,M001,2025-05-18 23:25:00,5,Industrial Oil
DEF-00500,M001,2025-05-19 00:30:00,21,Machine Component
DEF-00501,M001,2025-05-19 00:35:00,10,Scrap Steel
DEF-00502,M001,2025-05-19 01:00:00,31,Scrap Steel
DEF-00503,M001,2025-05-19 01:55:00,1,Polypropylene
DEF-00504,M001,2025-05-19 02:15:00,1,Textiles
DEF-00505,M001,2025-05-19 02:35:00,7,Lead-Based Alloy
DEF-00506,M001,2025-05-19 03:25:00,5,Machine Component
DEF-00507,M001,2025-05-19 05:05:00,34,Solvent
DEF-00508,M001,2025-05-19 05:40:00,8,Plastic Resin
DEF-00509,M001,2025-05-19 06:05:00,4,Lead-Based Alloy
DEF-00510,M001,2025-05-19 06:15:00,31,Coolant
DEF-00511,M001,2025-05-19 06:45:00,1,Textiles
DEF-00512,M001,2025-05-19 08:10:00,12,Lead-Based Alloy
DEF-00513,M001,2025-05-19 08:55:00,15,Machine Component
DEF-00514,M001,2025-05-19 09:45:00,1,Coolant
DEF-00515,M001,2025-05-19 10:00:00,24,Machine Component
DEF-00516,M001,2025-05-19 10:20:00,3,Industrial Oil
DEF-00517,M001,2025-05-19 11:40:00,18,Machine Component
DEF-00518,M001,2025-05-19 12:55:00,34,Reprocessed Plastics
DEF-00519,M001,2025-05-19 13:25:00,4,Machine Component
DEF-00520,M001,2025-05-19 14:50:00,12,Solvent
DEF-00521,M001,2025-05-19 15:00:00,17,Industrial Oil
DEF-00522,M001,2025-05-19 15:10:00,15,Steel
DEF-00523,M001,2025-05-19 16:05:00,3,Textiles
DEF-00524,M001,2025-05-19 17:15:00,5,Cotton
DEF-00525,M001,2025-05-19 17:55:00,39,Circuit Board
DEF-00526,M001,2025-05-19 18:35:00,17,Aluminum
DEF-00527,M001,2025-05-19 19:30:00,40,Reprocessed Plastics
DEF-00528,M001,2025-05-19 20:00:00,6,Machine Component
DEF-00529,M001,2025-05-19 21:35:00,9,Textiles
DEF-00530,M001,2025-05-19 21:50:00,3,Steel
DEF-00531,M001,2025-05-19 22:30:00,17,Coolant
DEF-00532,M001,2025-05-20 00:30:00,9,Textiles
DEF-00533,M001,2025-05-20 01:00:00,4,Plastic Resin
DEF-00534,M001,2025-05-20 06:10:00,0,Scrap Steel
DEF-00535,M001,2025-05-20 06:25:00,1,Solvent
DEF-00536,M001,2025-05-20 07:50:00,28,Textiles
DEF-00537,M001,2025-05-20 08:35:00,4,Reprocessed Plastics
DEF-00538,M001,2025-05-20 10:20:00,11,Scrap Steel
DEF-00539,M001,2025-05-20 10:35:00,28,Sheet Metal
DEF-00540,M001,2025-05-20 11:25:00,8,Circuit Board
DEF-00541,M001,2025-05-20 11:50:00,25,Textiles
DEF-00542,M001,2025-05-20 12:00:00,9,Textiles
DEF-00543,M001,2025-05-20 12:55:00,3,Industrial Oil
DEF-00544,M001,2025-05-20 14:25:00,21,Scrap Steel
DEF-00545,M001,2025-05-20 14:45:00,12,Machine Component
DEF-00546,M001,2025-05-20 16:00:00,2,Textiles
DEF-00547,M001,2025-05-20 16:45:00,13,Packaging
DEF-00548,M001,2025-05-20 17:20:00,31,Industrial Oil
DEF-00549,M001,2025-05-20 18:05:00,3,Aluminum
DEF-00550,M001,2025-05-20 18:40:00,38,Steel
DEF-00551,M001,2025-05-20 19:10:00,0,Aluminum
DEF-00552,M001,2025-05-20 19:35:00,16,Sheet Metal
DEF-00553,M001,2025-05-20 20:05:00,4,Sheet Metal
DEF-00554,M001,2025-05-21 00:00:00,3,Reprocessed Plastics
DEF-00555,M001,2025-05-21 00:10:00,6,Coolant
DEF-00556,M001,2025-05-21 00:50:00,0,Scrap Steel
DEF-00557,M001,2025-05-21 01:00:00,5,Polypropylene
DEF-00558,M001,2025-05-21 02:00:00,21,Catalyst
DEF-00559,M001,2025-05-21 04:05:00,3,Industrial Oil
DEF-00560,M001,2025-05-21 04:15:00,12,Solvent
DEF-00561,M001,2025-05-21 05:10:00,37,Plastic Resin
DEF-00562,M001,2025-05-21 05:15:00,8,Reprocessed Plastics
DEF-00563,M001,2025-05-21 06:15:00,17,Cotton
DEF-00564,M001,2025-05-21 07:20:00,17,Catalyst
DEF-00565,M001,2025-05-21 07:55:00,47,Catalyst
DEF-00566,M001,2025-05-21 08:40:00,12,Textiles
DEF-00567,M001,2025-05-21 09:20:00,7,Textiles
DEF-00568,M001,2025-05-21 09:35:00,5,Circuit Board
DEF-00569,M001,2025-05-21 10:35:00,27,Textiles
DEF-00570,M001,2025-05-21 11:05:00,3,Polypropylene
DEF-00571,M001,2025-05-21 11:30:00,9,Textiles
DEF-00572,M001,2025-05-21 11:40:00,13,Coolant
DEF-00573,M001,2025-05-21 12:20:00,28,Polypropylene
DEF-00574,M001,2025-05-21 12:25:00,8,Steel
DEF-00575,M001,2025-05-21 12:30:00,25,Scrap Steel
DEF-00576,M001,2025-05-21 13:05:00,7,Solvent
DEF-00577,M001,2025-05-21 13:45:00,12,Plastic Resin
DEF-00578,M001,2025-05-21 14:50:00,8,Circuit Board
DEF-00579,M001,2025-05-21 15:05:00,42,Machine Component
DEF-00580,M001,2025-05-21 16:35:00,14,Aluminum
DEF-00581,M001,2025-05-21 17:00:00,10,Solvent
DEF-00582,M001,2025-05-21 17:25:00,7,Cotton
DEF-00583,M001,2025-05-21 17:30:00,2,Sheet Metal
DEF-00584,M001,2025-05-21 17:55:00,46,Solvent
DEF-00585,M001,2025-05-21 18:15:00,7,Coolant
DEF-00586,M001,2025-05-21 20:10:00,6,Solvent
DEF-00587,M001,2025-05-21 20:35:00,22,Aluminum
DEF-00588,M001,2025-05-21 20:50:00,17,Scrap Steel
DEF-00589,M001,2025-05-21 21:20:00,12,Textiles
DEF-00590,M001,2025-05-21 22:15:00,11,Circuit Board
DEF-00591,M001,2025-05-22 00:35:00,18,Polypropylene
DEF-00592,M001,2025-05-22 00:50:00,25,Reprocessed Plastics
DEF-00593,M001,2025-05-22 00:55:00,5,Machine Component
DEF-00594,M001,2025-05-22 01:20:00,37,Circuit Board
DEF-00595,M001,2025-05-22 02:10:00,0,Scrap Steel
DEF-00596,M001,2025-05-22 03:35:00,21,Lead-Based Alloy
DEF-00597,M001,2025-05-22 03:40:00,4,Catalyst
DEF-00598,M001,2025-05-22 03:45:00,22,Sheet Metal
DEF-00599,M001,2025-05-22 04:45:00,5,Catalyst
DEF-00600,M001,2025-05-22 05:15:00,5,Machine Component
DEF-00601,M001,2025-05-22 05:20:00,16,Lead-Based Alloy
DEF-00602,M001,2025-05-22 05:30:00,36,Reprocessed Plastics
DEF-00603,M001,2025-05-22 05:50:00,22,Sheet Metal
DEF-00604,M001,2025-05-22 06:00:00,5,Textiles
DEF-00605,M001,2025-05-22 06:20:00,19,Reprocessed Plastics
DEF-00606,M001,2025-05-22 06:35:00,28,Cotton
DEF-00607,M001,2025-05-22 07:10:00,25,Packaging
DEF-00608,M001,2025-05-22 08:25:00,2,Scrap Steel
DEF-00609,M001,2025-05-22 08:35:00,35,Packaging
DEF-00610,M001,2025-05-22 10:00:00,23,Machine Component
DEF-00611,M001,2025-05-22 10:25:00,9,Solvent
DEF-00612,M001,2025-05-22 11:05:00,32,Coolant
DEF-00613,M001,2025-05-22 11:20:00,34,Aluminum
DEF-00614,M001,2025-05-22 11:30:00,26,Sheet Metal
DEF-00615,M001,2025-05-22 13:20:00,19,Industrial Oil
DEF-00616,M001,2025-05-22 13:25:00,18,Coolant
DEF-00617,M001,2025-05-22 14:30:00,5,Catalyst
DEF-00618,M001,2025-05-22 15:00:00,11,Solvent
DEF-00619,M001,2025-05-22 15:40:00,12,Circuit Board
DEF-00620,M001,2025-05-22 16:10:00,0,Reprocessed Plastics
DEF-00621,M001,2025-05-22 16:35:00,5,Plastic Resin
DEF-00622,M001,2025-05-22 18:10:00,9,Machine Component
DEF-00623,M001,2025-05-22 18:20:00,7,Circuit Board
DEF-00624,M001,2025-05-22 18:45:00,23,Circuit Board
DEF-00625,M001,2025-05-22 20:25:00,9,Machine Component
DEF-00626,M001,2025-05-22 21:50:00,32,Sheet Metal
DEF-00627,M001,2025-05-22 22:30:00,9,Solvent
DEF-00628,M001,2025-05-22 22:50:00,25,Solvent
DEF-00629,M001,2025-05-22 23:05:00,14,Lead-Based Alloy
DEF-00630,M001,2025-05-22 23:15:00,9,Solvent
DEF-00631,M001,2025-05-23 00:15:00,1,Coolant
DEF-00632,M001,2025-05-23 00:45:00,23,Scrap Steel
DEF-00633,M001,2025-05-23 01:00:00,28,Cotton
DEF-00634,M001,2025-05-23 01:15:00,11,Polypropylene
DEF-00635,M001,2025-05-23 03:30:00,16,Textiles
DEF-00636,M001,2025-05-23 04:05:00,30,Machine Component
DEF-00637,M001,2025-05-23 04:15:00,47,Industrial Oil
DEF-00638,M001,2025-05-23 04:40:00,19,Steel
DEF-00639,M001,2025-05-23 06:10:00,22,Solvent
DEF-00640,M001,2025-05-23 07:00:00,6,Solvent
DEF-00641,M001,2025-05-23 07:40:00,16,Reprocessed Plastics
DEF-00642,M001,2025-05-23 08:15:00,5,Scrap Steel
DEF-00643,M001,2025-05-23 08:45:00,10,Coolant
DEF-00644,M001,2025-05-23 09:00:00,16,Reprocessed Plastics
DEF-00645,M001,2025-05-23 09:10:00,1,Solvent
DEF-00646,M001,2025-05-23 09:45:00,3,Steel
DEF-00647,M001,2025-05-23 09:50:00,18,Catalyst
DEF-00648,M001,2025-05-23 11:55:00,6,Industrial Oil
DEF-00649,M001,2025-05-23 12:20:00,12,Solvent
DEF-00650,M001,2025-05-23 12:25:00,10,Machine Component
DEF-00651,M001,2025-05-23 14:00:00,5,Machine Component
DEF-00652,M001,2025-05-23 15:15:00,8,Circuit Board
DEF-00653,M001,2025-05-23 16:05:00,2,Industrial Oil
DEF-00654,M001,2025-05-23 16:45:00,41,Scrap Steel
DEF-00655,M001,2025-05-23 16:55:00,11,Steel
DEF-00656,M001,2025-05-23 18:55:00,7,Cotton
DEF-00657,M001,2025-05-23 19:50:00,13,Lead-Based Alloy
DEF-00658,M001,2025-05-23 20:35:00,15,Plastic Resin
DEF-00659,M001,2025-05-23 21:00:00,10,Circuit Board
DEF-00660,M001,2025-05-23 21:10:00,17,Textiles
DEF-00661,M001,2025-05-23 21:40:00,6,Polypropylene
DEF-00662,M001,2025-05-23 22:20:00,2,Reprocessed Plastics
DEF-00663,M001,2025-05-23 23:25:00,10,Sheet Metal
DEF-00664,M001,2025-05-24 00:00:00,4,Lead-Based Alloy
DEF-00665,M001,2025-05-24 00:05:00,26,Aluminum
DEF-00666,M001,2025-05-24 00:50:00,32,Solvent
DEF-00667,M001,2025-05-24 01:15:00,26,Catalyst
DEF-00668,M001,2025-05-24 03:20:00,23,Lead-Based Alloy
DEF-00669,M001,2025-05-24 04:00:00,7,Circuit Board
DEF-00670,M001,2025-05-24 04:40:00,0,Cotton
DEF-00671,M001,2025-05-24 05:20:00,9,Cotton
DEF-00672,M001,2025-05-24 05:35:00,14,Plastic Resin
DEF-00673,M001,2025-05-24 07:40:00,14,Steel
DEF-00674,M001,2025-05-24 07:50:00,8,Industrial Oil
DEF-00675,M001,2025-05-24 07:55:00,2,Machine Component
DEF-00676,M001,2025-05-24 08:35:00,3,Lead-Based Alloy
DEF-00677,M001,2025-05-24 08:55:00,10,Reprocessed Plastics
DEF-00678,M001,2025-05-24 09:05:00,19,Polypropylene
DEF-00679,M001,2025-05-24 09:45:00,7,Industrial Oil
DEF-00680,M001,2025-05-24 09:50:00,1,Scrap Steel
DEF-00681,M001,2025-05-24 10:00:00,42,Reprocessed Plastics
DEF-00682,M001,2025-05-24 10:05:00,19,Catalyst
DEF-00683,M001,2025-05-24 10:20:00,7,Solvent
DEF-00684,M001,2025-05-24 10:55:00,6,Aluminum
DEF-00685,M001,2025-05-24 11:35:00,13,Coolant
DEF-00686,M001,2025-05-24 12:00:00,14,Machine Component
DEF-00687,M001,2025-05-24 12:30:00,27,Sheet Metal
DEF-00688,M001,2025-05-24 13:15:00,12,Steel
DEF-00689,M001,2025-05-24 16:05:00,30,Packaging
DEF-00690,M001,2025-05-24 16:10:00,3,Lead-Based Alloy
DEF-00691,M001,2025-05-24 17:45:00,30,Sheet Metal
DEF-00692,M001,2025-05-24 18:50:00,12,Polypropylene
DEF-00693,M001,2025-05-24 18:55:00,3,Polypropylene
DEF-00694,M001,2025-05-24 20:55:00,1,Cotton
DEF-00695,M001,2025-05-24 21:25:00,3,Solvent
DEF-00696,M001,2025-05-24 22:05:00,9,Packaging
DEF-00697,M001,2025-05-24 22:25:00,13,Solvent
DEF-00698,M001,2025-05-24 23:00:00,45,Coolant
DEF-00699,M001,2025-05-25 00:05:00,3,Polypropylene
DEF-00700,M001,2025-05-25 01:30:00,2,Textiles
DEF-00701,M001,2025-05-25 02:45:00,19,Reprocessed Plastics
DEF-00702,M001,2025-05-25 03:25:00,9,Sheet Metal
DEF-00703,M001,2025-05-25 03:50:00,28,Solvent
DEF-00704,M001,2025-05-25 03:55:00,7,Scrap Steel
DEF-00705,M001,2025-05-25 04:00:00,4,Textiles
DEF-00706,M001,2025-05-25 04:05:00,10,Cotton
DEF-00707,M001,2025-05-25 05:30:00,6,Solvent
DEF-00708,M001,2025-05-25 05:55:00,28,Industrial Oil
DEF-00709,M001,2025-05-25 08:20:00,15,Packaging
DEF-00710,M001,2025-05-25 10:40:00,2,Lead-Based Alloy
DEF-00711,M001,2025-05-25 11:40:00,30,Reprocessed Plastics
DEF-00712,M001,2025-05-25 11:55:00,35,Circuit Board
DEF-00713,M001,2025-05-25 12:00:00,7,Coolant
DEF-00714,M001,2025-05-25 12:50:00,32,Circuit Board
DEF-00715,M001,2025-05-25 14:45:00,10,Solvent
DEF-00716,M001,2025-05-25 15:50:00,15,Machine Component
DEF-00717,M001,2025-05-25 16:00:00,16,Machine Component
DEF-00718,M001,2025-05-25 16:20:00,29,Scrap Steel
DEF-00719,M001,2025-05-25 17:05:00,5,Solvent
DEF-00720,M001,2025-05-25 19:40:00,19,Scrap Steel
DEF-00721,M001,2025-05-25 20:50:00,25,Plastic Resin
DEF-00722,M001,2025-05-25 21:10:00,23,Lead-Based Alloy
DEF-00723,M001,2025-05-25 21:20:00,5,Steel
DEF-00724,M001,2025-05-25 22:00:00,27,Solvent
DEF-00725,M001,2025-05-25 22:10:00,21,Packaging
DEF-00726,M001,2025-05-25 22:15:00,5,Lead-Based Alloy
DEF-00727,M001,2025-05-25 23:50:00,4,Solvent
DEF-00728,M001,2025-05-26 00:20:00,1,Circuit Board
DEF-00729,M001,2025-05-26 01:20:00,4,Machine Component
DEF-00730,M001,2025-05-26 02:55:00,29,Machine Component
DEF-00731,M001,2025-05-26 03:05:00,20,Scrap Steel
DEF-00732,M001,2025-05-26 03:35:00,0,Sheet Metal
DEF-00733,M001,2025-05-26 05:05:00,35,Lead-Based Alloy
DEF-00734,M001,2025-05-26 06:20:00,2,Machine Component
DEF-00735,M001,2025-05-26 06:45:00,14,Lead-Based Alloy
DEF-00736,M001,2025-05-26 06:50:00,7,Solvent
DEF-00737,M001,2025-05-26 07:30:00,10,Packaging
DEF-00738,M001,2025-05-26 07:45:00,5,Machine Component
DEF-00739,M001,2025-05-26 08:25:00,9,Scrap Steel
DEF-00740,M001,2025-05-26 09:40:00,7,Machine Component
DEF-00741,M001,2025-05-26 10:00:00,2,Lead-Based Alloy
DEF-00742,M001,2025-05-26 10:15:00,15,Packaging
DEF-00743,M001,2025-05-26 10:50:00,5,Lead-Based Alloy
DEF-00744,M001,2025-05-26 12:05:00,0,Circuit Board
DEF-00745,M001,2025-05-26 12:10:00,5,Textiles
DEF-00746,M001,2025-05-26 12:20:00,26,Solvent
DEF-00747,M001,2025-05-26 14:10:00,0,Packaging
DEF-00748,M001,2025-05-26 14:25:00,3,Textiles
DEF-00749,M001,2025-05-26 14:35:00,20,Scrap Steel
DEF-00750,M001,2025-05-26 15:05:00,27,Textiles
DEF-00751,M001,2025-05-26 15:10:00,5,Reprocessed Plastics
DEF-00752,M001,2025-05-26 16:20:00,17,Textiles
DEF-00753,M001,2025-05-26 16:35:00,43,Plastic Resin
DEF-00754,M001,2025-05-26 16:50:00,9,Coolant
DEF-00755,M001,2025-05-26 18:25:00,6,Machine Component
DEF-00756,M001,2025-05-26 18:40:00,20,Aluminum
DEF-00757,M001,2025-05-26 20:25:00,6,Textiles
DEF-00758,M001,2025-05-26 20:45:00,21,Polypropylene
DEF-00759,M001,2025-05-26 20:50:00,4,Aluminum
DEF-00760,M001,2025-05-26 21:15:00,19,Lead-Based Alloy
DEF-00761,M001,2025-05-26 21:30:00,4,Cotton
DEF-00762,M001,2025-05-26 21:45:00,5,Cotton
DEF-00763,M001,2025-05-26 21:50:00,20,Industrial Oil
DEF-00764,M001,2025-05-26 22:40:00,27,Lead-Based Alloy
DEF-00765,M001,2025-05-26 23:40:00,4,Steel
DEF-00766,M001,2025-05-27 00:05:00,16,Steel
DEF-00767,M001,2025-05-27 00:10:00,22,Cotton
DEF-00768,M001,2025-05-27 01:40:00,6,Coolant
DEF-00769,M001,2025-05-27 03:35:00,20,Coolant
DEF-00770,M001,2025-05-27 04:15:00,8,Reprocessed Plastics
DEF-00771,M001,2025-05-27 05:15:00,3,Catalyst
DEF-00772,M001,2025-05-27 07:05:00,12,Coolant
DEF-00773,M001,2025-05-27 07:15:00,8,Industrial Oil
DEF-00774,M001,2025-05-27 11:10:00,2,Plastic Resin
DEF-00775,M001,2025-05-27 13:10:00,14,Coolant
DEF-00776,M001,2025-05-27 14:45:00,29,Industrial Oil
DEF-00777,M001,2025-05-27 15:30:00,33,Steel
DEF-00778,M001,2025-05-27 16:25:00,11,Machine Component
DEF-00779,M001,2025-05-27 16:45:00,25,Sheet Metal
DEF-00780,M001,2025-05-27 18:25:00,39,Textiles
DEF-00781,M001,2025-05-27 18:40:00,12,Sheet Metal
DEF-00782,M001,2025-05-27 19:25:00,2,Industrial Oil
DEF-00783,M001,2025-05-27 19:50:00,37,Packaging
DEF-00784,M001,2025-05-27 20:55:00,16,Steel
DEF-00785,M001,2025-05-27 21:05:00,0,Lead-Based Alloy
DEF-00786,M001,2025-05-27 23:20:00,10,Coolant
DEF-00787,M001,2025-05-28 01:50:00,14,Circuit Board
DEF-00788,M001,2025-05-28 02:15:00,17,Solvent
DEF-00789,M001,2025-05-28 02:30:00,23,Solvent
DEF-00790,M001,2025-05-28 03:00:00,9,Lead-Based Alloy
DEF-00791,M001,2025-05-28 03:05:00,6,Steel
DEF-00792,M001,2025-05-28 03:20:00,12,Scrap Steel
DEF-00793,M001,2025-05-28 03:50:00,5,Steel
DEF-00794,M001,2025-05-28 05:35:00,24,Packaging
DEF-00795,M001,2025-05-28 06:20:00,22,Machine Component
DEF-00796,M001,2025-05-28 06:30:00,25,Machine Component
DEF-00797,M001,2025-05-28 06:40:00,41,Solvent
DEF-00798,M001,2025-05-28 07:00:00,17,Circuit Board
DEF-00799,M001,2025-05-28 07:25:00,2,Plastic Resin
DEF-00800,M001,2025-05-28 07:40:00,5,Textiles
DEF-00801,M001,2025-05-28 09:15:00,46,Catalyst
DEF-00802,M001,2025-05-28 09:20:00,6,Plastic Resin
DEF-00803,M001,2025-05-28 10:50:00,10,Textiles
DEF-00804,M001,2025-05-28 11:15:00,4,Textiles
DEF-00805,M001,2025-05-28 12:00:00,4,Plastic Resin
DEF-00806,M001,2025-05-28 13:55:00,1,Aluminum
DEF-00807,M001,2025-05-28 16:30:00,10,Machine Component
DEF-00808,M001,2025-05-28 19:30:00,8,Reprocessed Plastics
DEF-00809,M001,2025-05-28 20:10:00,15,Aluminum
DEF-00810,M001,2025-05-28 21:10:00,7,Polypropylene
DEF-00811,M001,2025-05-28 21:15:00,1,Plastic Resin
DEF-00812,M001,2025-05-28 22:05:00,23,Reprocessed Plastics
DEF-00813,M001,2025-05-29 02:25:00,13,Industrial Oil
DEF-00814,M001,2025-05-29 02:35:00,38,Reprocessed Plastics
DEF-00815,M001,2025-05-29 04:00:00,10,Lead-Based Alloy
DEF-00816,M001,2025-05-29 04:35:00,24,Industrial Oil
DEF-00817,M001,2025-05-29 05:55:00,30,Polypropylene
DEF-00818,M001,2025-05-29 07:50:00,4,Scrap Steel
DEF-00819,M001,2025-05-29 09:05:00,15,Lead-Based Alloy
DEF-00820,M001,2025-05-29 09:15:00,22,Coolant
DEF-00821,M001,2025-05-29 10:25:00,3,Scrap Steel
DEF-00822,M001,2025-05-29 12:15:00,16,Coolant
DEF-00823,M001,2025-05-29 13:25:00,5,Aluminum
DEF-00824,M001,2025-05-29 16:10:00,19,Sheet Metal
DEF-00825,M001,2025-05-29 17:20:00,1,Reprocessed Plastics
DEF-00826,M001,2025-05-29 18:30:00,15,Solvent
DEF-00827,M001,2025-05-29 18:40:00,0,Solvent
DEF-00828,M001,2025-05-29 18:45:00,22,Circuit Board
DEF-00829,M001,2025-05-29 19:05:00,18,Scrap Steel
DEF-00830,M001,2025-05-29 22:30:00,31,Steel
DEF-00831,M001,2025-05-29 23:40:00,16,Coolant
DEF-00832,M001,2025-05-30 00:40:00,28,Aluminum
DEF-00833,M001,2025-05-30 00:45:00,28,Lead-Based Alloy
DEF-00834,M001,2025-05-30 00:55:00,16,Polypropylene
DEF-00835,M001,2025-05-30 02:00:00,7,Aluminum
DEF-00836,M001,2025-05-30 02:50:00,21,Scrap Steel
DEF-00837,M001,2025-05-30 06:10:00,2,Aluminum
DEF-00838,M001,2025-05-30 07:20:00,23,Lead-Based Alloy
DEF-00839,M001,2025-05-30 07:25:00,1,Lead-Based Alloy
DEF-00840,M001,2025-05-30 08:40:00,25,Machine Component
DEF-00841,M001,2025-05-30 09:25:00,8,Plastic Resin
DEF-00842,M001,2025-05-30 10:15:00,9,Coolant
DEF-00843,M001,2025-05-30 10:20:00,15,Polypropylene
DEF-00844,M001,2025-05-30 10:40:00,17,Plastic Resin
DEF-00845,M001,2025-05-30 11:10:00,7,Circuit Board
DEF-00846,M001,2025-05-30 11:40:00,14,Packaging
DEF-00847,M001,2025-05-30 13:15:00,15,Solvent
DEF-00848,M001,2025-05-30 13:45:00,23,Plastic Resin
DEF-00849,M001,2025-05-30 14:35:00,4,Steel
DEF-00850,M001,2025-05-30 16:55:00,2,Scrap Steel
DEF-00851,M001,2025-05-30 17:35:00,42,Aluminum
DEF-00852,M001,2025-05-30 18:30:00,18,Reprocessed Plastics
DEF-00853,M001,2025-05-30 18:35:00,8,Steel
DEF-00854,M001,2025-05-30 19:50:00,14,Scrap Steel
DEF-00855,M001,2025-05-30 21:15:00,3,Coolant
DEF-00856,M001,2025-05-30 22:30:00,7,Circuit Board
DEF-00857,M001,2025-05-30 23:20:00,18,Cotton
DEF-00858,M001,2025-05-30 23:35:00,9,Aluminum
DEF-00859,M001,2025-05-31 00:05:00,15,Plastic Resin
DEF-00860,M001,2025-05-31 02:25:00,7,Scrap Steel
DEF-00861,M001,2025-05-31 04:15:00,6,Aluminum
DEF-00862,M001,2025-05-31 04:20:00,1,Aluminum
DEF-00863,M001,2025-05-31 07:30:00,15,Scrap Steel
DEF-00864,M001,2025-05-31 07:50:00,35,Reprocessed Plastics
DEF-00865,M001,2025-05-31 08:25:00,5,Scrap Steel
DEF-00866,M001,2025-05-31 09:10:00,2,Lead-Based Alloy
DEF-00867,M001,2025-05-31 10:15:00,20,Scrap Steel
DEF-00868,M001,2025-05-31 11:05:00,14,Machine Component
DEF-00869,M001,2025-05-31 12:55:00,7,Lead-Based Alloy
DEF-00870,M001,2025-05-31 13:15:00,11,Scrap Steel
DEF-00871,M001,2025-05-31 15:30:00,16,Lead-Based Alloy
DEF-00872,M001,2025-05-31 15:40:00,14,Packaging
DEF-00873,M001,2025-05-31 16:15:00,28,Reprocessed Plastics
DEF-00874,M001,2025-05-31 16:30:00,15,Steel
DEF-00875,M001,2025-05-31 16:45:00,19,Machine Component
DEF-00876,M001,2025-05-31 17:00:00,16,Lead-Based Alloy
DEF-00877,M001,2025-05-31 20:15:00,1,Solvent
DEF-00878,M001,2025-05-31 23:30:00,15,Solvent
DEF-00879,M001,2025-06-01 00:30:00,4,Solvent
DEF-00880,M001,2025-06-01 01:00:00,26,Reprocessed Plastics
DEF-00881,M001,2025-06-01 01:10:00,4,Sheet Metal
DEF-00882,M001,2025-06-01 01:50:00,2,Steel
DEF-00883,M001,2025-06-01 03:25:00,3,Coolant
DEF-00884,M001,2025-06-01 03:30:00,5,Polypropylene
DEF-00885,M001,2025-06-01 03:55:00,4,Scrap Steel
DEF-00886,M001,2025-06-01 04:55:00,1,Steel
DEF-00887,M001,2025-06-01 05:00:00,11,Lead-Based Alloy
DEF-00888,M001,2025-06-01 08:05:00,7,Machine Component
DEF-00889,M001,2025-06-01 08:15:00,6,Solvent
DEF-00890,M001,2025-06-01 08:20:00,20,Coolant
DEF-00891,M001,2025-06-01 08:40:00,6,Reprocessed Plastics
DEF-00892,M001,2025-06-01 08:50:00,19,Sheet Metal
DEF-00893,M001,2025-06-01 09:05:00,0,Reprocessed Plastics
DEF-00894,M001,2025-06-01 10:05:00,8,Sheet Metal
DEF-00895,M001,2025-06-01 11:05:00,10,Reprocessed Plastics
DEF-00896,M001,2025-06-01 12:30:00,40,Coolant
DEF-00897,M001,2025-06-01 13:05:00,4,Polypropylene
DEF-00898,M001,2025-06-01 13:10:00,26,Aluminum
DEF-00899,M001,2025-06-01 14:20:00,3,Circuit Board
DEF-00900,M001,2025-06-01 15:00:00,14,Circuit Board
DEF-00901,M001,2025-06-01 15:30:00,19,Plastic Resin
DEF-00902,M001,2025-06-01 17:00:00,24,Steel
DEF-00903,M001,2025-06-01 17:30:00,7,Sheet Metal
DEF-00904,M001,2025-06-01 17:35:00,31,Lead-Based Alloy
DEF-00905,M001,2025-06-01 17:40:00,26,Catalyst
DEF-00906,M001,2025-06-01 17:55:00,8,Scrap Steel
DEF-00907,M001,2025-06-01 18:10:00,32,Industrial Oil
DEF-00908,M001,2025-06-01 18:20:00,3,Lead-Based Alloy
DEF-00909,M001,2025-06-01 18:35:00,5,Polypropylene
DEF-00910,M001,2025-06-01 18:50:00,26,Coolant
DEF-00911,M001,2025-06-01 19:05:00,22,Textiles
DEF-00912,M001,2025-06-01 19:10:00,5,Aluminum
DEF-00913,M001,2025-06-01 19:45:00,26,Industrial Oil
DEF-00914,M001,2025-06-01 21:10:00,34,Aluminum
DEF-00915,M001,2025-06-01 22:20:00,10,Steel
DEF-00916,M001,2025-06-01 22:55:00,3,Scrap Steel
DEF-00917,M001,2025-06-01 23:10:00,10,Sheet Metal
DEF-00918,M001,2025-06-01 23:35:00,11,Catalyst
DEF-00919,M001,2025-06-02 00:15:00,9,Machine Component
DEF-00920,M001,2025-06-02 00:50:00,7,Scrap Steel
DEF-00921,M001,2025-06-02 00:55:00,5,Industrial Oil
DEF-00922,M001,2025-06-02 01:20:00,4,Lead-Based Alloy
DEF-00923,M001,2025-06-02 02:50:00,21,Polypropylene
DEF-00924,M001,2025-06-02 03:35:00,31,Reprocessed Plastics
DEF-00925,M001,2025-06-02 03:45:00,1,Textiles
DEF-00926,M001,2025-06-02 05:15:00,27,Solvent
DEF-00927,M001,2025-06-02 07:25:00,2,Polypropylene
DEF-00928,M001,2025-06-02 07:40:00,7,Circuit Board
DEF-00929,M001,2025-06-02 08:30:00,1,Reprocessed Plastics
DEF-00930,M001,2025-06-02 09:00:00,13,Solvent
DEF-00931,M001,2025-06-02 09:05:00,17,Scrap Steel
DEF-00932,M001,2025-06-02 09:20:00,26,Solvent
DEF-00933,M001,2025-06-02 11:30:00,7,Lead-Based Alloy
DEF-00934,M001,2025-06-02 11:50:00,1,Scrap Steel
DEF-00935,M001,2025-06-02 12:20:00,27,Industrial Oil
DEF-00936,M001,2025-06-02 12:30:00,22,Circuit Board
DEF-00937,M001,2025-06-02 12:35:00,26,Catalyst
DEF-00938,M001,2025-06-02 14:40:00,10,Sheet Metal
DEF-00939,M001,2025-06-02 14:45:00,7,Textiles
DEF-00940,M001,2025-06-02 15:35:00,38,Circuit Board
DEF-00941,M001,2025-06-02 17:50:00,21,Cotton
DEF-00942,M001,2025-06-02 18:05:00,25,Cotton
DEF-00943,M001,2025-06-02 18:15:00,0,Steel
DEF-00944,M001,2025-06-02 18:25:00,19,Catalyst
DEF-00945,M001,2025-06-02 18:30:00,22,Packaging
DEF-00946,M001,2025-06-02 18:40:00,20,Coolant
DEF-00947,M001,2025-06-02 19:45:00,8,Machine Component
DEF-00948,M001,2025-06-02 21:00:00,0,Solvent
DEF-00949,M001,2025-06-02 21:50:00,0,Lead-Based Alloy
DEF-00950,M001,2025-06-02 22:25:00,16,Cotton
DEF-00951,M001,2025-06-02 23:35:00,19,Circuit Board
DEF-00952,M001,2025-06-03 00:50:00,6,Industrial Oil
DEF-00953,M001,2025-06-03 01:40:00,12,Cotton
DEF-00954,M001,2025-06-03 04:20:00,1,Reprocessed Plastics
DEF-00955,M001,2025-06-03 04:30:00,6,Lead-Based Alloy
DEF-00956,M001,2025-06-03 05:05:00,5,Industrial Oil
DEF-00957,M001,2025-06-03 05:20:00,10,Solvent
DEF-00958,M001,2025-06-03 05:30:00,0,Scrap Steel
DEF-00959,M001,2025-06-03 05:45:00,16,Solvent
DEF-00960,M001,2025-06-03 05:50:00,21,Industrial Oil
DEF-00961,M001,2025-06-03 06:45:00,41,Textiles
DEF-00962,M001,2025-06-03 07:40:00,1,Sheet Metal
DEF-00963,M001,2025-06-03 08:30:00,9,Industrial Oil
DEF-00964,M001,2025-06-03 08:45:00,3,Aluminum
DEF-00965,M001,2025-06-03 11:15:00,16,Coolant
DEF-00966,M001,2025-06-03 12:00:00,3,Polypropylene
DEF-00967,M001,2025-06-03 13:00:00,9,Industrial Oil
DEF-00968,M001,2025-06-03 13:20:00,1,Reprocessed Plastics
DEF-00969,M001,2025-06-03 15:35:00,1,Sheet Metal
DEF-00970,M001,2025-06-03 15:40:00,13,Lead-Based Alloy
DEF-00971,M001,2025-06-03 17:00:00,4,Aluminum
DEF-00972,M001,2025-06-03 17:50:00,8,Catalyst
DEF-00973,M001,2025-06-03 21:35:00,13,Textiles
DEF-00974,M001,2025-06-03 22:10:00,28,Lead-Based Alloy
DEF-00975,M001,2025-06-03 22:25:00,13,Coolant
DEF-00976,M001,2025-06-03 23:50:00,0,Machine Component
DEF-00977,M001,2025-06-04 00:15:00,17,Textiles
DEF-00978,M001,2025-06-04 01:45:00,8,Scrap Steel
DEF-00979,M001,2025-06-04 04:10:00,45,Machine Component
DEF-00980,M001,2025-06-04 04:50:00,38,Reprocessed Plastics
DEF-00981,M001,2025-06-04 05:00:00,12,Industrial Oil
DEF-00982,M001,2025-06-04 07:10:00,29,Packaging
DEF-00983,M001,2025-06-04 08:50:00,0,Scrap Steel
DEF-00984,M001,2025-06-04 10:15:00,20,Catalyst
DEF-00985,M001,2025-06-04 11:45:00,11,Machine Component
DEF-00986,M001,2025-06-04 12:00:00,28,Circuit Board
DEF-00987,M001,2025-06-04 12:10:00,3,Reprocessed Plastics
DEF-00988,M001,2025-06-04 12:15:00,1,Solvent
DEF-00989,M001,2025-06-04 14:00:00,20,Catalyst
DEF-00990,M001,2025-06-04 16:20:00,9,Packaging
DEF-00991,M001,2025-06-04 17:50:00,4,Catalyst
DEF-00992,M001,2025-06-04 17:55:00,1,Reprocessed Plastics
DEF-00993,M001,2025-06-04 18:00:00,6,Lead-Based Alloy
DEF-00994,M001,2025-06-04 18:50:00,23,Industrial Oil
DEF-00995,M001,2025-06-04 19:05:00,6,Scrap Steel
DEF-00996,M001,2025-06-04 21:05:00,5,Polypropylene
DEF-00997,M001,2025-06-04 21:10:00,19,Polypropylene
DEF-00998,M001,2025-06-04 22:25:00,8,Packaging
DEF-00999,M001,2025-06-05 00:10:00,9,Solvent
DEF-01000,M001,2025-06-05 00:15:00,9,Industrial Oil
DEF-01001,M001,2025-06-05 00:30:00,2,Catalyst
DEF-01002,M001,2025-06-05 01:00:00,13,Polypropylene
DEF-01003,M002,2025-05-01 08:00:00,7,Polypropylene
DEF-01004,M002,2025-05-01 08:40:00,5,Reprocessed Plastics
DEF-01005,M002,2025-05-01 09:25:00,3,Packaging
DEF-01006,M002,2025-05-01 10:30:00,36,Machine Component
DEF-01007,M002,2025-05-01 10:35:00,3,Cotton
DEF-01008,M002,2025-05-01 10:45:00,9,Scrap Steel
DEF-01009,M002,2025-05-01 11:35:00,20,Aluminum
DEF-01010,M002,2025-05-01 11:50:00,14,Aluminum
DEF-01011,M002,2025-05-01 13:15:00,8,Machine Component
DEF-01012,M002,2025-05-01 14:00:00,4,Scrap Steel
DEF-01013,M002,2025-05-01 14:05:00,11,Scrap Steel
DEF-01014,M002,2025-05-01 14:30:00,20,Reprocessed Plastics
DEF-01015,M002,2025-05-01 15:10:00,11,Scrap Steel
DEF-01016,M002,2025-05-01 16:05:00,24,Coolant
DEF-01017,M002,2025-05-01 17:10:00,10,Reprocessed Plastics
DEF-01018,M002,2025-05-01 17:35:00,8,Sheet Metal
DEF-01019,M002,2025-05-01 18:20:00,4,Reprocessed Plastics
DEF-01020,M002,2025-05-01 18:30:00,22,Coolant
DEF-01021,M002,2025-05-01 19:45:00,13,Catalyst
DEF-01022,M002,2025-05-01 20:00:00,3,Scrap Steel
DEF-01023,M002,2025-05-01 21:55:00,1,Machine Component
DEF-01024,M002,2025-05-01 22:30:00,7,Reprocessed Plastics
DEF-01025,M002,2025-05-01 22:55:00,11,Packaging
DEF-01026,M002,2025-05-01 23:10:00,6,Cotton
DEF-01027,M002,2025-05-02 00:00:00,11,Coolant
DEF-01028,M002,2025-05-02 00:30:00,16,Catalyst
DEF-01029,M002,2025-05-02 00:35:00,24,Scrap Steel
DEF-01030,M002,2025-05-02 00:45:00,5,Reprocessed Plastics
DEF-01031,M002,2025-05-02 00:50:00,40,Lead-Based Alloy
DEF-01032,M002,2025-05-02 01:00:00,25,Textiles
DEF-01033,M002,2025-05-02 01:45:00,37,Solvent
DEF-01034,M002,2025-05-02 02:05:00,7,Packaging
DEF-01035,M002,2025-05-02 02:15:00,5,Lead-Based Alloy
DEF-01036,M002,2025-05-02 03:40:00,14,Lead-Based Alloy
DEF-01037,M002,2025-05-02 03:50:00,18,Solvent
DEF-01038,M002,2025-05-02 04:00:00,9,Machine Component
DEF-01039,M002,2025-05-02 04:25:00,8,Machine Component
DEF-01040,M002,2025-05-02 05:00:00,11,Lead-Based Alloy
DEF-01041,M002,2025-05-02 05:05:00,4,Aluminum
DEF-01042,M002,2025-05-02 05:40:00,16,Polypropylene
DEF-01043,M002,2025-05-02 06:40:00,2,Industrial Oil
DEF-01044,M002,2025-05-02 07:15:00,24,Reprocessed Plastics
DEF-01045,M002,2025-05-02 09:00:00,5,Circuit Board
DEF-01046,M002,2025-05-02 09:10:00,45,Packaging
DEF-01047,M002,2025-05-02 09:45:00,1,Sheet Metal
DEF-01048,M002,2025-05-02 10:25:00,14,Circuit Board
DEF-01049,M002,2025-05-02 10:40:00,8,Cotton
DEF-01050,M002,2025-05-02 10:45:00,37,Scrap Steel
DEF-01051,M002,2025-05-02 11:10:00,1,Cotton
DEF-01052,M002,2025-05-02 11:15:00,2,Steel
DEF-01053,M002,2025-05-02 12:10:00,6,Textiles
DEF-01054,M002,2025-05-02 13:45:00,36,Lead-Based Alloy
DEF-01055,M002,2025-05-02 16:00:00,23,Aluminum
DEF-01056,M002,2025-05-02 18:50:00,10,Reprocessed Plastics
DEF-01057,M002,2025-05-02 19:00:00,8,Solvent
DEF-01058,M002,2025-05-02 19:15:00,5,Plastic Resin
DEF-01059,M002,2025-05-02 20:55:00,1,Catalyst
DEF-01060,M002,2025-05-02 21:00:00,28,Scrap Steel
DEF-01061,M002,2025-05-02 21:15:00,2,Polypropylene
DEF-01062,M002,2025-05-02 21:30:00,1,Textiles
DEF-01063,M002,2025-05-02 21:45:00,1,Solvent
DEF-01064,M002,2025-05-02 22:30:00,20,Lead-Based Alloy
DEF-01065,M002,2025-05-02 22:55:00,29,Aluminum
DEF-01066,M002,2025-05-02 23:20:00,2,Solvent
DEF-01067,M002,2025-05-02 23:45:00,24,Coolant
DEF-01068,M002,2025-05-03 00:45:00,3,Catalyst
DEF-01069,M002,2025-05-03 02:20:00,2,Coolant
DEF-01070,M002,2025-05-03 02:35:00,26,Polypropylene
DEF-01071,M002,2025-05-03 03:40:00,37,Sheet Metal
DEF-01072,M002,2025-05-03 05:30:00,21,Plastic Resin
DEF-01073,M002,2025-05-03 06:05:00,26,Textiles
DEF-01074,M002,2025-05-03 07:35:00,12,Sheet Metal
DEF-01075,M002,2025-05-03 07:40:00,6,Steel
DEF-01076,M002,2025-05-03 09:25:00,40,Scrap Steel
DEF-01077,M002,2025-05-03 11:00:00,3,Sheet Metal
DEF-01078,M002,2025-05-03 11:45:00,36,Reprocessed Plastics
DEF-01079,M002,2025-05-03 12:00:00,17,Textiles
DEF-01080,M002,2025-05-03 12:05:00,33,Textiles
DEF-01081,M002,2025-05-03 12:10:00,1,Packaging
DEF-01082,M002,2025-05-03 12:15:00,28,Aluminum
DEF-01083,M002,2025-05-03 13:40:00,1,Circuit Board
DEF-01084,M002,2025-05-03 15:10:00,5,Plastic Resin
DEF-01085,M002,2025-05-03 15:25:00,8,Plastic Resin
DEF-01086,M002,2025-05-03 16:30:00,1,Circuit Board
DEF-01087,M002,2025-05-03 17:30:00,9,Solvent
DEF-01088,M002,2025-05-03 19:15:00,12,Reprocessed Plastics
DEF-01089,M002,2025-05-03 19:55:00,24,Sheet Metal
DEF-01090,M002,2025-05-03 21:05:00,17,Sheet Metal
DEF-01091,M002,2025-05-03 21:15:00,1,Coolant
DEF-01092,M002,2025-05-03 22:10:00,27,Packaging
DEF-01093,M002,2025-05-03 23:20:00,17,Scrap Steel
DEF-01094,M002,2025-05-04 01:35:00,11,Circuit Board
DEF-01095,M002,2025-05-04 03:00:00,5,Plastic Resin
DEF-01096,M002,2025-05-04 04:20:00,5,Steel
DEF-01097,M002,2025-05-04 05:20:00,6,Coolant
DEF-01098,M002,2025-05-04 07:10:00,29,Coolant
DEF-01099,M002,2025-05-04 10:00:00,34,Textiles
DEF-01100,M002,2025-05-04 10:10:00,2,Packaging
DEF-01101,M002,2025-05-04 10:55:00,23,Textiles
DEF-01102,M002,2025-05-04 11:55:00,22,Lead-Based Alloy
DEF-01103,M002,2025-05-04 13:20:00,35,Textiles
DEF-01104,M002,2025-05-04 14:05:00,24,Packaging
DEF-01105,M002,2025-05-04 15:20:00,12,Reprocessed Plastics
DEF-01106,M002,2025-05-04 15:50:00,17,Reprocessed Plastics
DEF-01107,M002,2025-05-04 16:20:00,14,Solvent
DEF-01108,M002,2025-05-04 16:50:00,33,Reprocessed Plastics
DEF-01109,M002,2025-05-04 16:55:00,4,Plastic Resin
DEF-01110,M002,2025-05-04 17:00:00,5,Aluminum
DEF-01111,M002,2025-05-04 18:10:00,4,Machine Component
DEF-01112,M002,2025-05-04 18:25:00,18,Solvent
DEF-01113,M002,2025-05-04 18:40:00,21,Textiles
DEF-01114,M002,2025-05-04 20:25:00,1,Steel
DEF-01115,M002,2025-05-04 21:05:00,7,Plastic Resin
DEF-01116,M002,2025-05-04 21:10:00,23,Industrial Oil
DEF-01117,M002,2025-05-04 21:35:00,8,Aluminum
DEF-01118,M002,2025-05-04 22:05:00,4,Scrap Steel
DEF-01119,M002,2025-05-04 22:25:00,1,Reprocessed Plastics
DEF-01120,M002,2025-05-04 22:35:00,16,Solvent
DEF-01121,M002,2025-05-04 23:25:00,14,Lead-Based Alloy
DEF-01122,M002,2025-05-04 23:35:00,6,Solvent
DEF-01123,M002,2025-05-05 00:10:00,13,Circuit Board
DEF-01124,M002,2025-05-05 00:40:00,6,Scrap Steel
DEF-01125,M002,2025-05-05 01:35:00,23,Reprocessed Plastics
DEF-01126,M002,2025-05-05 01:40:00,16,Textiles
DEF-01127,M002,2025-05-05 02:10:00,8,Reprocessed Plastics
DEF-01128,M002,2025-05-05 04:05:00,4,Industrial Oil
DEF-01129,M002,2025-05-05 05:20:00,1,Reprocessed Plastics
DEF-01130,M002,2025-05-05 05:40:00,14,Scrap Steel
DEF-01131,M002,2025-05-05 05:55:00,4,Sheet Metal
DEF-01132,M002,2025-05-05 06:10:00,14,Sheet Metal
DEF-01133,M002,2025-05-05 07:20:00,8,Coolant
DEF-01134,M002,2025-05-05 07:50:00,10,Textiles
DEF-01135,M002,2025-05-05 10:35:00,32,Textiles
DEF-01136,M002,2025-05-05 12:35:00,19,Lead-Based Alloy
DEF-01137,M002,2025-05-05 13:10:00,29,Lead-Based Alloy
DEF-01138,M002,2025-05-05 20:05:00,2,Sheet Metal
DEF-01139,M002,2025-05-05 22:30:00,5,Cotton
DEF-01140,M002,2025-05-05 22:45:00,3,Packaging
DEF-01141,M002,2025-05-06 00:05:00,29,Coolant
DEF-01142,M002,2025-05-06 00:10:00,11,Machine Component
DEF-01143,M002,2025-05-06 02:25:00,1,Reprocessed Plastics
DEF-01144,M002,2025-05-06 02:30:00,13,Scrap Steel
DEF-01145,M002,2025-05-06 02:35:00,18,Lead-Based Alloy
DEF-01146,M002,2025-05-06 04:05:00,29,Aluminum
DEF-01147,M002,2025-05-06 04:15:00,5,Aluminum
DEF-01148,M002,2025-05-06 04:40:00,3,Coolant
DEF-01149,M002,2025-05-06 06:40:00,29,Packaging
DEF-01150,M002,2025-05-06 09:25:00,3,Packaging
DEF-01151,M002,2025-05-06 09:35:00,44,Industrial Oil
DEF-01152,M002,2025-05-06 09:40:00,6,Solvent
DEF-01153,M002,2025-05-06 10:05:00,7,Scrap Steel
DEF-01154,M002,2025-05-06 11:20:00,0,Scrap Steel
DEF-01155,M002,2025-05-06 12:30:00,25,Coolant
DEF-01156,M002,2025-05-06 13:10:00,2,Scrap Steel
DEF-01157,M002,2025-05-06 14:50:00,26,Machine Component
DEF-01158,M002,2025-05-06 15:10:00,9,Machine Component
DEF-01159,M002,2025-05-06 15:30:00,23,Steel
DEF-01160,M002,2025-05-06 15:45:00,32,Coolant
DEF-01161,M002,2025-05-06 16:20:00,34,Packaging
DEF-01162,M002,2025-05-06 17:00:00,11,Scrap Steel
DEF-01163,M002,2025-05-06 18:25:00,15,Solvent
DEF-01164,M002,2025-05-06 19:00:00,0,Catalyst
DEF-01165,M002,2025-05-06 19:05:00,2,Catalyst
DEF-01166,M002,2025-05-06 19:30:00,6,Lead-Based Alloy
DEF-01167,M002,2025-05-06 20:45:00,10,Industrial Oil
DEF-01168,M002,2025-05-06 20:50:00,6,Textiles
DEF-01169,M002,2025-05-06 22:10:00,10,Reprocessed Plastics
DEF-01170,M002,2025-05-06 23:05:00,29,Textiles
DEF-01171,M002,2025-05-06 23:35:00,1,Catalyst
DEF-01172,M002,2025-05-07 00:05:00,14,Coolant
DEF-01173,M002,2025-05-07 00:25:00,17,Solvent
DEF-01174,M002,2025-05-07 00:30:00,6,Reprocessed Plastics
DEF-01175,M002,2025-05-07 02:00:00,9,Reprocessed Plastics
DEF-01176,M002,2025-05-07 03:05:00,2,Solvent
DEF-01177,M002,2025-05-07 03:10:00,37,Lead-Based Alloy
DEF-01178,M002,2025-05-07 05:30:00,5,Solvent
DEF-01179,M002,2025-05-07 07:40:00,13,Coolant
DEF-01180,M002,2025-05-07 08:05:00,13,Packaging
DEF-01181,M002,2025-05-07 08:10:00,19,Plastic Resin
DEF-01182,M002,2025-05-07 08:40:00,21,Lead-Based Alloy
DEF-01183,M002,2025-05-07 09:05:00,25,Catalyst
DEF-01184,M002,2025-05-07 09:30:00,1,Solvent
DEF-01185,M002,2025-05-07 10:10:00,20,Cotton
DEF-01186,M002,2025-05-07 10:45:00,9,Aluminum
DEF-01187,M002,2025-05-07 11:10:00,1,Cotton
DEF-01188,M002,2025-05-07 11:55:00,21,Cotton
DEF-01189,M002,2025-05-07 12:15:00,13,Textiles
DEF-01190,M002,2025-05-07 14:10:00,10,Solvent
DEF-01191,M002,2025-05-07 16:45:00,21,Catalyst
DEF-01192,M002,2025-05-07 17:00:00,14,Solvent
DEF-01193,M002,2025-05-07 17:10:00,9,Sheet Metal
DEF-01194,M002,2025-05-07 17:50:00,1,Scrap Steel
DEF-01195,M002,2025-05-07 19:45:00,3,Solvent
DEF-01196,M002,2025-05-07 20:05:00,24,Aluminum
DEF-01197,M002,2025-05-07 20:40:00,11,Circuit Board
DEF-01198,M002,2025-05-07 21:55:00,14,Cotton
DEF-01199,M002,2025-05-07 22:10:00,10,Textiles
DEF-01200,M002,2025-05-08 00:50:00,5,Circuit Board
DEF-01201,M002,2025-05-08 01:00:00,7,Machine Component
DEF-01202,M002,2025-05-08 01:30:00,3,Steel
DEF-01203,M002,2025-05-08 03:00:00,14,Cotton
DEF-01204,M002,2025-05-08 03:20:00,4,Circuit Board
DEF-01205,M002,2025-05-08 04:35:00,14,Circuit Board
DEF-01206,M002,2025-05-08 05:15:00,17,Solvent
DEF-01207,M002,2025-05-08 05:45:00,19,Catalyst
DEF-01208,M002,2025-05-08 07:10:00,33,Sheet Metal
DEF-01209,M002,2025-05-08 07:20:00,22,Machine Component
DEF-01210,M002,2025-05-08 07:55:00,10,Circuit Board
DEF-01211,M002,2025-05-08 09:15:00,5,Coolant
DEF-01212,M002,2025-05-08 09:55:00,26,Scrap Steel
DEF-01213,M002,2025-05-08 10:35:00,9,Catalyst
DEF-01214,M002,2025-05-08 10:55:00,1,Circuit Board
DEF-01215,M002,2025-05-08 11:30:00,13,Plastic Resin
DEF-01216,M002,2025-05-08 14:25:00,1,Circuit Board
DEF-01217,M002,2025-05-08 15:45:00,3,Steel
DEF-01218,M002,2025-05-08 15:55:00,2,Aluminum
DEF-01219,M002,2025-05-08 16:00:00,5,Cotton
DEF-01220,M002,2025-05-08 17:50:00,19,Lead-Based Alloy
DEF-01221,M002,2025-05-08 18:20:00,32,Scrap Steel
DEF-01222,M002,2025-05-08 19:30:00,10,Sheet Metal
DEF-01223,M002,2025-05-08 19:45:00,13,Plastic Resin
DEF-01224,M002,2025-05-08 21:10:00,20,Polypropylene
DEF-01225,M002,2025-05-08 21:20:00,42,Industrial Oil
DEF-01226,M002,2025-05-08 21:25:00,5,Packaging
DEF-01227,M002,2025-05-08 21:30:00,23,Aluminum
DEF-01228,M002,2025-05-08 22:45:00,10,Lead-Based Alloy
DEF-01229,M002,2025-05-08 23:20:00,15,Coolant
DEF-01230,M002,2025-05-09 00:50:00,11,Steel
DEF-01231,M002,2025-05-09 01:30:00,30,Scrap Steel
DEF-01232,M002,2025-05-09 03:25:00,22,Packaging
DEF-01233,M002,2025-05-09 06:05:00,2,Solvent
DEF-01234,M002,2025-05-09 06:45:00,3,Textiles
DEF-01235,M002,2025-05-09 07:35:00,41,Machine Component
DEF-01236,M002,2025-05-09 08:15:00,5,Industrial Oil
DEF-01237,M002,2025-05-09 08:35:00,9,Steel
DEF-01238,M002,2025-05-09 09:30:00,2,Steel
DEF-01239,M002,2025-05-09 09:35:00,20,Coolant
DEF-01240,M002,2025-05-09 11:35:00,1,Sheet Metal
DEF-01241,M002,2025-05-09 12:30:00,33,Lead-Based Alloy
DEF-01242,M002,2025-05-09 13:25:00,23,Steel
DEF-01243,M002,2025-05-09 13:40:00,2,Circuit Board
DEF-01244,M002,2025-05-09 14:05:00,30,Scrap Steel
DEF-01245,M002,2025-05-09 14:10:00,13,Circuit Board
DEF-01246,M002,2025-05-09 14:15:00,6,Machine Component
DEF-01247,M002,2025-05-09 17:05:00,5,Aluminum
DEF-01248,M002,2025-05-09 17:50:00,1,Coolant
DEF-01249,M002,2025-05-09 18:20:00,5,Reprocessed Plastics
DEF-01250,M002,2025-05-09 19:20:00,24,Reprocessed Plastics
DEF-01251,M002,2025-05-09 20:50:00,3,Lead-Based Alloy
DEF-01252,M002,2025-05-09 22:55:00,1,Steel
DEF-01253,M002,2025-05-09 23:30:00,21,Industrial Oil
DEF-01254,M002,2025-05-10 02:15:00,10,Reprocessed Plastics
DEF-01255,M002,2025-05-10 02:20:00,34,Reprocessed Plastics
DEF-01256,M002,2025-05-10 02:45:00,1,Lead-Based Alloy
DEF-01257,M002,2025-05-10 03:25:00,21,Lead-Based Alloy
DEF-01258,M002,2025-05-10 04:35:00,15,Plastic Resin
DEF-01259,M002,2025-05-10 05:50:00,5,Coolant
DEF-01260,M002,2025-05-10 06:05:00,11,Industrial Oil
DEF-01261,M002,2025-05-10 06:50:00,0,Machine Component
DEF-01262,M002,2025-05-10 07:35:00,27,Lead-Based Alloy
DEF-01263,M002,2025-05-10 07:40:00,9,Circuit Board
DEF-01264,M002,2025-05-10 07:50:00,11,Lead-Based Alloy
DEF-01265,M002,2025-05-10 08:00:00,11,Machine Component
DEF-01266,M002,2025-05-10 08:20:00,3,Machine Component
DEF-01267,M002,2025-05-10 09:20:00,3,Plastic Resin
DEF-01268,M002,2025-05-10 09:45:00,42,Solvent
DEF-01269,M002,2025-05-10 11:05:00,11,Packaging
DEF-01270,M002,2025-05-10 11:15:00,25,Plastic Resin
DEF-01271,M002,2025-05-10 11:40:00,10,Reprocessed Plastics
DEF-01272,M002,2025-05-10 13:40:00,1,Industrial Oil
DEF-01273,M002,2025-05-10 15:05:00,14,Sheet Metal
DEF-01274,M002,2025-05-10 15:10:00,10,Textiles
DEF-01275,M002,2025-05-10 15:30:00,9,Coolant
DEF-01276,M002,2025-05-10 16:25:00,10,Sheet Metal
DEF-01277,M002,2025-05-10 17:15:00,14,Plastic Resin
DEF-01278,M002,2025-05-10 17:30:00,30,Coolant
DEF-01279,M002,2025-05-10 17:35:00,7,Aluminum
DEF-01280,M002,2025-05-10 17:45:00,2,Cotton
DEF-01281,M002,2025-05-10 18:55:00,4,Aluminum
DEF-01282,M002,2025-05-10 20:00:00,41,Aluminum
DEF-01283,M002,2025-05-10 20:20:00,3,Reprocessed Plastics
DEF-01284,M002,2025-05-10 20:40:00,15,Lead-Based Alloy
DEF-01285,M002,2025-05-10 22:50:00,16,Circuit Board
DEF-01286,M002,2025-05-11 00:50:00,22,Reprocessed Plastics
DEF-01287,M002,2025-05-11 01:40:00,25,Polypropylene
DEF-01288,M002,2025-05-11 02:35:00,6,Cotton
DEF-01289,M002,2025-05-11 03:30:00,25,Steel
DEF-01290,M002,2025-05-11 04:35:00,24,Reprocessed Plastics
DEF-01291,M002,2025-05-11 05:45:00,18,Cotton
DEF-01292,M002,2025-05-11 05:55:00,8,Scrap Steel
DEF-01293,M002,2025-05-11 06:10:00,0,Lead-Based Alloy
DEF-01294,M002,2025-05-11 06:30:00,21,Cotton
DEF-01295,M002,2025-05-11 06:50:00,34,Plastic Resin
DEF-01296,M002,2025-05-11 07:10:00,4,Circuit Board
DEF-01297,M002,2025-05-11 07:15:00,8,Reprocessed Plastics
DEF-01298,M002,2025-05-11 10:15:00,32,Scrap Steel
DEF-01299,M002,2025-05-11 10:55:00,5,Plastic Resin
DEF-01300,M002,2025-05-11 11:50:00,15,Cotton
DEF-01301,M002,2025-05-11 12:15:00,33,Solvent
DEF-01302,M002,2025-05-11 12:50:00,24,Plastic Resin
DEF-01303,M002,2025-05-11 13:05:00,26,Textiles
DEF-01304,M002,2025-05-11 13:35:00,15,Textiles
DEF-01305,M002,2025-05-11 13:45:00,7,Plastic Resin
DEF-01306,M002,2025-05-11 15:55:00,9,Cotton
DEF-01307,M002,2025-05-11 17:15:00,1,Packaging
DEF-01308,M002,2025-05-11 17:50:00,0,Machine Component
DEF-01309,M002,2025-05-11 19:05:00,1,Sheet Metal
DEF-01310,M002,2025-05-11 19:30:00,19,Scrap Steel
DEF-01311,M002,2025-05-11 20:35:00,18,Polypropylene
DEF-01312,M002,2025-05-11 20:55:00,25,Catalyst
DEF-01313,M002,2025-05-11 21:15:00,8,Catalyst
DEF-01314,M002,2025-05-11 23:00:00,18,Packaging
DEF-01315,M002,2025-05-11 23:10:00,14,Sheet Metal
DEF-01316,M002,2025-05-11 23:30:00,20,Circuit Board
DEF-01317,M002,2025-05-12 01:25:00,1,Solvent
DEF-01318,M002,2025-05-12 02:00:00,2,Aluminum
DEF-01319,M002,2025-05-12 02:40:00,4,Textiles
DEF-01320,M002,2025-05-12 02:55:00,8,Cotton
DEF-01321,M002,2025-05-12 03:20:00,2,Scrap Steel
DEF-01322,M002,2025-05-12 03:50:00,35,Circuit Board
DEF-01323,M002,2025-05-12 04:00:00,2,Industrial Oil
DEF-01324,M002,2025-05-12 04:30:00,21,Industrial Oil
DEF-01325,M002,2025-05-12 05:10:00,25,Lead-Based Alloy
DEF-01326,M002,2025-05-12 05:40:00,26,Lead-Based Alloy
DEF-01327,M002,2025-05-12 07:05:00,24,Cotton
DEF-01328,M002,2025-05-12 08:15:00,24,Circuit Board
DEF-01329,M002,2025-05-12 08:50:00,26,Industrial Oil
DEF-01330,M002,2025-05-12 09:05:00,4,Lead-Based Alloy
DEF-01331,M002,2025-05-12 11:25:00,11,Catalyst
DEF-01332,M002,2025-05-12 13:20:00,11,Industrial Oil
DEF-01333,M002,2025-05-12 14:10:00,13,Circuit Board
DEF-01334,M002,2025-05-12 14:55:00,22,Lead-Based Alloy
DEF-01335,M002,2025-05-12 15:10:00,6,Packaging
DEF-01336,M002,2025-05-12 16:00:00,9,Steel
DEF-01337,M002,2025-05-12 16:25:00,19,Steel
DEF-01338,M002,2025-05-12 17:00:00,6,Solvent
DEF-01339,M002,2025-05-12 17:05:00,16,Machine Component
DEF-01340,M002,2025-05-12 18:30:00,1,Reprocessed Plastics
DEF-01341,M002,2025-05-12 18:40:00,14,Lead-Based Alloy
DEF-01342,M002,2025-05-12 18:45:00,18,Sheet Metal
DEF-01343,M002,2025-05-12 18:50:00,4,Polypropylene
DEF-01344,M002,2025-05-12 18:55:00,17,Reprocessed Plastics
DEF-01345,M002,2025-05-12 19:20:00,10,Textiles
DEF-01346,M002,2025-05-12 19:25:00,15,Sheet Metal
DEF-01347,M002,2025-05-12 21:15:00,34,Steel
DEF-01348,M002,2025-05-12 21:50:00,46,Reprocessed Plastics
DEF-01349,M002,2025-05-13 00:10:00,12,Cotton
DEF-01350,M002,2025-05-13 00:45:00,0,Polypropylene
DEF-01351,M002,2025-05-13 00:50:00,22,Industrial Oil
DEF-01352,M002,2025-05-13 02:10:00,11,Sheet Metal
DEF-01353,M002,2025-05-13 05:00:00,32,Polypropylene
DEF-01354,M002,2025-05-13 07:45:00,32,Scrap Steel
DEF-01355,M002,2025-05-13 08:40:00,42,Packaging
DEF-01356,M002,2025-05-13 09:20:00,32,Reprocessed Plastics
DEF-01357,M002,2025-05-13 09:55:00,19,Coolant
DEF-01358,M002,2025-05-13 10:35:00,10,Solvent
DEF-01359,M002,2025-05-13 12:45:00,11,Reprocessed Plastics
DEF-01360,M002,2025-05-13 13:45:00,12,Coolant
DEF-01361,M002,2025-05-13 15:05:00,12,Packaging
DEF-01362,M002,2025-05-13 16:05:00,26,Packaging
DEF-01363,M002,2025-05-13 17:05:00,7,Catalyst
DEF-01364,M002,2025-05-13 17:15:00,19,Lead-Based Alloy
DEF-01365,M002,2025-05-13 18:30:00,23,Lead-Based Alloy
DEF-01366,M002,2025-05-13 18:55:00,38,Sheet Metal
DEF-01367,M002,2025-05-13 20:30:00,1,Sheet Metal
DEF-01368,M002,2025-05-13 21:05:00,19,Plastic Resin
DEF-01369,M002,2025-05-13 21:10:00,42,Solvent
DEF-01370,M002,2025-05-13 22:05:00,21,Solvent
DEF-01371,M002,2025-05-13 22:20:00,3,Solvent
DEF-01372,M002,2025-05-13 22:40:00,35,Industrial Oil
DEF-01373,M002,2025-05-13 23:00:00,33,Scrap Steel
DEF-01374,M002,2025-05-13 23:20:00,15,Lead-Based Alloy
DEF-01375,M002,2025-05-13 23:45:00,1,Sheet Metal
DEF-01376,M002,2025-05-14 00:00:00,23,Lead-Based Alloy
DEF-01377,M002,2025-05-14 01:35:00,38,Catalyst
DEF-01378,M002,2025-05-14 02:15:00,4,Machine Component
DEF-01379,M002,2025-05-14 02:20:00,5,Scrap Steel
DEF-01380,M002,2025-05-14 02:25:00,2,Scrap Steel
DEF-01381,M002,2025-05-14 03:00:00,5,Aluminum
DEF-01382,M002,2025-05-14 03:20:00,16,Reprocessed Plastics
DEF-01383,M002,2025-05-14 03:25:00,14,Coolant
DEF-01384,M002,2025-05-14 04:15:00,2,Catalyst
DEF-01385,M002,2025-05-14 04:20:00,17,Polypropylene
DEF-01386,M002,2025-05-14 04:40:00,3,Packaging
DEF-01387,M002,2025-05-14 05:10:00,2,Coolant
DEF-01388,M002,2025-05-14 05:25:00,12,Polypropylene
DEF-01389,M002,2025-05-14 05:30:00,5,Industrial Oil
DEF-01390,M002,2025-05-14 05:35:00,2,Reprocessed Plastics
DEF-01391,M002,2025-05-14 05:50:00,1,Packaging
DEF-01392,M002,2025-05-14 06:35:00,9,Catalyst
DEF-01393,M002,2025-05-14 06:50:00,7,Coolant
DEF-01394,M002,2025-05-14 07:30:00,22,Scrap Steel
DEF-01395,M002,2025-05-14 07:55:00,30,Catalyst
DEF-01396,M002,2025-05-14 08:05:00,16,Coolant
DEF-01397,M002,2025-05-14 08:30:00,18,Circuit Board
DEF-01398,M002,2025-05-14 09:30:00,37,Lead-Based Alloy
DEF-01399,M002,2025-05-14 09:45:00,17,Scrap Steel
DEF-01400,M002,2025-05-14 09:50:00,7,Circuit Board
DEF-01401,M002,2025-05-14 09:55:00,4,Solvent
DEF-01402,M002,2025-05-14 10:05:00,24,Industrial Oil
DEF-01403,M002,2025-05-14 10:55:00,10,Machine Component
DEF-01404,M002,2025-05-14 11:40:00,11,Steel
DEF-01405,M002,2025-05-14 11:55:00,5,Catalyst
DEF-01406,M002,2025-05-14 12:15:00,10,Plastic Resin
DEF-01407,M002,2025-05-14 12:40:00,35,Polypropylene
DEF-01408,M002,2025-05-14 14:20:00,46,Catalyst
DEF-01409,M002,2025-05-14 14:50:00,10,Scrap Steel
DEF-01410,M002,2025-05-14 15:00:00,10,Catalyst
DEF-01411,M002,2025-05-14 15:20:00,8,Lead-Based Alloy
DEF-01412,M002,2025-05-14 16:45:00,0,Polypropylene
DEF-01413,M002,2025-05-14 17:45:00,5,Polypropylene
DEF-01414,M002,2025-05-14 19:15:00,26,Circuit Board
DEF-01415,M002,2025-05-14 20:15:00,12,Scrap Steel
DEF-01416,M002,2025-05-14 21:40:00,20,Polypropylene
DEF-01417,M002,2025-05-14 22:30:00,26,Lead-Based Alloy
DEF-01418,M002,2025-05-14 22:40:00,8,Coolant
DEF-01419,M002,2025-05-15 00:25:00,3,Sheet Metal
DEF-01420,M002,2025-05-15 01:05:00,8,Solvent
DEF-01421,M002,2025-05-15 01:55:00,17,Machine Component
DEF-01422,M002,2025-05-15 03:15:00,21,Coolant
DEF-01423,M002,2025-05-15 04:45:00,2,Aluminum
DEF-01424,M002,2025-05-15 05:05:00,28,Catalyst
DEF-01425,M002,2025-05-15 05:10:00,35,Lead-Based Alloy
DEF-01426,M002,2025-05-15 05:40:00,34,Solvent
DEF-01427,M002,2025-05-15 06:05:00,24,Sheet Metal
DEF-01428,M002,2025-05-15 06:50:00,9,Packaging
DEF-01429,M002,2025-05-15 06:55:00,43,Machine Component
DEF-01430,M002,2025-05-15 07:00:00,8,Scrap Steel
DEF-01431,M002,2025-05-15 07:05:00,29,Circuit Board
DEF-01432,M002,2025-05-15 08:30:00,15,Packaging
DEF-01433,M002,2025-05-15 08:45:00,7,Cotton
DEF-01434,M002,2025-05-15 08:55:00,7,Sheet Metal
DEF-01435,M002,2025-05-15 09:10:00,8,Lead-Based Alloy
DEF-01436,M002,2025-05-15 09:15:00,10,Packaging
DEF-01437,M002,2025-05-15 09:40:00,7,Coolant
DEF-01438,M002,2025-05-15 11:20:00,2,Reprocessed Plastics
DEF-01439,M002,2025-05-15 11:45:00,6,Sheet Metal
DEF-01440,M002,2025-05-15 13:00:00,14,Aluminum
DEF-01441,M002,2025-05-15 13:50:00,5,Plastic Resin
DEF-01442,M002,2025-05-15 14:00:00,3,Aluminum
DEF-01443,M002,2025-05-15 15:35:00,1,Scrap Steel
DEF-01444,M002,2025-05-15 16:25:00,33,Industrial Oil
DEF-01445,M002,2025-05-15 16:50:00,19,Steel
DEF-01446,M002,2025-05-15 19:45:00,9,Solvent
DEF-01447,M002,2025-05-15 20:10:00,24,Solvent
DEF-01448,M002,2025-05-15 20:40:00,24,Textiles
DEF-01449,M002,2025-05-15 20:45:00,15,Reprocessed Plastics
DEF-01450,M002,2025-05-15 20:50:00,3,Lead-Based Alloy
DEF-01451,M002,2025-05-15 21:25:00,6,Industrial Oil
DEF-01452,M002,2025-05-15 22:15:00,9,Machine Component
DEF-01453,M002,2025-05-15 22:45:00,13,Textiles
DEF-01454,M002,2025-05-15 23:20:00,8,Reprocessed Plastics
DEF-01455,M002,2025-05-16 00:05:00,26,Machine Component
DEF-01456,M002,2025-05-16 00:30:00,3,Lead-Based Alloy
DEF-01457,M002,2025-05-16 01:05:00,12,Circuit Board
DEF-01458,M002,2025-05-16 01:20:00,15,Catalyst
DEF-01459,M002,2025-05-16 01:55:00,9,Packaging
DEF-01460,M002,2025-05-16 03:05:00,8,Textiles
DEF-01461,M002,2025-05-16 03:45:00,11,Industrial Oil
DEF-01462,M002,2025-05-16 05:45:00,8,Sheet Metal
DEF-01463,M002,2025-05-16 06:05:00,31,Machine Component
DEF-01464,M002,2025-05-16 07:00:00,14,Packaging
DEF-01465,M002,2025-05-16 07:20:00,2,Coolant
DEF-01466,M002,2025-05-16 07:30:00,0,Plastic Resin
DEF-01467,M002,2025-05-16 07:55:00,14,Scrap Steel
DEF-01468,M002,2025-05-16 08:10:00,30,Lead-Based Alloy
DEF-01469,M002,2025-05-16 08:25:00,2,Packaging
DEF-01470,M002,2025-05-16 08:40:00,9,Lead-Based Alloy
DEF-01471,M002,2025-05-16 10:25:00,17,Lead-Based Alloy
DEF-01472,M002,2025-05-16 11:30:00,31,Textiles
DEF-01473,M002,2025-05-16 12:15:00,19,Lead-Based Alloy
DEF-01474,M002,2025-05-16 12:40:00,15,Solvent
DEF-01475,M002,2025-05-16 13:10:00,15,Circuit Board
DEF-01476,M002,2025-05-16 13:20:00,1,Machine Component
DEF-01477,M002,2025-05-16 16:20:00,2,Industrial Oil
DEF-01478,M002,2025-05-16 18:35:00,20,Industrial Oil
DEF-01479,M002,2025-05-16 18:45:00,1,Industrial Oil
DEF-01480,M002,2025-05-16 19:30:00,8,Packaging
DEF-01481,M002,2025-05-16 20:00:00,15,Cotton
DEF-01482,M002,2025-05-16 20:25:00,11,Lead-Based Alloy
DEF-01483,M002,2025-05-16 20:50:00,9,Scrap Steel
DEF-01484,M002,2025-05-16 21:30:00,25,Plastic Resin
DEF-01485,M002,2025-05-16 22:10:00,15,Lead-Based Alloy
DEF-01486,M002,2025-05-16 22:15:00,14,Industrial Oil
DEF-01487,M002,2025-05-16 22:45:00,27,Lead-Based Alloy
DEF-01488,M002,2025-05-16 22:50:00,7,Industrial Oil
DEF-01489,M002,2025-05-16 23:45:00,6,Packaging
DEF-01490,M002,2025-05-17 00:15:00,0,Steel
DEF-01491,M002,2025-05-17 00:20:00,9,Reprocessed Plastics
DEF-01492,M002,2025-05-17 00:30:00,19,Steel
DEF-01493,M002,2025-05-17 01:30:00,5,Catalyst
DEF-01494,M002,2025-05-17 02:20:00,2,Packaging
DEF-01495,M002,2025-05-17 02:25:00,17,Solvent
DEF-01496,M002,2025-05-17 03:00:00,18,Lead-Based Alloy
DEF-01497,M002,2025-05-17 03:25:00,13,Reprocessed Plastics
DEF-01498,M002,2025-05-17 03:30:00,3,Packaging
DEF-01499,M002,2025-05-17 04:00:00,3,Polypropylene
DEF-01500,M002,2025-05-17 05:20:00,1,Cotton
DEF-01501,M002,2025-05-17 08:25:00,8,Catalyst
DEF-01502,M002,2025-05-17 08:35:00,18,Textiles
DEF-01503,M002,2025-05-17 10:25:00,6,Textiles
DEF-01504,M002,2025-05-17 13:20:00,7,Textiles
DEF-01505,M002,2025-05-17 13:30:00,1,Packaging
DEF-01506,M002,2025-05-17 15:25:00,4,Packaging
DEF-01507,M002,2025-05-17 16:00:00,21,Steel
DEF-01508,M002,2025-05-17 16:05:00,19,Solvent
DEF-01509,M002,2025-05-17 16:55:00,12,Coolant
DEF-01510,M002,2025-05-17 17:15:00,9,Plastic Resin
DEF-01511,M002,2025-05-17 19:00:00,1,Circuit Board
DEF-01512,M002,2025-05-17 19:25:00,14,Circuit Board
DEF-01513,M002,2025-05-17 20:10:00,46,Cotton
DEF-01514,M002,2025-05-17 22:40:00,3,Textiles
DEF-01515,M002,2025-05-17 23:15:00,8,Aluminum
DEF-01516,M002,2025-05-17 23:55:00,3,Scrap Steel
DEF-01517,M002,2025-05-18 00:00:00,1,Solvent
DEF-01518,M002,2025-05-18 02:10:00,5,Machine Component
DEF-01519,M002,2025-05-18 02:15:00,1,Machine Component
DEF-01520,M002,2025-05-18 02:25:00,15,Aluminum
DEF-01521,M002,2025-05-18 03:45:00,19,Packaging
DEF-01522,M002,2025-05-18 03:55:00,23,Machine Component
DEF-01523,M002,2025-05-18 04:55:00,42,Catalyst
DEF-01524,M002,2025-05-18 05:35:00,2,Circuit Board
DEF-01525,M002,2025-05-18 06:00:00,20,Circuit Board
DEF-01526,M002,2025-05-18 06:40:00,10,Lead-Based Alloy
DEF-01527,M002,2025-05-18 08:00:00,8,Packaging
DEF-01528,M002,2025-05-18 08:15:00,24,Reprocessed Plastics
DEF-01529,M002,2025-05-18 08:25:00,8,Coolant
DEF-01530,M002,2025-05-18 10:10:00,17,Lead-Based Alloy
DEF-01531,M002,2025-05-18 11:35:00,11,Sheet Metal
DEF-01532,M002,2025-05-18 12:40:00,2,Solvent
DEF-01533,M002,2025-05-18 12:50:00,14,Packaging
DEF-01534,M002,2025-05-18 13:25:00,19,Reprocessed Plastics
DEF-01535,M002,2025-05-18 14:10:00,22,Cotton
DEF-01536,M002,2025-05-18 14:25:00,34,Packaging
DEF-01537,M002,2025-05-18 17:20:00,8,Cotton
DEF-01538,M002,2025-05-18 18:00:00,0,Coolant
DEF-01539,M002,2025-05-18 18:45:00,4,Catalyst
DEF-01540,M002,2025-05-18 19:05:00,7,Catalyst
DEF-01541,M002,2025-05-18 20:45:00,3,Plastic Resin
DEF-01542,M002,2025-05-18 21:05:00,4,Coolant
DEF-01543,M002,2025-05-18 21:15:00,37,Cotton
DEF-01544,M002,2025-05-18 21:25:00,2,Coolant
DEF-01545,M002,2025-05-18 22:40:00,5,Coolant
DEF-01546,M002,2025-05-19 00:05:00,17,Reprocessed Plastics
DEF-01547,M002,2025-05-19 00:15:00,32,Coolant
DEF-01548,M002,2025-05-19 01:05:00,15,Cotton
DEF-01549,M002,2025-05-19 01:30:00,4,Scrap Steel
DEF-01550,M002,2025-05-19 01:35:00,13,Reprocessed Plastics
DEF-01551,M002,2025-05-19 02:55:00,33,Industrial Oil
DEF-01552,M002,2025-05-19 03:05:00,18,Solvent
DEF-01553,M002,2025-05-19 04:00:00,15,Sheet Metal
DEF-01554,M002,2025-05-19 04:40:00,4,Coolant
DEF-01555,M002,2025-05-19 05:10:00,1,Cotton
DEF-01556,M002,2025-05-19 05:15:00,7,Coolant
DEF-01557,M002,2025-05-19 05:55:00,15,Lead-Based Alloy
DEF-01558,M002,2025-05-19 07:55:00,21,Industrial Oil
DEF-01559,M002,2025-05-19 10:05:00,4,Reprocessed Plastics
DEF-01560,M002,2025-05-19 10:10:00,6,Packaging
DEF-01561,M002,2025-05-19 11:05:00,5,Reprocessed Plastics
DEF-01562,M002,2025-05-19 12:00:00,5,Cotton
DEF-01563,M002,2025-05-19 13:05:00,14,Reprocessed Plastics
DEF-01564,M002,2025-05-19 13:20:00,6,Plastic Resin
DEF-01565,M002,2025-05-19 14:25:00,4,Textiles
DEF-01566,M002,2025-05-19 16:15:00,13,Circuit Board
DEF-01567,M002,2025-05-19 16:55:00,10,Machine Component
DEF-01568,M002,2025-05-19 17:00:00,13,Industrial Oil
DEF-01569,M002,2025-05-19 17:45:00,2,Sheet Metal
DEF-01570,M002,2025-05-19 18:40:00,21,Cotton
DEF-01571,M002,2025-05-19 20:10:00,9,Cotton
DEF-01572,M002,2025-05-19 20:50:00,15,Aluminum
DEF-01573,M002,2025-05-19 21:00:00,20,Cotton
DEF-01574,M002,2025-05-19 21:15:00,5,Circuit Board
DEF-01575,M002,2025-05-19 21:20:00,1,Machine Component
DEF-01576,M002,2025-05-19 22:20:00,8,Sheet Metal
DEF-01577,M002,2025-05-19 23:40:00,0,Steel
DEF-01578,M002,2025-05-20 00:10:00,22,Steel
DEF-01579,M002,2025-05-20 00:35:00,20,Reprocessed Plastics
DEF-01580,M002,2025-05-20 03:00:00,3,Sheet Metal
DEF-01581,M002,2025-05-20 03:20:00,19,Machine Component
DEF-01582,M002,2025-05-20 03:55:00,20,Reprocessed Plastics
DEF-01583,M002,2025-05-20 04:20:00,11,Textiles
DEF-01584,M002,2025-05-20 07:10:00,18,Cotton
DEF-01585,M002,2025-05-20 09:05:00,11,Industrial Oil
DEF-01586,M002,2025-05-20 09:25:00,11,Sheet Metal
DEF-01587,M002,2025-05-20 12:05:00,17,Catalyst
DEF-01588,M002,2025-05-20 13:00:00,28,Packaging
DEF-01589,M002,2025-05-20 13:30:00,15,Industrial Oil
DEF-01590,M002,2025-05-20 14:00:00,25,Industrial Oil
DEF-01591,M002,2025-05-20 17:25:00,4,Lead-Based Alloy
DEF-01592,M002,2025-05-20 17:45:00,33,Textiles
DEF-01593,M002,2025-05-20 17:55:00,8,Scrap Steel
DEF-01594,M002,2025-05-20 18:10:00,3,Solvent
DEF-01595,M002,2025-05-20 18:15:00,14,Industrial Oil
DEF-01596,M002,2025-05-20 18:45:00,36,Reprocessed Plastics
DEF-01597,M002,2025-05-20 19:50:00,35,Cotton
DEF-01598,M002,2025-05-20 21:00:00,3,Lead-Based Alloy
DEF-01599,M002,2025-05-20 21:05:00,46,Cotton
DEF-01600,M002,2025-05-20 21:10:00,10,Circuit Board
DEF-01601,M002,2025-05-20 21:20:00,23,Plastic Resin
DEF-01602,M002,2025-05-20 23:00:00,40,Coolant
DEF-01603,M002,2025-05-20 23:15:00,14,Packaging
DEF-01604,M002,2025-05-21 00:35:00,15,Circuit Board
DEF-01605,M002,2025-05-21 00:45:00,3,Solvent
DEF-01606,M002,2025-05-21 00:55:00,1,Plastic Resin
DEF-01607,M002,2025-05-21 01:25:00,7,Industrial Oil
DEF-01608,M002,2025-05-21 01:35:00,38,Machine Component
DEF-01609,M002,2025-05-21 02:25:00,5,Solvent
DEF-01610,M002,2025-05-21 04:30:00,39,Aluminum
DEF-01611,M002,2025-05-21 04:50:00,11,Steel
DEF-01612,M002,2025-05-21 05:05:00,1,Catalyst
DEF-01613,M002,2025-05-21 05:55:00,10,Reprocessed Plastics
DEF-01614,M002,2025-05-21 06:20:00,40,Machine Component
DEF-01615,M002,2025-05-21 07:00:00,13,Catalyst
DEF-01616,M002,2025-05-21 07:25:00,3,Sheet Metal
DEF-01617,M002,2025-05-21 08:05:00,32,Plastic Resin
DEF-01618,M002,2025-05-21 08:10:00,28,Reprocessed Plastics
DEF-01619,M002,2025-05-21 09:15:00,24,Aluminum
DEF-01620,M002,2025-05-21 10:00:00,4,Textiles
DEF-01621,M002,2025-05-21 10:15:00,13,Industrial Oil
DEF-01622,M002,2025-05-21 11:10:00,22,Solvent
DEF-01623,M002,2025-05-21 13:00:00,18,Steel
DEF-01624,M002,2025-05-21 14:35:00,18,Packaging
DEF-01625,M002,2025-05-21 14:55:00,14,Polypropylene
DEF-01626,M002,2025-05-21 16:10:00,2,Lead-Based Alloy
DEF-01627,M002,2025-05-21 17:45:00,10,Steel
DEF-01628,M002,2025-05-21 19:05:00,13,Coolant
DEF-01629,M002,2025-05-21 19:10:00,7,Textiles
DEF-01630,M002,2025-05-21 21:25:00,6,Reprocessed Plastics
DEF-01631,M002,2025-05-21 22:25:00,17,Packaging
DEF-01632,M002,2025-05-22 01:30:00,7,Plastic Resin
DEF-01633,M002,2025-05-22 01:55:00,1,Scrap Steel
DEF-01634,M002,2025-05-22 03:30:00,9,Plastic Resin
DEF-01635,M002,2025-05-22 04:05:00,1,Cotton
DEF-01636,M002,2025-05-22 04:40:00,4,Reprocessed Plastics
DEF-01637,M002,2025-05-22 05:55:00,20,Circuit Board
DEF-01638,M002,2025-05-22 06:15:00,25,Solvent
DEF-01639,M002,2025-05-22 07:40:00,8,Solvent
DEF-01640,M002,2025-05-22 08:20:00,16,Machine Component
DEF-01641,M002,2025-05-22 09:40:00,9,Scrap Steel
DEF-01642,M002,2025-05-22 10:35:00,4,Polypropylene
DEF-01643,M002,2025-05-22 11:35:00,26,Coolant
DEF-01644,M002,2025-05-22 11:40:00,2,Solvent
DEF-01645,M002,2025-05-22 12:30:00,2,Solvent
DEF-01646,M002,2025-05-22 15:05:00,16,Solvent
DEF-01647,M002,2025-05-22 15:55:00,40,Reprocessed Plastics
DEF-01648,M002,2025-05-22 16:30:00,10,Textiles
DEF-01649,M002,2025-05-22 17:50:00,2,Polypropylene
DEF-01650,M002,2025-05-22 18:30:00,34,Scrap Steel
DEF-01651,M002,2025-05-22 19:10:00,8,Sheet Metal
DEF-01652,M002,2025-05-22 19:15:00,4,Circuit Board
DEF-01653,M002,2025-05-22 19:50:00,1,Coolant
DEF-01654,M002,2025-05-22 20:10:00,11,Textiles
DEF-01655,M002,2025-05-22 21:55:00,9,Reprocessed Plastics
DEF-01656,M002,2025-05-22 22:05:00,27,Lead-Based Alloy
DEF-01657,M002,2025-05-22 22:25:00,19,Catalyst
DEF-01658,M002,2025-05-23 00:25:00,16,Scrap Steel
DEF-01659,M002,2025-05-23 00:50:00,4,Reprocessed Plastics
DEF-01660,M002,2025-05-23 02:40:00,4,Circuit Board
DEF-01661,M002,2025-05-23 02:55:00,39,Lead-Based Alloy
DEF-01662,M002,2025-05-23 06:30:00,1,Packaging
DEF-01663,M002,2025-05-23 06:45:00,3,Sheet Metal
DEF-01664,M002,2025-05-23 07:50:00,27,Circuit Board
DEF-01665,M002,2025-05-23 08:25:00,9,Polypropylene
DEF-01666,M002,2025-05-23 10:30:00,5,Reprocessed Plastics
DEF-01667,M002,2025-05-23 10:50:00,37,Circuit Board
DEF-01668,M002,2025-05-23 12:10:00,12,Lead-Based Alloy
DEF-01669,M002,2025-05-23 13:55:00,16,Lead-Based Alloy
DEF-01670,M002,2025-05-23 14:05:00,18,Scrap Steel
DEF-01671,M002,2025-05-23 14:40:00,3,Lead-Based Alloy
DEF-01672,M002,2025-05-23 15:20:00,16,Scrap Steel
DEF-01673,M002,2025-05-23 16:10:00,5,Lead-Based Alloy
DEF-01674,M002,2025-05-23 16:35:00,29,Plastic Resin
DEF-01675,M002,2025-05-23 17:25:00,7,Steel
DEF-01676,M002,2025-05-23 17:30:00,6,Catalyst
DEF-01677,M002,2025-05-23 18:35:00,39,Plastic Resin
DEF-01678,M002,2025-05-23 19:10:00,0,Industrial Oil
DEF-01679,M002,2025-05-23 20:15:00,8,Scrap Steel
DEF-01680,M002,2025-05-23 20:25:00,4,Reprocessed Plastics
DEF-01681,M002,2025-05-23 22:05:00,15,Reprocessed Plastics
DEF-01682,M002,2025-05-23 23:15:00,6,Coolant
DEF-01683,M002,2025-05-24 00:20:00,22,Reprocessed Plastics
DEF-01684,M002,2025-05-24 01:30:00,16,Plastic Resin
DEF-01685,M002,2025-05-24 01:40:00,3,Textiles
DEF-01686,M002,2025-05-24 03:00:00,4,Machine Component
DEF-01687,M002,2025-05-24 03:30:00,22,Reprocessed Plastics
DEF-01688,M002,2025-05-24 04:20:00,4,Scrap Steel
DEF-01689,M002,2025-05-24 06:00:00,5,Circuit Board
DEF-01690,M002,2025-05-24 06:10:00,3,Textiles
DEF-01691,M002,2025-05-24 07:15:00,6,Reprocessed Plastics
DEF-01692,M002,2025-05-24 08:50:00,4,Aluminum
DEF-01693,M002,2025-05-24 09:00:00,15,Solvent
DEF-01694,M002,2025-05-24 09:10:00,11,Aluminum
DEF-01695,M002,2025-05-24 09:25:00,1,Polypropylene
DEF-01696,M002,2025-05-24 09:40:00,40,Reprocessed Plastics
DEF-01697,M002,2025-05-24 11:30:00,28,Lead-Based Alloy
DEF-01698,M002,2025-05-24 11:45:00,17,Lead-Based Alloy
DEF-01699,M002,2025-05-24 11:50:00,6,Packaging
DEF-01700,M002,2025-05-24 12:05:00,20,Reprocessed Plastics
DEF-01701,M002,2025-05-24 12:35:00,9,Reprocessed Plastics
DEF-01702,M002,2025-05-24 14:55:00,16,Textiles
DEF-01703,M002,2025-05-24 16:40:00,28,Packaging
DEF-01704,M002,2025-05-24 17:50:00,12,Solvent
DEF-01705,M002,2025-05-24 19:20:00,4,Lead-Based Alloy
DEF-01706,M002,2025-05-24 20:25:00,6,Steel
DEF-01707,M002,2025-05-24 20:45:00,14,Plastic Resin
DEF-01708,M002,2025-05-24 21:15:00,8,Sheet Metal
DEF-01709,M002,2025-05-24 22:20:00,6,Circuit Board
DEF-01710,M002,2025-05-24 23:15:00,19,Packaging
DEF-01711,M002,2025-05-24 23:20:00,11,Lead-Based Alloy
DEF-01712,M002,2025-05-24 23:30:00,1,Sheet Metal
DEF-01713,M002,2025-05-25 02:15:00,9,Textiles
DEF-01714,M002,2025-05-25 05:10:00,2,Solvent
DEF-01715,M002,2025-05-25 05:35:00,18,Plastic Resin
DEF-01716,M002,2025-05-25 06:10:00,16,Solvent
DEF-01717,M002,2025-05-25 06:15:00,12,Sheet Metal
DEF-01718,M002,2025-05-25 07:15:00,16,Circuit Board
DEF-01719,M002,2025-05-25 08:35:00,17,Industrial Oil
DEF-01720,M002,2025-05-25 08:40:00,13,Catalyst
DEF-01721,M002,2025-05-25 09:10:00,12,Packaging
DEF-01722,M002,2025-05-25 10:30:00,26,Catalyst
DEF-01723,M002,2025-05-25 14:30:00,39,Scrap Steel
DEF-01724,M002,2025-05-25 15:00:00,29,Machine Component
DEF-01725,M002,2025-05-25 15:55:00,2,Solvent
DEF-01726,M002,2025-05-25 17:30:00,7,Scrap Steel
DEF-01727,M002,2025-05-25 17:50:00,12,Textiles
DEF-01728,M002,2025-05-25 18:20:00,22,Catalyst
DEF-01729,M002,2025-05-25 18:25:00,9,Circuit Board
DEF-01730,M002,2025-05-25 18:35:00,27,Plastic Resin
DEF-01731,M002,2025-05-25 18:40:00,12,Coolant
DEF-01732,M002,2025-05-25 19:00:00,1,Solvent
DEF-01733,M002,2025-05-25 19:55:00,36,Lead-Based Alloy
DEF-01734,M002,2025-05-25 20:55:00,7,Coolant
DEF-01735,M002,2025-05-25 23:20:00,17,Solvent
DEF-01736,M002,2025-05-25 23:40:00,11,Lead-Based Alloy
DEF-01737,M002,2025-05-26 00:05:00,11,Scrap Steel
DEF-01738,M002,2025-05-26 00:40:00,10,Sheet Metal
DEF-01739,M002,2025-05-26 01:40:00,20,Catalyst
DEF-01740,M002,2025-05-26 01:45:00,1,Scrap Steel
DEF-01741,M002,2025-05-26 02:05:00,16,Aluminum
DEF-01742,M002,2025-05-26 03:15:00,7,Catalyst
DEF-01743,M002,2025-05-26 03:25:00,18,Industrial Oil
DEF-01744,M002,2025-05-26 03:40:00,7,Sheet Metal
DEF-01745,M002,2025-05-26 04:45:00,7,Textiles
DEF-01746,M002,2025-05-26 07:15:00,47,Circuit Board
DEF-01747,M002,2025-05-26 08:05:00,13,Coolant
DEF-01748,M002,2025-05-26 08:15:00,5,Industrial Oil
DEF-01749,M002,2025-05-26 10:20:00,11,Steel
DEF-01750,M002,2025-05-26 15:35:00,32,Machine Component
DEF-01751,M002,2025-05-26 17:40:00,23,Polypropylene
DEF-01752,M002,2025-05-26 18:15:00,23,Lead-Based Alloy
DEF-01753,M002,2025-05-26 18:50:00,12,Polypropylene
DEF-01754,M002,2025-05-26 18:55:00,3,Lead-Based Alloy
DEF-01755,M002,2025-05-26 21:00:00,28,Polypropylene
DEF-01756,M002,2025-05-26 21:10:00,29,Solvent
DEF-01757,M002,2025-05-26 22:25:00,19,Machine Component
DEF-01758,M002,2025-05-26 23:05:00,3,Industrial Oil
DEF-01759,M002,2025-05-27 00:45:00,17,Polypropylene
DEF-01760,M002,2025-05-27 01:20:00,19,Sheet Metal
DEF-01761,M002,2025-05-27 02:00:00,21,Plastic Resin
DEF-01762,M002,2025-05-27 02:15:00,16,Solvent
DEF-01763,M002,2025-05-27 03:20:00,1,Cotton
DEF-01764,M002,2025-05-27 03:40:00,21,Lead-Based Alloy
DEF-01765,M002,2025-05-27 04:25:00,2,Plastic Resin
DEF-01766,M002,2025-05-27 05:00:00,15,Machine Component
DEF-01767,M002,2025-05-27 05:30:00,7,Steel
DEF-01768,M002,2025-05-27 07:35:00,18,Lead-Based Alloy
DEF-01769,M002,2025-05-27 08:45:00,8,Industrial Oil
DEF-01770,M002,2025-05-27 09:15:00,35,Packaging
DEF-01771,M002,2025-05-27 10:55:00,2,Reprocessed Plastics
DEF-01772,M002,2025-05-27 11:00:00,9,Textiles
DEF-01773,M002,2025-05-27 11:35:00,17,Scrap Steel
DEF-01774,M002,2025-05-27 12:05:00,12,Lead-Based Alloy
DEF-01775,M002,2025-05-27 12:30:00,16,Plastic Resin
DEF-01776,M002,2025-05-27 14:05:00,15,Reprocessed Plastics
DEF-01777,M002,2025-05-27 16:05:00,17,Sheet Metal
DEF-01778,M002,2025-05-27 16:30:00,1,Packaging
DEF-01779,M002,2025-05-27 17:30:00,3,Cotton
DEF-01780,M002,2025-05-27 18:50:00,15,Sheet Metal
DEF-01781,M002,2025-05-27 19:00:00,29,Lead-Based Alloy
DEF-01782,M002,2025-05-27 20:25:00,18,Textiles
DEF-01783,M002,2025-05-27 21:00:00,4,Steel
DEF-01784,M002,2025-05-27 22:30:00,16,Coolant
DEF-01785,M002,2025-05-27 22:50:00,19,Aluminum
DEF-01786,M002,2025-05-27 23:45:00,8,Lead-Based Alloy
DEF-01787,M002,2025-05-28 00:15:00,4,Reprocessed Plastics
DEF-01788,M002,2025-05-28 00:20:00,15,Plastic Resin
DEF-01789,M002,2025-05-28 00:35:00,13,Aluminum
DEF-01790,M002,2025-05-28 02:35:00,22,Lead-Based Alloy
DEF-01791,M002,2025-05-28 03:30:00,6,Lead-Based Alloy
DEF-01792,M002,2025-05-28 03:40:00,1,Industrial Oil
DEF-01793,M002,2025-05-28 04:15:00,12,Packaging
DEF-01794,M002,2025-05-28 04:55:00,3,Scrap Steel
DEF-01795,M002,2025-05-28 07:50:00,24,Scrap Steel
DEF-01796,M002,2025-05-28 07:55:00,31,Steel
DEF-01797,M002,2025-05-28 08:10:00,18,Lead-Based Alloy
DEF-01798,M002,2025-05-28 08:30:00,12,Lead-Based Alloy
DEF-01799,M002,2025-05-28 08:45:00,3,Scrap Steel
DEF-01800,M002,2025-05-28 09:10:00,12,Lead-Based Alloy
DEF-01801,M002,2025-05-28 11:55:00,4,Steel
DEF-01802,M002,2025-05-28 13:50:00,35,Plastic Resin
DEF-01803,M002,2025-05-28 15:05:00,22,Steel
DEF-01804,M002,2025-05-28 16:40:00,4,Lead-Based Alloy
DEF-01805,M002,2025-05-28 16:55:00,9,Solvent
DEF-01806,M002,2025-05-28 17:00:00,20,Lead-Based Alloy
DEF-01807,M002,2025-05-28 17:05:00,19,Lead-Based Alloy
DEF-01808,M002,2025-05-28 17:25:00,3,Solvent
DEF-01809,M002,2025-05-28 17:40:00,17,Lead-Based Alloy
DEF-01810,M002,2025-05-28 20:00:00,20,Aluminum
DEF-01811,M002,2025-05-28 20:35:00,23,Polypropylene
DEF-01812,M002,2025-05-28 21:40:00,6,Scrap Steel
DEF-01813,M002,2025-05-28 21:45:00,14,Reprocessed Plastics
DEF-01814,M002,2025-05-28 21:50:00,36,Sheet Metal
DEF-01815,M002,2025-05-29 06:10:00,38,Catalyst
DEF-01816,M002,2025-05-29 07:55:00,2,Lead-Based Alloy
DEF-01817,M002,2025-05-29 08:25:00,9,Coolant
DEF-01818,M002,2025-05-29 10:15:00,2,Circuit Board
DEF-01819,M002,2025-05-29 11:30:00,16,Industrial Oil
DEF-01820,M002,2025-05-29 13:55:00,12,Catalyst
DEF-01821,M002,2025-05-29 16:45:00,28,Machine Component
DEF-01822,M002,2025-05-29 17:15:00,14,Coolant
DEF-01823,M002,2025-05-29 17:55:00,28,Circuit Board
DEF-01824,M002,2025-05-29 18:50:00,5,Aluminum
DEF-01825,M002,2025-05-29 19:15:00,23,Textiles
DEF-01826,M002,2025-05-29 19:45:00,11,Catalyst
DEF-01827,M002,2025-05-29 20:30:00,21,Machine Component
DEF-01828,M002,2025-05-29 21:15:00,34,Catalyst
DEF-01829,M002,2025-05-29 21:20:00,45,Polypropylene
DEF-01830,M002,2025-05-29 21:25:00,16,Coolant
DEF-01831,M002,2025-05-29 21:35:00,10,Industrial Oil
DEF-01832,M002,2025-05-29 21:55:00,7,Lead-Based Alloy
DEF-01833,M002,2025-05-29 22:40:00,3,Circuit Board
DEF-01834,M002,2025-05-29 23:45:00,21,Plastic Resin
DEF-01835,M002,2025-05-30 00:15:00,12,Industrial Oil
DEF-01836,M002,2025-05-30 01:55:00,15,Solvent
DEF-01837,M002,2025-05-30 02:20:00,16,Industrial Oil
DEF-01838,M002,2025-05-30 04:20:00,8,Packaging
DEF-01839,M002,2025-05-30 04:30:00,5,Reprocessed Plastics
DEF-01840,M002,2025-05-30 04:35:00,18,Solvent
DEF-01841,M002,2025-05-30 04:40:00,13,Coolant
DEF-01842,M002,2025-05-30 06:30:00,42,Lead-Based Alloy
DEF-01843,M002,2025-05-30 07:30:00,20,Catalyst
DEF-01844,M002,2025-05-30 07:35:00,17,Plastic Resin
DEF-01845,M002,2025-05-30 08:55:00,23,Catalyst
DEF-01846,M002,2025-05-30 09:00:00,14,Circuit Board
DEF-01847,M002,2025-05-30 09:30:00,22,Circuit Board
DEF-01848,M002,2025-05-30 11:05:00,0,Industrial Oil
DEF-01849,M002,2025-05-30 11:35:00,20,Reprocessed Plastics
DEF-01850,M002,2025-05-30 11:45:00,19,Solvent
DEF-01851,M002,2025-05-30 13:20:00,19,Catalyst
DEF-01852,M002,2025-05-30 14:55:00,3,Lead-Based Alloy
DEF-01853,M002,2025-05-30 15:10:00,3,Catalyst
DEF-01854,M002,2025-05-30 17:45:00,28,Polypropylene
DEF-01855,M002,2025-05-30 18:05:00,11,Scrap Steel
DEF-01856,M002,2025-05-30 18:10:00,7,Coolant
DEF-01857,M002,2025-05-30 19:15:00,13,Plastic Resin
DEF-01858,M002,2025-05-30 19:25:00,3,Lead-Based Alloy
DEF-01859,M002,2025-05-30 20:05:00,16,Scrap Steel
DEF-01860,M002,2025-05-30 20:35:00,11,Lead-Based Alloy
DEF-01861,M002,2025-05-30 20:40:00,14,Scrap Steel
DEF-01862,M002,2025-05-30 21:00:00,11,Plastic Resin
DEF-01863,M002,2025-05-30 21:40:00,11,Machine Component
DEF-01864,M002,2025-05-30 23:25:00,8,Scrap Steel
DEF-01865,M002,2025-05-31 00:30:00,7,Polypropylene
DEF-01866,M002,2025-05-31 00:50:00,16,Cotton
DEF-01867,M002,2025-05-31 02:15:00,0,Plastic Resin
DEF-01868,M002,2025-05-31 02:35:00,20,Textiles
DEF-01869,M002,2025-05-31 05:05:00,38,Machine Component
DEF-01870,M002,2025-05-31 05:10:00,6,Plastic Resin
DEF-01871,M002,2025-05-31 06:15:00,0,Scrap Steel
DEF-01872,M002,2025-05-31 06:55:00,4,Textiles
DEF-01873,M002,2025-05-31 08:15:00,2,Lead-Based Alloy
DEF-01874,M002,2025-05-31 08:50:00,9,Coolant
DEF-01875,M002,2025-05-31 09:00:00,11,Solvent
DEF-01876,M002,2025-05-31 09:55:00,30,Polypropylene
DEF-01877,M002,2025-05-31 10:40:00,28,Scrap Steel
DEF-01878,M002,2025-05-31 11:00:00,18,Polypropylene
DEF-01879,M002,2025-05-31 11:15:00,23,Industrial Oil
DEF-01880,M002,2025-05-31 12:05:00,17,Cotton
DEF-01881,M002,2025-05-31 12:30:00,1,Industrial Oil
DEF-01882,M002,2025-05-31 12:35:00,23,Machine Component
DEF-01883,M002,2025-05-31 13:20:00,27,Packaging
DEF-01884,M002,2025-05-31 14:25:00,10,Scrap Steel
DEF-01885,M002,2025-05-31 17:05:00,9,Catalyst
DEF-01886,M002,2025-05-31 17:20:00,5,Textiles
DEF-01887,M002,2025-05-31 19:55:00,16,Reprocessed Plastics
DEF-01888,M002,2025-05-31 20:20:00,9,Textiles
DEF-01889,M002,2025-05-31 21:05:00,14,Scrap Steel
DEF-01890,M002,2025-05-31 21:40:00,20,Cotton
DEF-01891,M002,2025-05-31 21:55:00,5,Circuit Board
DEF-01892,M002,2025-05-31 22:30:00,12,Reprocessed Plastics
DEF-01893,M002,2025-05-31 23:15:00,4,Scrap Steel
DEF-01894,M002,2025-06-01 01:05:00,0,Steel
DEF-01895,M002,2025-06-01 01:35:00,34,Industrial Oil
DEF-01896,M002,2025-06-01 02:15:00,7,Circuit Board
DEF-01897,M002,2025-06-01 02:20:00,17,Industrial Oil
DEF-01898,M002,2025-06-01 03:10:00,17,Aluminum
DEF-01899,M002,2025-06-01 03:45:00,10,Scrap Steel
DEF-01900,M002,2025-06-01 04:40:00,43,Coolant
DEF-01901,M002,2025-06-01 04:50:00,17,Solvent
DEF-01902,M002,2025-06-01 06:00:00,10,Reprocessed Plastics
DEF-01903,M002,2025-06-01 06:55:00,2,Catalyst
DEF-01904,M002,2025-06-01 07:15:00,17,Reprocessed Plastics
DEF-01905,M002,2025-06-01 07:50:00,11,Scrap Steel
DEF-01906,M002,2025-06-01 09:55:00,0,Packaging
DEF-01907,M002,2025-06-01 10:55:00,16,Scrap Steel
DEF-01908,M002,2025-06-01 11:15:00,4,Textiles
DEF-01909,M002,2025-06-01 11:25:00,13,Catalyst
DEF-01910,M002,2025-06-01 12:00:00,13,Circuit Board
DEF-01911,M002,2025-06-01 12:25:00,8,Industrial Oil
DEF-01912,M002,2025-06-01 12:40:00,3,Cotton
DEF-01913,M002,2025-06-01 13:20:00,14,Machine Component
DEF-01914,M002,2025-06-01 16:10:00,13,Aluminum
DEF-01915,M002,2025-06-01 17:05:00,7,Cotton
DEF-01916,M002,2025-06-01 18:15:00,0,Steel
DEF-01917,M002,2025-06-01 20:05:00,4,Solvent
DEF-01918,M002,2025-06-01 20:10:00,18,Textiles
DEF-01919,M002,2025-06-01 20:45:00,1,Packaging
DEF-01920,M002,2025-06-01 21:35:00,21,Machine Component
DEF-01921,M002,2025-06-01 21:40:00,14,Scrap Steel
DEF-01922,M002,2025-06-01 22:25:00,16,Polypropylene
DEF-01923,M002,2025-06-01 23:30:00,22,Steel
DEF-01924,M002,2025-06-01 23:50:00,2,Circuit Board
DEF-01925,M002,2025-06-02 00:25:00,37,Machine Component
DEF-01926,M002,2025-06-02 02:30:00,16,Solvent
DEF-01927,M002,2025-06-02 02:40:00,23,Polypropylene
DEF-01928,M002,2025-06-02 03:00:00,34,Reprocessed Plastics
DEF-01929,M002,2025-06-02 04:40:00,4,Lead-Based Alloy
DEF-01930,M002,2025-06-02 04:45:00,16,Circuit Board
DEF-01931,M002,2025-06-02 07:00:00,9,Polypropylene
DEF-01932,M002,2025-06-02 07:15:00,18,Packaging
DEF-01933,M002,2025-06-02 09:25:00,22,Lead-Based Alloy
DEF-01934,M002,2025-06-02 10:00:00,33,Scrap Steel
DEF-01935,M002,2025-06-02 10:05:00,35,Machine Component
DEF-01936,M002,2025-06-02 10:15:00,14,Scrap Steel
DEF-01937,M002,2025-06-02 10:25:00,2,Machine Component
DEF-01938,M002,2025-06-02 12:05:00,21,Scrap Steel
DEF-01939,M002,2025-06-02 12:10:00,18,Plastic Resin
DEF-01940,M002,2025-06-02 14:50:00,20,Catalyst
DEF-01941,M002,2025-06-02 15:05:00,9,Industrial Oil
DEF-01942,M002,2025-06-02 16:30:00,8,Textiles
DEF-01943,M002,2025-06-02 16:55:00,28,Packaging
DEF-01944,M002,2025-06-02 20:00:00,1,Lead-Based Alloy
DEF-01945,M002,2025-06-02 20:10:00,13,Solvent
DEF-01946,M002,2025-06-02 20:35:00,1,Catalyst
DEF-01947,M002,2025-06-02 22:05:00,24,Packaging
DEF-01948,M002,2025-06-02 22:10:00,15,Textiles
DEF-01949,M002,2025-06-02 22:40:00,2,Textiles
DEF-01950,M002,2025-06-02 22:50:00,9,Solvent
DEF-01951,M002,2025-06-02 23:05:00,10,Scrap Steel
DEF-01952,M002,2025-06-02 23:50:00,5,Reprocessed Plastics
DEF-01953,M002,2025-06-03 02:00:00,3,Solvent
DEF-01954,M002,2025-06-03 03:45:00,13,Circuit Board
DEF-01955,M002,2025-06-03 04:25:00,3,Scrap Steel
DEF-01956,M002,2025-06-03 04:40:00,1,Packaging
DEF-01957,M002,2025-06-03 07:50:00,1,Scrap Steel
DEF-01958,M002,2025-06-03 07:55:00,24,Packaging
DEF-01959,M002,2025-06-03 08:10:00,9,Steel
DEF-01960,M002,2025-06-03 10:20:00,8,Steel
DEF-01961,M002,2025-06-03 11:00:00,11,Coolant
DEF-01962,M002,2025-06-03 14:35:00,7,Catalyst
DEF-01963,M002,2025-06-03 15:05:00,5,Packaging
DEF-01964,M002,2025-06-03 15:15:00,18,Plastic Resin
DEF-01965,M002,2025-06-03 15:20:00,9,Textiles
DEF-01966,M002,2025-06-03 15:25:00,4,Cotton
DEF-01967,M002,2025-06-03 16:20:00,5,Plastic Resin
DEF-01968,M002,2025-06-03 18:25:00,31,Coolant
DEF-01969,M002,2025-06-03 18:40:00,1,Cotton
DEF-01970,M002,2025-06-03 18:55:00,48,Machine Component
DEF-01971,M002,2025-06-03 19:00:00,14,Steel
DEF-01972,M002,2025-06-03 19:20:00,15,Circuit Board
DEF-01973,M002,2025-06-03 20:10:00,23,Sheet Metal
DEF-01974,M002,2025-06-03 22:15:00,20,Scrap Steel
DEF-01975,M002,2025-06-03 23:40:00,23,Textiles
DEF-01976,M002,2025-06-03 23:55:00,20,Scrap Steel
DEF-01977,M002,2025-06-04 00:30:00,7,Solvent
DEF-01978,M002,2025-06-04 01:00:00,19,Circuit Board
DEF-01979,M002,2025-06-04 01:05:00,4,Polypropylene
DEF-01980,M002,2025-06-04 01:55:00,1,Machine Component
DEF-01981,M002,2025-06-04 02:10:00,28,Aluminum
DEF-01982,M002,2025-06-04 02:15:00,41,Plastic Resin
DEF-01983,M002,2025-06-04 02:40:00,9,Solvent
DEF-01984,M002,2025-06-04 02:45:00,13,Textiles
DEF-01985,M002,2025-06-04 03:35:00,3,Solvent
DEF-01986,M002,2025-06-04 04:15:00,7,Lead-Based Alloy
DEF-01987,M002,2025-06-04 04:20:00,9,Aluminum
DEF-01988,M002,2025-06-04 06:05:00,0,Reprocessed Plastics
DEF-01989,M002,2025-06-04 07:00:00,5,Reprocessed Plastics
DEF-01990,M002,2025-06-04 07:25:00,29,Packaging
DEF-01991,M002,2025-06-04 07:55:00,17,Solvent
DEF-01992,M002,2025-06-04 08:25:00,9,Sheet Metal
DEF-01993,M002,2025-06-04 09:25:00,27,Circuit Board
DEF-01994,M002,2025-06-04 09:45:00,28,Steel
DEF-01995,M002,2025-06-04 12:40:00,15,Circuit Board
DEF-01996,M002,2025-06-04 13:00:00,5,Cotton
DEF-01997,M002,2025-06-04 13:20:00,26,Solvent
DEF-01998,M002,2025-06-04 13:30:00,21,Solvent
DEF-01999,M002,2025-06-04 15:30:00,20,Industrial Oil
DEF-02000,M002,2025-06-04 17:30:00,5,Packaging
DEF-02001,M002,2025-06-04 17:40:00,5,Polypropylene
DEF-02002,M002,2025-06-04 20:15:00,2,Reprocessed Plastics
DEF-02003,M002,2025-06-04 20:45:00,5,Polypropylene
DEF-02004,M002,2025-06-04 22:05:00,1,Scrap Steel
DEF-02005,M002,2025-06-04 22:20:00,34,Reprocessed Plastics
DEF-02006,M002,2025-06-04 23:35:00,3,Polypropylene
DEF-02007,M002,2025-06-05 00:20:00,0,Reprocessed Plastics
DEF-02008,M002,2025-06-05 00:45:00,16,Textiles
DEF-02009,M002,2025-06-05 01:15:00,4,Scrap Steel
DEF-02010,M003,2025-05-01 08:20:00,20,Plastic Resin
DEF-02011,M003,2025-05-01 10:55:00,8,Scrap Steel
DEF-02012,M003,2025-05-01 12:05:00,1,Machine Component
DEF-02013,M003,2025-05-01 12:10:00,5,Lead-Based Alloy
DEF-02014,M003,2025-05-01 12:30:00,21,Scrap Steel
DEF-02015,M003,2025-05-01 13:25:00,39,Plastic Resin
DEF-02016,M003,2025-05-01 13:40:00,12,Circuit Board
DEF-02017,M003,2025-05-01 14:55:00,1,Lead-Based Alloy
DEF-02018,M003,2025-05-01 15:30:00,23,Industrial Oil
DEF-02019,M003,2025-05-01 17:00:00,9,Machine Component
DEF-02020,M003,2025-05-01 19:05:00,21,Polypropylene
DEF-02021,M003,2025-05-01 19:30:00,9,Scrap Steel
DEF-02022,M003,2025-05-01 19:40:00,26,Cotton
DEF-02023,M003,2025-05-01 20:10:00,25,Sheet Metal
DEF-02024,M003,2025-05-01 20:50:00,16,Circuit Board
DEF-02025,M003,2025-05-01 22:15:00,6,Lead-Based Alloy
DEF-02026,M003,2025-05-01 22:20:00,11,Steel
DEF-02027,M003,2025-05-01 22:45:00,24,Aluminum
DEF-02028,M003,2025-05-01 23:40:00,0,Catalyst
DEF-02029,M003,2025-05-01 23:45:00,1,Solvent
DEF-02030,M003,2025-05-02 00:55:00,5,Sheet Metal
DEF-02031,M003,2025-05-02 02:25:00,10,Machine Component
DEF-02032,M003,2025-05-02 02:55:00,21,Scrap Steel
DEF-02033,M003,2025-05-02 03:55:00,12,Machine Component
DEF-02034,M003,2025-05-02 05:55:00,4,Scrap Steel
DEF-02035,M003,2025-05-02 06:10:00,12,Lead-Based Alloy
DEF-02036,M003,2025-05-02 06:30:00,18,Reprocessed Plastics
DEF-02037,M003,2025-05-02 07:20:00,31,Cotton
DEF-02038,M003,2025-05-02 07:25:00,0,Textiles
DEF-02039,M003,2025-05-02 08:40:00,21,Industrial Oil
DEF-02040,M003,2025-05-02 09:15:00,22,Scrap Steel
DEF-02041,M003,2025-05-02 11:00:00,9,Circuit Board
DEF-02042,M003,2025-05-02 12:55:00,8,Lead-Based Alloy
DEF-02043,M003,2025-05-02 13:20:00,19,Steel
DEF-02044,M003,2025-05-02 13:40:00,12,Cotton
DEF-02045,M003,2025-05-02 14:10:00,1,Packaging
DEF-02046,M003,2025-05-02 14:35:00,5,Machine Component
DEF-02047,M003,2025-05-02 15:20:00,9,Coolant
DEF-02048,M003,2025-05-02 16:45:00,7,Lead-Based Alloy
DEF-02049,M003,2025-05-02 17:25:00,10,Solvent
DEF-02050,M003,2025-05-02 18:35:00,7,Scrap Steel
DEF-02051,M003,2025-05-02 18:40:00,16,Machine Component
DEF-02052,M003,2025-05-02 18:45:00,6,Solvent
DEF-02053,M003,2025-05-02 19:20:00,2,Machine Component
DEF-02054,M003,2025-05-02 19:55:00,17,Steel
DEF-02055,M003,2025-05-02 20:00:00,5,Reprocessed Plastics
DEF-02056,M003,2025-05-02 20:50:00,31,Solvent
DEF-02057,M003,2025-05-02 21:05:00,7,Steel
DEF-02058,M003,2025-05-02 23:40:00,16,Aluminum
DEF-02059,M003,2025-05-03 00:15:00,15,Sheet Metal
DEF-02060,M003,2025-05-03 00:40:00,18,Lead-Based Alloy
DEF-02061,M003,2025-05-03 01:05:00,13,Textiles
DEF-02062,M003,2025-05-03 02:10:00,31,Polypropylene
DEF-02063,M003,2025-05-03 02:55:00,17,Sheet Metal
DEF-02064,M003,2025-05-03 03:00:00,3,Solvent
DEF-02065,M003,2025-05-03 03:15:00,8,Lead-Based Alloy
DEF-02066,M003,2025-05-03 03:55:00,38,Polypropylene
DEF-02067,M003,2025-05-03 04:15:00,33,Reprocessed Plastics
DEF-02068,M003,2025-05-03 05:55:00,13,Cotton
DEF-02069,M003,2025-05-03 06:30:00,19,Coolant
DEF-02070,M003,2025-05-03 06:40:00,21,Polypropylene
DEF-02071,M003,2025-05-03 06:55:00,18,Textiles
DEF-02072,M003,2025-05-03 07:55:00,8,Aluminum
DEF-02073,M003,2025-05-03 08:10:00,12,Reprocessed Plastics
DEF-02074,M003,2025-05-03 08:30:00,7,Solvent
DEF-02075,M003,2025-05-03 09:15:00,11,Scrap Steel
DEF-02076,M003,2025-05-03 09:40:00,4,Packaging
DEF-02077,M003,2025-05-03 09:55:00,40,Reprocessed Plastics
DEF-02078,M003,2025-05-03 10:05:00,23,Packaging
DEF-02079,M003,2025-05-03 11:10:00,42,Aluminum
DEF-02080,M003,2025-05-03 13:20:00,0,Solvent
DEF-02081,M003,2025-05-03 14:10:00,12,Packaging
DEF-02082,M003,2025-05-03 18:30:00,4,Scrap Steel
DEF-02083,M003,2025-05-03 19:00:00,31,Scrap Steel
DEF-02084,M003,2025-05-03 20:05:00,9,Cotton
DEF-02085,M003,2025-05-03 20:10:00,14,Textiles
DEF-02086,M003,2025-05-03 20:35:00,29,Coolant
DEF-02087,M003,2025-05-03 20:50:00,4,Packaging
DEF-02088,M003,2025-05-03 21:20:00,36,Cotton
DEF-02089,M003,2025-05-03 23:05:00,4,Aluminum
DEF-02090,M003,2025-05-03 23:50:00,33,Solvent
DEF-02091,M003,2025-05-04 01:25:00,5,Catalyst
DEF-02092,M003,2025-05-04 02:15:00,1,Textiles
DEF-02093,M003,2025-05-04 02:55:00,18,Packaging
DEF-02094,M003,2025-05-04 04:05:00,33,Reprocessed Plastics
DEF-02095,M003,2025-05-04 04:30:00,12,Catalyst
DEF-02096,M003,2025-05-04 04:35:00,43,Circuit Board
DEF-02097,M003,2025-05-04 06:35:00,34,Solvent
DEF-02098,M003,2025-05-04 07:40:00,1,Cotton
DEF-02099,M003,2025-05-04 09:10:00,0,Industrial Oil
DEF-02100,M003,2025-05-04 09:30:00,1,Catalyst
DEF-02101,M003,2025-05-04 12:00:00,6,Aluminum
DEF-02102,M003,2025-05-04 12:35:00,22,Machine Component
DEF-02103,M003,2025-05-04 13:35:00,37,Aluminum
DEF-02104,M003,2025-05-04 14:00:00,1,Machine Component
DEF-02105,M003,2025-05-04 17:40:00,5,Sheet Metal
DEF-02106,M003,2025-05-04 17:50:00,2,Coolant
DEF-02107,M003,2025-05-04 19:30:00,6,Lead-Based Alloy
DEF-02108,M003,2025-05-04 19:35:00,1,Polypropylene
DEF-02109,M003,2025-05-04 19:55:00,12,Aluminum
DEF-02110,M003,2025-05-04 20:00:00,12,Aluminum
DEF-02111,M003,2025-05-04 20:20:00,4,Circuit Board
DEF-02112,M003,2025-05-04 21:40:00,30,Polypropylene
DEF-02113,M003,2025-05-05 00:05:00,8,Packaging
DEF-02114,M003,2025-05-05 01:30:00,2,Reprocessed Plastics
DEF-02115,M003,2025-05-05 01:50:00,5,Machine Component
DEF-02116,M003,2025-05-05 02:00:00,26,Solvent
DEF-02117,M003,2025-05-05 02:05:00,13,Industrial Oil
DEF-02118,M003,2025-05-05 02:20:00,1,Cotton
DEF-02119,M003,2025-05-05 03:35:00,3,Solvent
DEF-02120,M003,2025-05-05 03:50:00,12,Polypropylene
DEF-02121,M003,2025-05-05 04:40:00,43,Polypropylene
DEF-02122,M003,2025-05-05 05:10:00,14,Textiles
DEF-02123,M003,2025-05-05 07:00:00,19,Lead-Based Alloy
DEF-02124,M003,2025-05-05 07:05:00,25,Sheet Metal
DEF-02125,M003,2025-05-05 07:30:00,7,Packaging
DEF-02126,M003,2025-05-05 07:45:00,22,Machine Component
DEF-02127,M003,2025-05-05 08:45:00,11,Solvent
DEF-02128,M003,2025-05-05 08:50:00,4,Steel
DEF-02129,M003,2025-05-05 10:25:00,15,Machine Component
DEF-02130,M003,2025-05-05 11:55:00,9,Steel
DEF-02131,M003,2025-05-05 12:25:00,4,Circuit Board
DEF-02132,M003,2025-05-05 14:50:00,3,Aluminum
DEF-02133,M003,2025-05-05 15:40:00,19,Scrap Steel
DEF-02134,M003,2025-05-05 15:45:00,11,Solvent
DEF-02135,M003,2025-05-05 15:50:00,13,Sheet Metal
DEF-02136,M003,2025-05-05 17:30:00,17,Catalyst
DEF-02137,M003,2025-05-05 18:45:00,2,Packaging
DEF-02138,M003,2025-05-05 18:50:00,6,Catalyst
DEF-02139,M003,2025-05-05 19:30:00,7,Reprocessed Plastics
DEF-02140,M003,2025-05-05 19:55:00,15,Circuit Board
DEF-02141,M003,2025-05-05 20:55:00,25,Coolant
DEF-02142,M003,2025-05-05 21:20:00,20,Lead-Based Alloy
DEF-02143,M003,2025-05-05 21:25:00,5,Circuit Board
DEF-02144,M003,2025-05-05 21:35:00,11,Reprocessed Plastics
DEF-02145,M003,2025-05-05 21:45:00,8,Lead-Based Alloy
DEF-02146,M003,2025-05-05 23:10:00,17,Plastic Resin
DEF-02147,M003,2025-05-05 23:45:00,31,Steel
DEF-02148,M003,2025-05-06 00:35:00,11,Solvent
DEF-02149,M003,2025-05-06 01:15:00,10,Industrial Oil
DEF-02150,M003,2025-05-06 02:05:00,23,Reprocessed Plastics
DEF-02151,M003,2025-05-06 02:10:00,15,Steel
DEF-02152,M003,2025-05-06 02:15:00,7,Packaging
DEF-02153,M003,2025-05-06 02:45:00,16,Scrap Steel
DEF-02154,M003,2025-05-06 02:55:00,3,Lead-Based Alloy
DEF-02155,M003,2025-05-06 03:00:00,15,Lead-Based Alloy
DEF-02156,M003,2025-05-06 03:25:00,10,Industrial Oil
DEF-02157,M003,2025-05-06 03:35:00,6,Reprocessed Plastics
DEF-02158,M003,2025-05-06 04:25:00,1,Circuit Board
DEF-02159,M003,2025-05-06 06:05:00,2,Circuit Board
DEF-02160,M003,2025-05-06 06:20:00,5,Catalyst
DEF-02161,M003,2025-05-06 06:45:00,14,Sheet Metal
DEF-02162,M003,2025-05-06 07:30:00,31,Packaging
DEF-02163,M003,2025-05-06 07:45:00,38,Plastic Resin
DEF-02164,M003,2025-05-06 09:10:00,8,Scrap Steel
DEF-02165,M003,2025-05-06 10:20:00,20,Packaging
DEF-02166,M003,2025-05-06 10:30:00,33,Circuit Board
DEF-02167,M003,2025-05-06 11:15:00,7,Scrap Steel
DEF-02168,M003,2025-05-06 11:35:00,0,Steel
DEF-02169,M003,2025-05-06 12:00:00,1,Polypropylene
DEF-02170,M003,2025-05-06 12:35:00,2,Cotton
DEF-02171,M003,2025-05-06 12:40:00,10,Machine Component
DEF-02172,M003,2025-05-06 13:30:00,6,Reprocessed Plastics
DEF-02173,M003,2025-05-06 14:25:00,13,Steel
DEF-02174,M003,2025-05-06 14:55:00,1,Machine Component
DEF-02175,M003,2025-05-06 15:20:00,27,Solvent
DEF-02176,M003,2025-05-06 16:40:00,27,Textiles
DEF-02177,M003,2025-05-06 17:10:00,11,Packaging
DEF-02178,M003,2025-05-06 17:25:00,5,Sheet Metal
DEF-02179,M003,2025-05-06 18:05:00,4,Industrial Oil
DEF-02180,M003,2025-05-06 20:00:00,19,Plastic Resin
DEF-02181,M003,2025-05-06 21:00:00,10,Solvent
DEF-02182,M003,2025-05-06 21:15:00,0,Circuit Board
DEF-02183,M003,2025-05-06 22:20:00,3,Coolant
DEF-02184,M003,2025-05-06 22:50:00,5,Solvent
DEF-02185,M003,2025-05-07 00:15:00,9,Circuit Board
DEF-02186,M003,2025-05-07 00:45:00,21,Catalyst
DEF-02187,M003,2025-05-07 00:55:00,31,Catalyst
DEF-02188,M003,2025-05-07 01:10:00,19,Sheet Metal
DEF-02189,M003,2025-05-07 01:45:00,4,Polypropylene
DEF-02190,M003,2025-05-07 01:50:00,16,Packaging
DEF-02191,M003,2025-05-07 03:20:00,17,Scrap Steel
DEF-02192,M003,2025-05-07 03:25:00,1,Solvent
DEF-02193,M003,2025-05-07 04:10:00,4,Machine Component
DEF-02194,M003,2025-05-07 04:55:00,11,Reprocessed Plastics
DEF-02195,M003,2025-05-07 06:00:00,17,Scrap Steel
DEF-02196,M003,2025-05-07 06:55:00,22,Aluminum
DEF-02197,M003,2025-05-07 07:15:00,1,Packaging
DEF-02198,M003,2025-05-07 07:35:00,31,Aluminum
DEF-02199,M003,2025-05-07 07:45:00,11,Coolant
DEF-02200,M003,2025-05-07 07:50:00,0,Aluminum
DEF-02201,M003,2025-05-07 08:45:00,22,Cotton
DEF-02202,M003,2025-05-07 10:15:00,16,Cotton
DEF-02203,M003,2025-05-07 10:50:00,6,Reprocessed Plastics
DEF-02204,M003,2025-05-07 11:45:00,6,Solvent
DEF-02205,M003,2025-05-07 12:50:00,15,Machine Component
DEF-02206,M003,2025-05-07 13:05:00,0,Circuit Board
DEF-02207,M003,2025-05-07 13:35:00,3,Sheet Metal
DEF-02208,M003,2025-05-07 13:50:00,11,Solvent
DEF-02209,M003,2025-05-07 14:00:00,9,Scrap Steel
DEF-02210,M003,2025-05-07 14:15:00,11,Catalyst
DEF-02211,M003,2025-05-07 14:45:00,18,Cotton
DEF-02212,M003,2025-05-07 15:50:00,2,Scrap Steel
DEF-02213,M003,2025-05-07 16:30:00,16,Scrap Steel
DEF-02214,M003,2025-05-07 20:15:00,1,Plastic Resin
DEF-02215,M003,2025-05-07 21:05:00,3,Solvent
DEF-02216,M003,2025-05-07 21:10:00,9,Textiles
DEF-02217,M003,2025-05-07 22:00:00,19,Packaging
DEF-02218,M003,2025-05-07 22:50:00,2,Scrap Steel
DEF-02219,M003,2025-05-07 23:10:00,12,Industrial Oil
DEF-02220,M003,2025-05-08 00:55:00,38,Lead-Based Alloy
DEF-02221,M003,2025-05-08 01:55:00,22,Lead-Based Alloy
DEF-02222,M003,2025-05-08 02:25:00,19,Lead-Based Alloy
DEF-02223,M003,2025-05-08 02:35:00,38,Scrap Steel
DEF-02224,M003,2025-05-08 02:40:00,5,Industrial Oil
DEF-02225,M003,2025-05-08 03:35:00,2,Lead-Based Alloy
DEF-02226,M003,2025-05-08 04:40:00,8,Solvent
DEF-02227,M003,2025-05-08 05:10:00,0,Plastic Resin
DEF-02228,M003,2025-05-08 07:35:00,18,Polypropylene
DEF-02229,M003,2025-05-08 08:55:00,9,Cotton
DEF-02230,M003,2025-05-08 11:10:00,18,Textiles
DEF-02231,M003,2025-05-08 12:10:00,5,Catalyst
DEF-02232,M003,2025-05-08 12:20:00,3,Textiles
DEF-02233,M003,2025-05-08 12:30:00,6,Aluminum
DEF-02234,M003,2025-05-08 12:50:00,25,Reprocessed Plastics
DEF-02235,M003,2025-05-08 12:55:00,1,Catalyst
DEF-02236,M003,2025-05-08 14:15:00,4,Plastic Resin
DEF-02237,M003,2025-05-08 15:05:00,9,Aluminum
DEF-02238,M003,2025-05-08 15:40:00,4,Industrial Oil
DEF-02239,M003,2025-05-08 17:20:00,6,Sheet Metal
DEF-02240,M003,2025-05-08 17:40:00,13,Textiles
DEF-02241,M003,2025-05-08 17:55:00,10,Catalyst
DEF-02242,M003,2025-05-08 18:10:00,24,Catalyst
DEF-02243,M003,2025-05-08 18:30:00,2,Industrial Oil
DEF-02244,M003,2025-05-08 19:20:00,6,Catalyst
DEF-02245,M003,2025-05-08 20:15:00,10,Scrap Steel
DEF-02246,M003,2025-05-08 22:15:00,13,Solvent
DEF-02247,M003,2025-05-08 22:25:00,28,Coolant
DEF-02248,M003,2025-05-08 22:30:00,5,Polypropylene
DEF-02249,M003,2025-05-09 00:20:00,19,Aluminum
DEF-02250,M003,2025-05-09 00:25:00,29,Scrap Steel
DEF-02251,M003,2025-05-09 00:35:00,3,Textiles
DEF-02252,M003,2025-05-09 01:50:00,4,Textiles
DEF-02253,M003,2025-05-09 04:25:00,12,Scrap Steel
DEF-02254,M003,2025-05-09 05:05:00,15,Plastic Resin
DEF-02255,M003,2025-05-09 05:20:00,17,Lead-Based Alloy
DEF-02256,M003,2025-05-09 05:25:00,8,Lead-Based Alloy
DEF-02257,M003,2025-05-09 08:30:00,4,Industrial Oil
DEF-02258,M003,2025-05-09 08:40:00,20,Steel
DEF-02259,M003,2025-05-09 12:45:00,7,Machine Component
DEF-02260,M003,2025-05-09 17:10:00,21,Catalyst
DEF-02261,M003,2025-05-09 17:35:00,6,Aluminum
DEF-02262,M003,2025-05-09 18:00:00,3,Solvent
DEF-02263,M003,2025-05-09 18:15:00,7,Packaging
DEF-02264,M003,2025-05-09 20:10:00,4,Industrial Oil
DEF-02265,M003,2025-05-09 21:50:00,8,Textiles
DEF-02266,M003,2025-05-10 01:05:00,18,Packaging
DEF-02267,M003,2025-05-10 01:10:00,5,Polypropylene
DEF-02268,M003,2025-05-10 03:10:00,9,Textiles
DEF-02269,M003,2025-05-10 04:15:00,2,Plastic Resin
DEF-02270,M003,2025-05-10 04:50:00,18,Packaging
DEF-02271,M003,2025-05-10 05:00:00,8,Industrial Oil
DEF-02272,M003,2025-05-10 05:40:00,8,Aluminum
DEF-02273,M003,2025-05-10 08:30:00,7,Lead-Based Alloy
DEF-02274,M003,2025-05-10 10:15:00,39,Aluminum
DEF-02275,M003,2025-05-10 10:30:00,19,Machine Component
DEF-02276,M003,2025-05-10 13:10:00,7,Polypropylene
DEF-02277,M003,2025-05-10 14:50:00,12,Sheet Metal
DEF-02278,M003,2025-05-10 15:15:00,21,Solvent
DEF-02279,M003,2025-05-10 16:00:00,13,Solvent
DEF-02280,M003,2025-05-10 17:55:00,12,Polypropylene
DEF-02281,M003,2025-05-10 18:35:00,13,Reprocessed Plastics
DEF-02282,M003,2025-05-10 18:45:00,35,Aluminum
DEF-02283,M003,2025-05-10 19:25:00,39,Aluminum
DEF-02284,M003,2025-05-10 20:15:00,17,Scrap Steel
DEF-02285,M003,2025-05-10 21:40:00,12,Cotton
DEF-02286,M003,2025-05-10 23:50:00,22,Reprocessed Plastics
DEF-02287,M003,2025-05-11 00:20:00,1,Plastic Resin
DEF-02288,M003,2025-05-11 00:45:00,12,Machine Component
DEF-02289,M003,2025-05-11 02:55:00,17,Steel
DEF-02290,M003,2025-05-11 04:40:00,0,Sheet Metal
DEF-02291,M003,2025-05-11 05:15:00,41,Scrap Steel
DEF-02292,M003,2025-05-11 05:35:00,25,Aluminum
DEF-02293,M003,2025-05-11 06:15:00,34,Lead-Based Alloy
DEF-02294,M003,2025-05-11 08:00:00,3,Scrap Steel
DEF-02295,M003,2025-05-11 08:30:00,13,Machine Component
DEF-02296,M003,2025-05-11 10:00:00,9,Steel
DEF-02297,M003,2025-05-11 10:10:00,20,Reprocessed Plastics
DEF-02298,M003,2025-05-11 10:25:00,3,Solvent
DEF-02299,M003,2025-05-11 10:45:00,19,Circuit Board
DEF-02300,M003,2025-05-11 11:00:00,8,Aluminum
DEF-02301,M003,2025-05-11 11:05:00,23,Solvent
DEF-02302,M003,2025-05-11 12:25:00,42,Machine Component
DEF-02303,M003,2025-05-11 13:25:00,1,Polypropylene
DEF-02304,M003,2025-05-11 13:50:00,3,Plastic Resin
DEF-02305,M003,2025-05-11 14:50:00,3,Reprocessed Plastics
DEF-02306,M003,2025-05-11 16:20:00,11,Machine Component
DEF-02307,M003,2025-05-11 17:10:00,1,Solvent
DEF-02308,M003,2025-05-11 17:35:00,29,Sheet Metal
DEF-02309,M003,2025-05-11 18:05:00,23,Textiles
DEF-02310,M003,2025-05-11 18:15:00,27,Solvent
DEF-02311,M003,2025-05-11 19:00:00,26,Plastic Resin
DEF-02312,M003,2025-05-11 19:40:00,15,Sheet Metal
DEF-02313,M003,2025-05-11 20:20:00,13,Reprocessed Plastics
DEF-02314,M003,2025-05-11 21:10:00,8,Steel
DEF-02315,M003,2025-05-11 21:35:00,15,Solvent
DEF-02316,M003,2025-05-11 21:55:00,3,Sheet Metal
DEF-02317,M003,2025-05-11 22:20:00,11,Circuit Board
DEF-02318,M003,2025-05-11 22:40:00,11,Packaging
DEF-02319,M003,2025-05-11 23:35:00,14,Steel
DEF-02320,M003,2025-05-11 23:55:00,19,Machine Component
DEF-02321,M003,2025-05-12 00:20:00,1,Solvent
DEF-02322,M003,2025-05-12 01:00:00,1,Steel
DEF-02323,M003,2025-05-12 02:15:00,24,Polypropylene
DEF-02324,M003,2025-05-12 02:20:00,9,Coolant
DEF-02325,M003,2025-05-12 02:45:00,9,Coolant
DEF-02326,M003,2025-05-12 04:50:00,9,Steel
DEF-02327,M003,2025-05-12 05:30:00,10,Solvent
DEF-02328,M003,2025-05-12 07:10:00,5,Lead-Based Alloy
DEF-02329,M003,2025-05-12 08:55:00,8,Lead-Based Alloy
DEF-02330,M003,2025-05-12 09:25:00,26,Plastic Resin
DEF-02331,M003,2025-05-12 09:35:00,16,Plastic Resin
DEF-02332,M003,2025-05-12 09:40:00,26,Industrial Oil
DEF-02333,M003,2025-05-12 09:45:00,5,Scrap Steel
DEF-02334,M003,2025-05-12 10:05:00,1,Polypropylene
DEF-02335,M003,2025-05-12 10:50:00,1,Plastic Resin
DEF-02336,M003,2025-05-12 10:55:00,39,Textiles
DEF-02337,M003,2025-05-12 11:05:00,7,Scrap Steel
DEF-02338,M003,2025-05-12 12:40:00,28,Machine Component
DEF-02339,M003,2025-05-12 13:40:00,13,Circuit Board
DEF-02340,M003,2025-05-12 14:30:00,16,Sheet Metal
DEF-02341,M003,2025-05-12 14:50:00,46,Reprocessed Plastics
DEF-02342,M003,2025-05-12 15:40:00,1,Plastic Resin
DEF-02343,M003,2025-05-12 15:55:00,12,Cotton
DEF-02344,M003,2025-05-12 17:25:00,9,Solvent
DEF-02345,M003,2025-05-12 18:05:00,6,Plastic Resin
DEF-02346,M003,2025-05-12 20:00:00,15,Reprocessed Plastics
DEF-02347,M003,2025-05-12 20:05:00,17,Scrap Steel
DEF-02348,M003,2025-05-12 20:20:00,11,Scrap Steel
DEF-02349,M003,2025-05-12 21:10:00,6,Scrap Steel
DEF-02350,M003,2025-05-12 22:10:00,16,Solvent
DEF-02351,M003,2025-05-12 22:35:00,2,Lead-Based Alloy
DEF-02352,M003,2025-05-12 22:45:00,17,Scrap Steel
DEF-02353,M003,2025-05-12 23:05:00,19,Lead-Based Alloy
DEF-02354,M003,2025-05-12 23:20:00,10,Aluminum
DEF-02355,M003,2025-05-12 23:45:00,33,Steel
DEF-02356,M003,2025-05-12 23:55:00,14,Lead-Based Alloy
DEF-02357,M003,2025-05-13 00:20:00,12,Reprocessed Plastics
DEF-02358,M003,2025-05-13 00:25:00,34,Reprocessed Plastics
DEF-02359,M003,2025-05-13 01:05:00,12,Sheet Metal
DEF-02360,M003,2025-05-13 01:50:00,33,Coolant
DEF-02361,M003,2025-05-13 02:15:00,16,Lead-Based Alloy
DEF-02362,M003,2025-05-13 02:20:00,1,Machine Component
DEF-02363,M003,2025-05-13 03:45:00,6,Aluminum
DEF-02364,M003,2025-05-13 04:00:00,6,Coolant
DEF-02365,M003,2025-05-13 04:05:00,20,Scrap Steel
DEF-02366,M003,2025-05-13 05:40:00,23,Packaging
DEF-02367,M003,2025-05-13 08:00:00,5,Scrap Steel
DEF-02368,M003,2025-05-13 08:15:00,15,Industrial Oil
DEF-02369,M003,2025-05-13 09:15:00,10,Plastic Resin
DEF-02370,M003,2025-05-13 11:00:00,20,Industrial Oil
DEF-02371,M003,2025-05-13 11:15:00,36,Aluminum
DEF-02372,M003,2025-05-13 13:30:00,0,Polypropylene
DEF-02373,M003,2025-05-13 14:20:00,16,Packaging
DEF-02374,M003,2025-05-13 14:30:00,0,Aluminum
DEF-02375,M003,2025-05-13 14:55:00,10,Polypropylene
DEF-02376,M003,2025-05-13 15:25:00,9,Catalyst
DEF-02377,M003,2025-05-13 15:30:00,3,Reprocessed Plastics
DEF-02378,M003,2025-05-13 16:50:00,3,Reprocessed Plastics
DEF-02379,M003,2025-05-13 17:10:00,10,Solvent
DEF-02380,M003,2025-05-13 17:40:00,14,Plastic Resin
DEF-02381,M003,2025-05-13 20:15:00,3,Coolant
DEF-02382,M003,2025-05-13 21:55:00,18,Aluminum
DEF-02383,M003,2025-05-13 22:10:00,10,Sheet Metal
DEF-02384,M003,2025-05-13 22:30:00,9,Reprocessed Plastics
DEF-02385,M003,2025-05-14 00:10:00,4,Lead-Based Alloy
DEF-02386,M003,2025-05-14 01:30:00,20,Solvent
DEF-02387,M003,2025-05-14 01:55:00,2,Industrial Oil
DEF-02388,M003,2025-05-14 02:10:00,13,Circuit Board
DEF-02389,M003,2025-05-14 02:40:00,37,Lead-Based Alloy
DEF-02390,M003,2025-05-14 03:40:00,39,Scrap Steel
DEF-02391,M003,2025-05-14 04:05:00,2,Textiles
DEF-02392,M003,2025-05-14 05:00:00,22,Coolant
DEF-02393,M003,2025-05-14 05:40:00,48,Industrial Oil
DEF-02394,M003,2025-05-14 05:45:00,8,Textiles
DEF-02395,M003,2025-05-14 06:00:00,9,Industrial Oil
DEF-02396,M003,2025-05-14 06:05:00,20,Textiles
DEF-02397,M003,2025-05-14 07:10:00,12,Industrial Oil
DEF-02398,M003,2025-05-14 08:15:00,9,Reprocessed Plastics
DEF-02399,M003,2025-05-14 12:00:00,9,Lead-Based Alloy
DEF-02400,M003,2025-05-14 12:05:00,11,Lead-Based Alloy
DEF-02401,M003,2025-05-14 12:55:00,22,Lead-Based Alloy
DEF-02402,M003,2025-05-14 14:10:00,2,Plastic Resin
DEF-02403,M003,2025-05-14 14:15:00,20,Industrial Oil
DEF-02404,M003,2025-05-14 17:05:00,20,Reprocessed Plastics
DEF-02405,M003,2025-05-14 17:15:00,1,Steel
DEF-02406,M003,2025-05-14 17:55:00,19,Circuit Board
DEF-02407,M003,2025-05-14 18:10:00,39,Aluminum
DEF-02408,M003,2025-05-14 18:25:00,2,Industrial Oil
DEF-02409,M003,2025-05-14 18:40:00,6,Circuit Board
DEF-02410,M003,2025-05-14 18:50:00,11,Solvent
DEF-02411,M003,2025-05-14 18:55:00,9,Steel
DEF-02412,M003,2025-05-14 21:20:00,9,Industrial Oil
DEF-02413,M003,2025-05-14 22:20:00,17,Plastic Resin
DEF-02414,M003,2025-05-14 23:30:00,6,Machine Component
DEF-02415,M003,2025-05-14 23:35:00,29,Cotton
DEF-02416,M003,2025-05-14 23:45:00,32,Scrap Steel
DEF-02417,M003,2025-05-15 01:20:00,12,Reprocessed Plastics
DEF-02418,M003,2025-05-15 01:45:00,3,Reprocessed Plastics
DEF-02419,M003,2025-05-15 02:25:00,7,Lead-Based Alloy
DEF-02420,M003,2025-05-15 03:45:00,11,Machine Component
DEF-02421,M003,2025-05-15 04:05:00,13,Circuit Board
DEF-02422,M003,2025-05-15 04:50:00,14,Reprocessed Plastics
DEF-02423,M003,2025-05-15 06:00:00,11,Textiles
DEF-02424,M003,2025-05-15 06:15:00,8,Aluminum
DEF-02425,M003,2025-05-15 07:10:00,15,Aluminum
DEF-02426,M003,2025-05-15 07:20:00,7,Solvent
DEF-02427,M003,2025-05-15 08:05:00,4,Scrap Steel
DEF-02428,M003,2025-05-15 08:40:00,13,Steel
DEF-02429,M003,2025-05-15 09:35:00,13,Textiles
DEF-02430,M003,2025-05-15 10:20:00,28,Packaging
DEF-02431,M003,2025-05-15 10:30:00,6,Lead-Based Alloy
DEF-02432,M003,2025-05-15 10:55:00,20,Cotton
DEF-02433,M003,2025-05-15 11:40:00,6,Cotton
DEF-02434,M003,2025-05-15 11:55:00,15,Solvent
DEF-02435,M003,2025-05-15 12:10:00,5,Plastic Resin
DEF-02436,M003,2025-05-15 13:20:00,1,Circuit Board
DEF-02437,M003,2025-05-15 14:25:00,2,Catalyst
DEF-02438,M003,2025-05-15 14:30:00,14,Lead-Based Alloy
DEF-02439,M003,2025-05-15 16:00:00,15,Plastic Resin
DEF-02440,M003,2025-05-15 18:40:00,30,Reprocessed Plastics
DEF-02441,M003,2025-05-15 20:05:00,14,Circuit Board
DEF-02442,M003,2025-05-15 21:05:00,17,Polypropylene
DEF-02443,M003,2025-05-15 22:35:00,13,Steel
DEF-02444,M003,2025-05-15 22:55:00,2,Packaging
DEF-02445,M003,2025-05-15 23:35:00,8,Textiles
DEF-02446,M003,2025-05-16 00:25:00,4,Textiles
DEF-02447,M003,2025-05-16 01:10:00,9,Reprocessed Plastics
DEF-02448,M003,2025-05-16 01:40:00,24,Plastic Resin
DEF-02449,M003,2025-05-16 02:15:00,36,Scrap Steel
DEF-02450,M003,2025-05-16 03:15:00,22,Lead-Based Alloy
DEF-02451,M003,2025-05-16 06:35:00,8,Polypropylene
DEF-02452,M003,2025-05-16 06:45:00,33,Catalyst
DEF-02453,M003,2025-05-16 06:55:00,1,Catalyst
DEF-02454,M003,2025-05-16 08:05:00,13,Reprocessed Plastics
DEF-02455,M003,2025-05-16 09:15:00,4,Circuit Board
DEF-02456,M003,2025-05-16 09:40:00,6,Catalyst
DEF-02457,M003,2025-05-16 12:00:00,8,Solvent
DEF-02458,M003,2025-05-16 12:25:00,48,Coolant
DEF-02459,M003,2025-05-16 12:50:00,2,Solvent
DEF-02460,M003,2025-05-16 12:55:00,28,Catalyst
DEF-02461,M003,2025-05-16 13:15:00,29,Aluminum
DEF-02462,M003,2025-05-16 13:50:00,27,Textiles
DEF-02463,M003,2025-05-16 14:00:00,22,Reprocessed Plastics
DEF-02464,M003,2025-05-16 14:20:00,22,Solvent
DEF-02465,M003,2025-05-16 15:20:00,21,Lead-Based Alloy
DEF-02466,M003,2025-05-16 15:40:00,1,Plastic Resin
DEF-02467,M003,2025-05-16 16:25:00,8,Machine Component
DEF-02468,M003,2025-05-16 16:40:00,12,Reprocessed Plastics
DEF-02469,M003,2025-05-16 18:20:00,3,Coolant
DEF-02470,M003,2025-05-16 19:25:00,37,Machine Component
DEF-02471,M003,2025-05-16 20:30:00,11,Steel
DEF-02472,M003,2025-05-16 21:45:00,19,Reprocessed Plastics
DEF-02473,M003,2025-05-16 22:30:00,26,Machine Component
DEF-02474,M003,2025-05-16 22:35:00,31,Catalyst
DEF-02475,M003,2025-05-17 03:05:00,42,Cotton
DEF-02476,M003,2025-05-17 03:45:00,11,Plastic Resin
DEF-02477,M003,2025-05-17 05:30:00,16,Sheet Metal
DEF-02478,M003,2025-05-17 06:00:00,0,Plastic Resin
DEF-02479,M003,2025-05-17 07:05:00,7,Machine Component
DEF-02480,M003,2025-05-17 09:25:00,6,Machine Component
DEF-02481,M003,2025-05-17 10:35:00,3,Catalyst
DEF-02482,M003,2025-05-17 10:50:00,2,Steel
DEF-02483,M003,2025-05-17 11:00:00,6,Aluminum
DEF-02484,M003,2025-05-17 11:10:00,9,Lead-Based Alloy
DEF-02485,M003,2025-05-17 11:45:00,15,Scrap Steel
DEF-02486,M003,2025-05-17 12:40:00,20,Cotton
DEF-02487,M003,2025-05-17 13:25:00,11,Scrap Steel
DEF-02488,M003,2025-05-17 13:50:00,2,Scrap Steel
DEF-02489,M003,2025-05-17 15:55:00,20,Coolant
DEF-02490,M003,2025-05-17 16:30:00,8,Polypropylene
DEF-02491,M003,2025-05-17 16:40:00,26,Polypropylene
DEF-02492,M003,2025-05-17 17:45:00,8,Circuit Board
DEF-02493,M003,2025-05-17 19:15:00,10,Solvent
DEF-02494,M003,2025-05-17 19:50:00,26,Textiles
DEF-02495,M003,2025-05-17 20:00:00,19,Coolant
DEF-02496,M003,2025-05-17 20:35:00,20,Lead-Based Alloy
DEF-02497,M003,2025-05-17 21:45:00,21,Lead-Based Alloy
DEF-02498,M003,2025-05-17 22:05:00,14,Polypropylene
DEF-02499,M003,2025-05-17 22:45:00,6,Coolant
DEF-02500,M003,2025-05-17 23:10:00,16,Reprocessed Plastics
DEF-02501,M003,2025-05-18 00:20:00,1,Catalyst
DEF-02502,M003,2025-05-18 03:50:00,25,Reprocessed Plastics
DEF-02503,M003,2025-05-18 07:15:00,1,Coolant
DEF-02504,M003,2025-05-18 08:30:00,21,Reprocessed Plastics
DEF-02505,M003,2025-05-18 09:25:00,6,Sheet Metal
DEF-02506,M003,2025-05-18 09:50:00,44,Circuit Board
DEF-02507,M003,2025-05-18 11:20:00,29,Sheet Metal
DEF-02508,M003,2025-05-18 13:05:00,4,Solvent
DEF-02509,M003,2025-05-18 13:35:00,15,Circuit Board
DEF-02510,M003,2025-05-18 13:50:00,24,Packaging
DEF-02511,M003,2025-05-18 15:25:00,2,Machine Component
DEF-02512,M003,2025-05-18 16:25:00,12,Solvent
DEF-02513,M003,2025-05-18 17:45:00,40,Cotton
DEF-02514,M003,2025-05-18 17:55:00,14,Scrap Steel
DEF-02515,M003,2025-05-18 19:30:00,47,Aluminum
DEF-02516,M003,2025-05-18 19:35:00,10,Reprocessed Plastics
DEF-02517,M003,2025-05-18 20:30:00,2,Aluminum
DEF-02518,M003,2025-05-18 20:55:00,4,Reprocessed Plastics
DEF-02519,M003,2025-05-18 21:40:00,18,Reprocessed Plastics
DEF-02520,M003,2025-05-18 23:15:00,7,Packaging
DEF-02521,M003,2025-05-19 02:00:00,29,Solvent
DEF-02522,M003,2025-05-19 02:05:00,18,Plastic Resin
DEF-02523,M003,2025-05-19 02:50:00,9,Catalyst
DEF-02524,M003,2025-05-19 03:50:00,18,Reprocessed Plastics
DEF-02525,M003,2025-05-19 04:35:00,5,Plastic Resin
DEF-02526,M003,2025-05-19 05:50:00,5,Aluminum
DEF-02527,M003,2025-05-19 06:30:00,19,Coolant
DEF-02528,M003,2025-05-19 07:00:00,5,Textiles
DEF-02529,M003,2025-05-19 07:35:00,9,Reprocessed Plastics
DEF-02530,M003,2025-05-19 09:05:00,18,Cotton
DEF-02531,M003,2025-05-19 11:55:00,15,Scrap Steel
DEF-02532,M003,2025-05-19 12:15:00,39,Reprocessed Plastics
DEF-02533,M003,2025-05-19 12:40:00,6,Sheet Metal
DEF-02534,M003,2025-05-19 13:50:00,32,Aluminum
DEF-02535,M003,2025-05-19 14:05:00,15,Textiles
DEF-02536,M003,2025-05-19 15:50:00,41,Circuit Board
DEF-02537,M003,2025-05-19 16:35:00,3,Solvent
DEF-02538,M003,2025-05-19 17:30:00,13,Lead-Based Alloy
DEF-02539,M003,2025-05-19 18:05:00,39,Aluminum
DEF-02540,M003,2025-05-19 18:10:00,21,Textiles
DEF-02541,M003,2025-05-19 18:30:00,13,Steel
DEF-02542,M003,2025-05-19 18:45:00,4,Coolant
DEF-02543,M003,2025-05-19 19:05:00,2,Reprocessed Plastics
DEF-02544,M003,2025-05-19 20:25:00,20,Sheet Metal
DEF-02545,M003,2025-05-19 22:00:00,10,Packaging
DEF-02546,M003,2025-05-20 01:05:00,6,Coolant
DEF-02547,M003,2025-05-20 01:30:00,21,Polypropylene
DEF-02548,M003,2025-05-20 01:40:00,10,Coolant
DEF-02549,M003,2025-05-20 04:05:00,36,Textiles
DEF-02550,M003,2025-05-20 04:30:00,13,Cotton
DEF-02551,M003,2025-05-20 05:00:00,17,Polypropylene
DEF-02552,M003,2025-05-20 05:40:00,4,Scrap Steel
DEF-02553,M003,2025-05-20 08:00:00,19,Sheet Metal
DEF-02554,M003,2025-05-20 09:15:00,30,Aluminum
DEF-02555,M003,2025-05-20 10:00:00,1,Solvent
DEF-02556,M003,2025-05-20 10:15:00,12,Sheet Metal
DEF-02557,M003,2025-05-20 12:15:00,10,Steel
DEF-02558,M003,2025-05-20 13:05:00,6,Reprocessed Plastics
DEF-02559,M003,2025-05-20 13:25:00,7,Solvent
DEF-02560,M003,2025-05-20 14:05:00,32,Sheet Metal
DEF-02561,M003,2025-05-20 15:45:00,8,Sheet Metal
DEF-02562,M003,2025-05-20 16:15:00,41,Textiles
DEF-02563,M003,2025-05-20 17:00:00,6,Sheet Metal
DEF-02564,M003,2025-05-20 22:00:00,15,Industrial Oil
DEF-02565,M003,2025-05-20 22:05:00,11,Solvent
DEF-02566,M003,2025-05-20 22:20:00,10,Machine Component
DEF-02567,M003,2025-05-20 22:45:00,11,Plastic Resin
DEF-02568,M003,2025-05-20 23:05:00,5,Scrap Steel
DEF-02569,M003,2025-05-20 23:20:00,9,Steel
DEF-02570,M003,2025-05-21 00:25:00,3,Industrial Oil
DEF-02571,M003,2025-05-21 01:10:00,2,Aluminum
DEF-02572,M003,2025-05-21 03:10:00,9,Solvent
DEF-02573,M003,2025-05-21 03:15:00,29,Textiles
DEF-02574,M003,2025-05-21 03:45:00,4,Machine Component
DEF-02575,M003,2025-05-21 03:50:00,2,Cotton
DEF-02576,M003,2025-05-21 05:45:00,32,Solvent
DEF-02577,M003,2025-05-21 06:10:00,6,Packaging
DEF-02578,M003,2025-05-21 08:00:00,3,Catalyst
DEF-02579,M003,2025-05-21 11:25:00,7,Cotton
DEF-02580,M003,2025-05-21 12:50:00,11,Aluminum
DEF-02581,M003,2025-05-21 14:15:00,2,Textiles
DEF-02582,M003,2025-05-21 14:45:00,21,Industrial Oil
DEF-02583,M003,2025-05-21 15:45:00,19,Scrap Steel
DEF-02584,M003,2025-05-21 16:15:00,4,Circuit Board
DEF-02585,M003,2025-05-21 16:30:00,1,Catalyst
DEF-02586,M003,2025-05-21 16:40:00,12,Lead-Based Alloy
DEF-02587,M003,2025-05-21 17:15:00,8,Solvent
DEF-02588,M003,2025-05-21 17:50:00,3,Solvent
DEF-02589,M003,2025-05-21 18:00:00,7,Textiles
DEF-02590,M003,2025-05-21 18:25:00,16,Coolant
DEF-02591,M003,2025-05-21 18:35:00,11,Cotton
DEF-02592,M003,2025-05-21 19:30:00,3,Reprocessed Plastics
DEF-02593,M003,2025-05-22 01:35:00,10,Textiles
DEF-02594,M003,2025-05-22 01:45:00,9,Packaging
DEF-02595,M003,2025-05-22 02:15:00,27,Solvent
DEF-02596,M003,2025-05-22 02:35:00,24,Catalyst
DEF-02597,M003,2025-05-22 04:10:00,18,Circuit Board
DEF-02598,M003,2025-05-22 04:30:00,7,Scrap Steel
DEF-02599,M003,2025-05-22 05:00:00,17,Sheet Metal
DEF-02600,M003,2025-05-22 06:25:00,0,Steel
DEF-02601,M003,2025-05-22 06:55:00,10,Polypropylene
DEF-02602,M003,2025-05-22 08:15:00,5,Steel
DEF-02603,M003,2025-05-22 08:50:00,7,Solvent
DEF-02604,M003,2025-05-22 09:00:00,41,Circuit Board
DEF-02605,M003,2025-05-22 09:25:00,38,Lead-Based Alloy
DEF-02606,M003,2025-05-22 11:55:00,5,Packaging
DEF-02607,M003,2025-05-22 12:05:00,7,Lead-Based Alloy
DEF-02608,M003,2025-05-22 14:25:00,1,Circuit Board
DEF-02609,M003,2025-05-22 15:45:00,6,Reprocessed Plastics
DEF-02610,M003,2025-05-22 18:05:00,21,Machine Component
DEF-02611,M003,2025-05-22 19:25:00,15,Industrial Oil
DEF-02612,M003,2025-05-22 20:35:00,2,Coolant
DEF-02613,M003,2025-05-22 20:50:00,0,Machine Component
DEF-02614,M003,2025-05-22 21:00:00,5,Circuit Board
DEF-02615,M003,2025-05-22 21:15:00,9,Scrap Steel
DEF-02616,M003,2025-05-22 22:10:00,10,Plastic Resin
DEF-02617,M003,2025-05-22 22:45:00,3,Scrap Steel
DEF-02618,M003,2025-05-22 23:10:00,29,Polypropylene
DEF-02619,M003,2025-05-22 23:30:00,19,Machine Component
DEF-02620,M003,2025-05-23 01:30:00,34,Circuit Board
DEF-02621,M003,2025-05-23 03:05:00,4,Industrial Oil
DEF-02622,M003,2025-05-23 03:10:00,6,Catalyst
DEF-02623,M003,2025-05-23 03:40:00,11,Cotton
DEF-02624,M003,2025-05-23 05:05:00,6,Industrial Oil
DEF-02625,M003,2025-05-23 05:20:00,5,Circuit Board
DEF-02626,M003,2025-05-23 06:05:00,30,Machine Component
DEF-02627,M003,2025-05-23 06:50:00,19,Cotton
DEF-02628,M003,2025-05-23 08:00:00,25,Packaging
DEF-02629,M003,2025-05-23 11:10:00,7,Catalyst
DEF-02630,M003,2025-05-23 11:20:00,28,Catalyst
DEF-02631,M003,2025-05-23 14:10:00,2,Sheet Metal
DEF-02632,M003,2025-05-23 14:25:00,7,Catalyst
DEF-02633,M003,2025-05-23 14:35:00,1,Solvent
DEF-02634,M003,2025-05-23 15:55:00,8,Solvent
DEF-02635,M003,2025-05-23 17:05:00,2,Packaging
DEF-02636,M003,2025-05-23 18:45:00,4,Industrial Oil
DEF-02637,M003,2025-05-23 18:50:00,4,Cotton
DEF-02638,M003,2025-05-23 20:40:00,1,Aluminum
DEF-02639,M003,2025-05-23 21:50:00,5,Lead-Based Alloy
DEF-02640,M003,2025-05-24 00:40:00,21,Machine Component
DEF-02641,M003,2025-05-24 01:45:00,3,Cotton
DEF-02642,M003,2025-05-24 03:10:00,4,Reprocessed Plastics
DEF-02643,M003,2025-05-24 03:35:00,15,Polypropylene
DEF-02644,M003,2025-05-24 04:05:00,22,Reprocessed Plastics
DEF-02645,M003,2025-05-24 05:05:00,17,Catalyst
DEF-02646,M003,2025-05-24 05:25:00,1,Lead-Based Alloy
DEF-02647,M003,2025-05-24 05:50:00,6,Plastic Resin
DEF-02648,M003,2025-05-24 08:05:00,19,Machine Component
DEF-02649,M003,2025-05-24 08:10:00,4,Reprocessed Plastics
DEF-02650,M003,2025-05-24 09:30:00,21,Sheet Metal
DEF-02651,M003,2025-05-24 09:35:00,21,Polypropylene
DEF-02652,M003,2025-05-24 10:25:00,16,Lead-Based Alloy
DEF-02653,M003,2025-05-24 10:35:00,24,Industrial Oil
DEF-02654,M003,2025-05-24 10:45:00,4,Circuit Board
DEF-02655,M003,2025-05-24 11:00:00,11,Packaging
DEF-02656,M003,2025-05-24 12:10:00,23,Solvent
DEF-02657,M003,2025-05-24 12:50:00,1,Industrial Oil
DEF-02658,M003,2025-05-24 13:40:00,24,Aluminum
DEF-02659,M003,2025-05-24 14:05:00,8,Catalyst
DEF-02660,M003,2025-05-24 14:20:00,26,Scrap Steel
DEF-02661,M003,2025-05-24 15:10:00,8,Sheet Metal
DEF-02662,M003,2025-05-24 17:15:00,10,Reprocessed Plastics
DEF-02663,M003,2025-05-24 17:20:00,4,Cotton
DEF-02664,M003,2025-05-24 17:25:00,0,Scrap Steel
DEF-02665,M003,2025-05-24 17:40:00,11,Sheet Metal
DEF-02666,M003,2025-05-24 18:15:00,27,Scrap Steel
DEF-02667,M003,2025-05-24 19:30:00,2,Reprocessed Plastics
DEF-02668,M003,2025-05-24 20:00:00,36,Packaging
DEF-02669,M003,2025-05-24 20:40:00,10,Industrial Oil
DEF-02670,M003,2025-05-24 23:45:00,26,Cotton
DEF-02671,M003,2025-05-25 01:00:00,6,Machine Component
DEF-02672,M003,2025-05-25 01:45:00,8,Plastic Resin
DEF-02673,M003,2025-05-25 01:55:00,17,Sheet Metal
DEF-02674,M003,2025-05-25 02:05:00,1,Sheet Metal
DEF-02675,M003,2025-05-25 02:20:00,15,Aluminum
DEF-02676,M003,2025-05-25 03:15:00,3,Textiles
DEF-02677,M003,2025-05-25 06:05:00,6,Circuit Board
DEF-02678,M003,2025-05-25 06:20:00,23,Solvent
DEF-02679,M003,2025-05-25 06:50:00,6,Scrap Steel
DEF-02680,M003,2025-05-25 08:45:00,8,Reprocessed Plastics
DEF-02681,M003,2025-05-25 10:10:00,16,Machine Component
DEF-02682,M003,2025-05-25 14:05:00,10,Sheet Metal
DEF-02683,M003,2025-05-25 15:40:00,1,Packaging
DEF-02684,M003,2025-05-25 17:00:00,24,Solvent
DEF-02685,M003,2025-05-25 17:25:00,25,Plastic Resin
DEF-02686,M003,2025-05-25 17:35:00,1,Packaging
DEF-02687,M003,2025-05-25 18:00:00,35,Coolant
DEF-02688,M003,2025-05-25 19:35:00,44,Packaging
DEF-02689,M003,2025-05-25 19:45:00,23,Sheet Metal
DEF-02690,M003,2025-05-25 20:25:00,20,Lead-Based Alloy
DEF-02691,M003,2025-05-25 21:30:00,42,Packaging
DEF-02692,M003,2025-05-25 21:45:00,4,Plastic Resin
DEF-02693,M003,2025-05-26 01:35:00,1,Solvent
DEF-02694,M003,2025-05-26 02:40:00,8,Reprocessed Plastics
DEF-02695,M003,2025-05-26 03:00:00,4,Sheet Metal
DEF-02696,M003,2025-05-26 03:45:00,29,Catalyst
DEF-02697,M003,2025-05-26 04:40:00,8,Sheet Metal
DEF-02698,M003,2025-05-26 05:00:00,9,Textiles
DEF-02699,M003,2025-05-26 06:00:00,15,Scrap Steel
DEF-02700,M003,2025-05-26 06:30:00,10,Cotton
DEF-02701,M003,2025-05-26 06:55:00,7,Plastic Resin
DEF-02702,M003,2025-05-26 09:10:00,3,Solvent
DEF-02703,M003,2025-05-26 09:35:00,13,Lead-Based Alloy
DEF-02704,M003,2025-05-26 11:05:00,0,Industrial Oil
DEF-02705,M003,2025-05-26 11:10:00,8,Lead-Based Alloy
DEF-02706,M003,2025-05-26 11:40:00,15,Textiles
DEF-02707,M003,2025-05-26 12:40:00,42,Textiles
DEF-02708,M003,2025-05-26 12:45:00,46,Scrap Steel
DEF-02709,M003,2025-05-26 12:50:00,21,Machine Component
DEF-02710,M003,2025-05-26 13:50:00,25,Cotton
DEF-02711,M003,2025-05-26 14:05:00,26,Lead-Based Alloy
DEF-02712,M003,2025-05-26 15:45:00,6,Machine Component
DEF-02713,M003,2025-05-26 17:05:00,31,Solvent
DEF-02714,M003,2025-05-26 17:20:00,12,Industrial Oil
DEF-02715,M003,2025-05-26 18:20:00,14,Coolant
DEF-02716,M003,2025-05-26 19:20:00,14,Circuit Board
DEF-02717,M003,2025-05-26 20:00:00,2,Circuit Board
DEF-02718,M003,2025-05-26 23:20:00,0,Circuit Board
DEF-02719,M003,2025-05-26 23:35:00,18,Packaging
DEF-02720,M003,2025-05-27 01:00:00,3,Sheet Metal
DEF-02721,M003,2025-05-27 01:55:00,14,Coolant
DEF-02722,M003,2025-05-27 02:20:00,38,Sheet Metal
DEF-02723,M003,2025-05-27 03:05:00,41,Machine Component
DEF-02724,M003,2025-05-27 03:25:00,9,Machine Component
DEF-02725,M003,2025-05-27 04:30:00,1,Solvent
DEF-02726,M003,2025-05-27 04:45:00,23,Machine Component
DEF-02727,M003,2025-05-27 04:50:00,2,Aluminum
DEF-02728,M003,2025-05-27 07:40:00,5,Textiles
DEF-02729,M003,2025-05-27 07:55:00,1,Lead-Based Alloy
DEF-02730,M003,2025-05-27 08:35:00,1,Reprocessed Plastics
DEF-02731,M003,2025-05-27 08:50:00,30,Scrap Steel
DEF-02732,M003,2025-05-27 09:00:00,18,Lead-Based Alloy
DEF-02733,M003,2025-05-27 09:25:00,2,Scrap Steel
DEF-02734,M003,2025-05-27 11:15:00,0,Solvent
DEF-02735,M003,2025-05-27 11:45:00,19,Coolant
DEF-02736,M003,2025-05-27 11:50:00,4,Packaging
DEF-02737,M003,2025-05-27 13:35:00,8,Lead-Based Alloy
DEF-02738,M003,2025-05-27 13:55:00,4,Plastic Resin
DEF-02739,M003,2025-05-27 14:35:00,2,Polypropylene
DEF-02740,M003,2025-05-27 17:05:00,16,Solvent
DEF-02741,M003,2025-05-27 17:25:00,10,Solvent
DEF-02742,M003,2025-05-27 18:55:00,9,Packaging
DEF-02743,M003,2025-05-27 19:15:00,13,Coolant
DEF-02744,M003,2025-05-27 19:55:00,4,Solvent
DEF-02745,M003,2025-05-27 22:25:00,17,Polypropylene
DEF-02746,M003,2025-05-27 22:55:00,2,Sheet Metal
DEF-02747,M003,2025-05-27 23:15:00,2,Textiles
DEF-02748,M003,2025-05-27 23:35:00,4,Machine Component
DEF-02749,M003,2025-05-27 23:40:00,5,Solvent
DEF-02750,M003,2025-05-28 00:05:00,8,Steel
DEF-02751,M003,2025-05-28 00:55:00,15,Circuit Board
DEF-02752,M003,2025-05-28 01:00:00,10,Circuit Board
DEF-02753,M003,2025-05-28 01:45:00,43,Plastic Resin
DEF-02754,M003,2025-05-28 01:55:00,42,Coolant
DEF-02755,M003,2025-05-28 02:00:00,10,Cotton
DEF-02756,M003,2025-05-28 02:25:00,21,Polypropylene
DEF-02757,M003,2025-05-28 02:40:00,8,Lead-Based Alloy
DEF-02758,M003,2025-05-28 02:45:00,35,Circuit Board
DEF-02759,M003,2025-05-28 04:45:00,6,Machine Component
DEF-02760,M003,2025-05-28 05:05:00,12,Plastic Resin
DEF-02761,M003,2025-05-28 06:50:00,21,Coolant
DEF-02762,M003,2025-05-28 08:20:00,14,Sheet Metal
DEF-02763,M003,2025-05-28 09:00:00,14,Coolant
DEF-02764,M003,2025-05-28 09:35:00,10,Aluminum
DEF-02765,M003,2025-05-28 09:40:00,12,Aluminum
DEF-02766,M003,2025-05-28 10:30:00,35,Solvent
DEF-02767,M003,2025-05-28 11:50:00,20,Polypropylene
DEF-02768,M003,2025-05-28 12:45:00,18,Packaging
DEF-02769,M003,2025-05-28 13:05:00,28,Coolant
DEF-02770,M003,2025-05-28 14:05:00,3,Catalyst
DEF-02771,M003,2025-05-28 14:35:00,21,Aluminum
DEF-02772,M003,2025-05-28 14:55:00,13,Packaging
DEF-02773,M003,2025-05-28 15:25:00,9,Textiles
DEF-02774,M003,2025-05-28 16:50:00,9,Scrap Steel
DEF-02775,M003,2025-05-28 17:30:00,8,Packaging
DEF-02776,M003,2025-05-28 19:15:00,1,Circuit Board
DEF-02777,M003,2025-05-28 20:20:00,10,Cotton
DEF-02778,M003,2025-05-28 20:50:00,19,Aluminum
DEF-02779,M003,2025-05-28 22:10:00,13,Plastic Resin
DEF-02780,M003,2025-05-29 00:30:00,14,Steel
DEF-02781,M003,2025-05-29 01:10:00,9,Catalyst
DEF-02782,M003,2025-05-29 01:30:00,28,Reprocessed Plastics
DEF-02783,M003,2025-05-29 03:40:00,11,Solvent
DEF-02784,M003,2025-05-29 05:35:00,10,Solvent
DEF-02785,M003,2025-05-29 06:40:00,6,Circuit Board
DEF-02786,M003,2025-05-29 06:55:00,31,Lead-Based Alloy
DEF-02787,M003,2025-05-29 07:10:00,27,Reprocessed Plastics
DEF-02788,M003,2025-05-29 08:00:00,6,Industrial Oil
DEF-02789,M003,2025-05-29 09:35:00,2,Machine Component
DEF-02790,M003,2025-05-29 10:20:00,6,Machine Component
DEF-02791,M003,2025-05-29 10:40:00,10,Industrial Oil
DEF-02792,M003,2025-05-29 10:50:00,6,Solvent
DEF-02793,M003,2025-05-29 11:00:00,39,Circuit Board
DEF-02794,M003,2025-05-29 11:40:00,23,Machine Component
DEF-02795,M003,2025-05-29 12:05:00,19,Plastic Resin
DEF-02796,M003,2025-05-29 12:10:00,3,Polypropylene
DEF-02797,M003,2025-05-29 12:30:00,12,Packaging
DEF-02798,M003,2025-05-29 12:55:00,5,Machine Component
DEF-02799,M003,2025-05-29 13:50:00,20,Steel
DEF-02800,M003,2025-05-29 14:10:00,33,Reprocessed Plastics
DEF-02801,M003,2025-05-29 15:05:00,0,Coolant
DEF-02802,M003,2025-05-29 15:30:00,3,Plastic Resin
DEF-02803,M003,2025-05-29 16:55:00,11,Packaging
DEF-02804,M003,2025-05-29 17:05:00,0,Cotton
DEF-02805,M003,2025-05-29 18:20:00,13,Scrap Steel
DEF-02806,M003,2025-05-29 18:55:00,22,Textiles
DEF-02807,M003,2025-05-29 19:10:00,2,Sheet Metal
DEF-02808,M003,2025-05-29 22:10:00,17,Aluminum
DEF-02809,M003,2025-05-29 22:15:00,13,Catalyst
DEF-02810,M003,2025-05-29 22:55:00,6,Circuit Board
DEF-02811,M003,2025-05-30 01:00:00,35,Coolant
DEF-02812,M003,2025-05-30 01:30:00,12,Solvent
DEF-02813,M003,2025-05-30 01:35:00,13,Machine Component
DEF-02814,M003,2025-05-30 01:45:00,10,Reprocessed Plastics
DEF-02815,M003,2025-05-30 02:10:00,31,Steel
DEF-02816,M003,2025-05-30 02:40:00,19,Steel
DEF-02817,M003,2025-05-30 03:05:00,8,Coolant
DEF-02818,M003,2025-05-30 03:30:00,19,Sheet Metal
DEF-02819,M003,2025-05-30 05:05:00,40,Polypropylene
DEF-02820,M003,2025-05-30 05:50:00,9,Coolant
DEF-02821,M003,2025-05-30 06:05:00,3,Plastic Resin
DEF-02822,M003,2025-05-30 06:25:00,27,Textiles
DEF-02823,M003,2025-05-30 07:05:00,30,Reprocessed Plastics
DEF-02824,M003,2025-05-30 07:50:00,38,Machine Component
DEF-02825,M003,2025-05-30 08:45:00,15,Coolant
DEF-02826,M003,2025-05-30 10:05:00,4,Polypropylene
DEF-02827,M003,2025-05-30 11:30:00,4,Textiles
DEF-02828,M003,2025-05-30 12:50:00,38,Scrap Steel
DEF-02829,M003,2025-05-30 14:05:00,14,Scrap Steel
DEF-02830,M003,2025-05-30 14:15:00,18,Lead-Based Alloy
DEF-02831,M003,2025-05-30 15:25:00,25,Packaging
DEF-02832,M003,2025-05-30 15:45:00,1,Packaging
DEF-02833,M003,2025-05-30 16:20:00,3,Reprocessed Plastics
DEF-02834,M003,2025-05-30 16:30:00,1,Cotton
DEF-02835,M003,2025-05-30 16:45:00,23,Solvent
DEF-02836,M003,2025-05-30 17:50:00,27,Circuit Board
DEF-02837,M003,2025-05-30 18:15:00,3,Sheet Metal
DEF-02838,M003,2025-05-30 20:20:00,1,Machine Component
DEF-02839,M003,2025-05-30 22:20:00,10,Circuit Board
DEF-02840,M003,2025-05-30 22:25:00,3,Textiles
DEF-02841,M003,2025-05-30 22:40:00,10,Plastic Resin
DEF-02842,M003,2025-05-30 23:05:00,27,Coolant
DEF-02843,M003,2025-05-30 23:50:00,24,Packaging
DEF-02844,M003,2025-05-31 02:50:00,3,Catalyst
DEF-02845,M003,2025-05-31 05:45:00,25,Sheet Metal
DEF-02846,M003,2025-05-31 07:35:00,6,Reprocessed Plastics
DEF-02847,M003,2025-05-31 10:00:00,1,Polypropylene
DEF-02848,M003,2025-05-31 10:30:00,0,Solvent
DEF-02849,M003,2025-05-31 10:35:00,16,Circuit Board
DEF-02850,M003,2025-05-31 10:45:00,30,Steel
DEF-02851,M003,2025-05-31 12:10:00,16,Industrial Oil
DEF-02852,M003,2025-05-31 13:40:00,6,Solvent
DEF-02853,M003,2025-05-31 14:05:00,1,Textiles
DEF-02854,M003,2025-05-31 14:10:00,22,Solvent
DEF-02855,M003,2025-05-31 14:30:00,5,Circuit Board
DEF-02856,M003,2025-05-31 14:35:00,3,Industrial Oil
DEF-02857,M003,2025-05-31 14:50:00,37,Textiles
DEF-02858,M003,2025-05-31 15:35:00,3,Circuit Board
DEF-02859,M003,2025-05-31 16:20:00,9,Plastic Resin
DEF-02860,M003,2025-05-31 17:45:00,14,Polypropylene
DEF-02861,M003,2025-05-31 18:10:00,4,Scrap Steel
DEF-02862,M003,2025-05-31 18:30:00,5,Sheet Metal
DEF-02863,M003,2025-05-31 19:05:00,22,Lead-Based Alloy
DEF-02864,M003,2025-05-31 19:25:00,5,Machine Component
DEF-02865,M003,2025-05-31 19:50:00,29,Coolant
DEF-02866,M003,2025-05-31 20:50:00,33,Steel
DEF-02867,M003,2025-05-31 22:50:00,5,Lead-Based Alloy
DEF-02868,M003,2025-05-31 22:55:00,6,Lead-Based Alloy
DEF-02869,M003,2025-05-31 23:50:00,14,Cotton
DEF-02870,M003,2025-06-01 01:30:00,41,Industrial Oil
DEF-02871,M003,2025-06-01 01:40:00,23,Scrap Steel
DEF-02872,M003,2025-06-01 03:40:00,12,Lead-Based Alloy
DEF-02873,M003,2025-06-01 03:50:00,20,Lead-Based Alloy
DEF-02874,M003,2025-06-01 04:30:00,5,Plastic Resin
DEF-02875,M003,2025-06-01 05:25:00,6,Lead-Based Alloy
DEF-02876,M003,2025-06-01 05:30:00,13,Industrial Oil
DEF-02877,M003,2025-06-01 05:35:00,35,Sheet Metal
DEF-02878,M003,2025-06-01 07:40:00,10,Sheet Metal
DEF-02879,M003,2025-06-01 14:55:00,21,Circuit Board
DEF-02880,M003,2025-06-01 15:10:00,8,Polypropylene
DEF-02881,M003,2025-06-01 15:25:00,8,Sheet Metal
DEF-02882,M003,2025-06-01 15:35:00,31,Polypropylene
DEF-02883,M003,2025-06-01 16:50:00,18,Sheet Metal
DEF-02884,M003,2025-06-01 17:45:00,37,Plastic Resin
DEF-02885,M003,2025-06-01 20:20:00,8,Sheet Metal
DEF-02886,M003,2025-06-01 23:55:00,6,Polypropylene
DEF-02887,M003,2025-06-02 00:30:00,20,Reprocessed Plastics
DEF-02888,M003,2025-06-02 01:35:00,4,Polypropylene
DEF-02889,M003,2025-06-02 02:00:00,20,Polypropylene
DEF-02890,M003,2025-06-02 02:10:00,6,Industrial Oil
DEF-02891,M003,2025-06-02 03:50:00,2,Textiles
DEF-02892,M003,2025-06-02 04:30:00,17,Aluminum
DEF-02893,M003,2025-06-02 04:35:00,16,Solvent
DEF-02894,M003,2025-06-02 05:00:00,11,Plastic Resin
DEF-02895,M003,2025-06-02 05:05:00,23,Coolant
DEF-02896,M003,2025-06-02 05:10:00,30,Circuit Board
DEF-02897,M003,2025-06-02 06:45:00,35,Sheet Metal
DEF-02898,M003,2025-06-02 07:50:00,1,Sheet Metal
DEF-02899,M003,2025-06-02 08:45:00,2,Lead-Based Alloy
DEF-02900,M003,2025-06-02 10:50:00,7,Lead-Based Alloy
DEF-02901,M003,2025-06-02 11:20:00,15,Scrap Steel
DEF-02902,M003,2025-06-02 11:45:00,4,Lead-Based Alloy
DEF-02903,M003,2025-06-02 12:15:00,15,Cotton
DEF-02904,M003,2025-06-02 13:15:00,4,Reprocessed Plastics
DEF-02905,M003,2025-06-02 13:55:00,2,Scrap Steel
DEF-02906,M003,2025-06-02 15:50:00,17,Scrap Steel
DEF-02907,M003,2025-06-02 16:35:00,29,Reprocessed Plastics
DEF-02908,M003,2025-06-02 17:15:00,15,Scrap Steel
DEF-02909,M003,2025-06-02 20:15:00,16,Plastic Resin
DEF-02910,M003,2025-06-02 21:35:00,20,Aluminum
DEF-02911,M003,2025-06-02 21:45:00,4,Machine Component
DEF-02912,M003,2025-06-02 22:15:00,2,Solvent
DEF-02913,M003,2025-06-02 22:20:00,5,Textiles
DEF-02914,M003,2025-06-02 22:30:00,32,Machine Component
DEF-02915,M003,2025-06-02 23:20:00,10,Coolant
DEF-02916,M003,2025-06-03 00:00:00,2,Textiles
DEF-02917,M003,2025-06-03 01:05:00,9,Solvent
DEF-02918,M003,2025-06-03 01:30:00,24,Steel
DEF-02919,M003,2025-06-03 02:05:00,13,Textiles
DEF-02920,M003,2025-06-03 02:30:00,3,Scrap Steel
DEF-02921,M003,2025-06-03 03:00:00,10,Industrial Oil
DEF-02922,M003,2025-06-03 03:10:00,21,Solvent
DEF-02923,M003,2025-06-03 04:10:00,30,Plastic Resin
DEF-02924,M003,2025-06-03 04:15:00,3,Textiles
DEF-02925,M003,2025-06-03 05:55:00,10,Reprocessed Plastics
DEF-02926,M003,2025-06-03 06:00:00,15,Solvent
DEF-02927,M003,2025-06-03 06:35:00,10,Sheet Metal
DEF-02928,M003,2025-06-03 06:40:00,8,Circuit Board
DEF-02929,M003,2025-06-03 08:50:00,4,Reprocessed Plastics
DEF-02930,M003,2025-06-03 09:20:00,0,Reprocessed Plastics
DEF-02931,M003,2025-06-03 09:35:00,6,Scrap Steel
DEF-02932,M003,2025-06-03 10:30:00,14,Plastic Resin
DEF-02933,M003,2025-06-03 11:05:00,14,Solvent
DEF-02934,M003,2025-06-03 12:50:00,20,Textiles
DEF-02935,M003,2025-06-03 14:00:00,22,Textiles
DEF-02936,M003,2025-06-03 14:10:00,7,Coolant
DEF-02937,M003,2025-06-03 15:50:00,5,Solvent
DEF-02938,M003,2025-06-03 16:40:00,4,Catalyst
DEF-02939,M003,2025-06-03 16:50:00,38,Industrial Oil
DEF-02940,M003,2025-06-03 19:05:00,4,Scrap Steel
DEF-02941,M003,2025-06-03 19:30:00,13,Polypropylene
DEF-02942,M003,2025-06-03 19:40:00,20,Polypropylene
DEF-02943,M003,2025-06-03 20:50:00,18,Lead-Based Alloy
DEF-02944,M003,2025-06-03 21:05:00,3,Lead-Based Alloy
DEF-02945,M003,2025-06-03 22:50:00,8,Industrial Oil
DEF-02946,M003,2025-06-03 22:55:00,4,Aluminum
DEF-02947,M003,2025-06-03 23:25:00,13,Catalyst
DEF-02948,M003,2025-06-04 01:15:00,15,Steel
DEF-02949,M003,2025-06-04 01:30:00,39,Plastic Resin
DEF-02950,M003,2025-06-04 03:10:00,5,Solvent
DEF-02951,M003,2025-06-04 05:15:00,2,Textiles
DEF-02952,M003,2025-06-04 05:25:00,31,Scrap Steel
DEF-02953,M003,2025-06-04 05:30:00,3,Reprocessed Plastics
DEF-02954,M003,2025-06-04 06:35:00,0,Industrial Oil
DEF-02955,M003,2025-06-04 07:35:00,13,Catalyst
DEF-02956,M003,2025-06-04 09:10:00,2,Solvent
DEF-02957,M003,2025-06-04 11:30:00,44,Textiles
DEF-02958,M003,2025-06-04 11:40:00,4,Solvent
DEF-02959,M003,2025-06-04 12:45:00,19,Scrap Steel
DEF-02960,M003,2025-06-04 13:15:00,8,Scrap Steel
DEF-02961,M003,2025-06-04 13:55:00,13,Plastic Resin
DEF-02962,M003,2025-06-04 14:35:00,35,Scrap Steel
DEF-02963,M003,2025-06-04 15:00:00,8,Packaging
DEF-02964,M003,2025-06-04 15:10:00,15,Packaging
DEF-02965,M003,2025-06-04 16:10:00,8,Lead-Based Alloy
DEF-02966,M003,2025-06-04 16:45:00,8,Plastic Resin
DEF-02967,M003,2025-06-04 16:55:00,5,Circuit Board
DEF-02968,M003,2025-06-04 18:10:00,43,Catalyst
DEF-02969,M003,2025-06-04 18:45:00,14,Aluminum
DEF-02970,M003,2025-06-04 19:00:00,7,Plastic Resin
DEF-02971,M003,2025-06-04 20:50:00,37,Steel
DEF-02972,M003,2025-06-04 22:45:00,5,Plastic Resin
DEF-02973,M003,2025-06-04 23:20:00,15,Plastic Resin
DEF-02974,M004,2025-05-01 08:50:00,26,Plastic Resin
DEF-02975,M004,2025-05-01 08:55:00,14,Machine Component
DEF-02976,M004,2025-05-01 10:05:00,11,Machine Component
DEF-02977,M004,2025-05-01 10:15:00,8,Steel
DEF-02978,M004,2025-05-01 10:40:00,7,Solvent
DEF-02979,M004,2025-05-01 10:50:00,23,Plastic Resin
DEF-02980,M004,2025-05-01 11:40:00,12,Coolant
DEF-02981,M004,2025-05-01 12:35:00,2,Industrial Oil
DEF-02982,M004,2025-05-01 12:45:00,17,Sheet Metal
DEF-02983,M004,2025-05-01 13:45:00,0,Machine Component
DEF-02984,M004,2025-05-01 14:20:00,6,Coolant
DEF-02985,M004,2025-05-01 16:40:00,7,Industrial Oil
DEF-02986,M004,2025-05-01 16:45:00,23,Machine Component
DEF-02987,M004,2025-05-01 17:30:00,3,Circuit Board
DEF-02988,M004,2025-05-01 17:40:00,6,Catalyst
DEF-02989,M004,2025-05-01 17:50:00,1,Circuit Board
DEF-02990,M004,2025-05-01 19:55:00,26,Circuit Board
DEF-02991,M004,2025-05-01 21:40:00,30,Lead-Based Alloy
DEF-02992,M004,2025-05-01 22:10:00,6,Aluminum
DEF-02993,M004,2025-05-02 00:05:00,27,Lead-Based Alloy
DEF-02994,M004,2025-05-02 00:15:00,6,Industrial Oil
DEF-02995,M004,2025-05-02 02:10:00,1,Coolant
DEF-02996,M004,2025-05-02 03:25:00,1,Reprocessed Plastics
DEF-02997,M004,2025-05-02 03:35:00,31,Solvent
DEF-02998,M004,2025-05-02 06:00:00,3,Catalyst
DEF-02999,M004,2025-05-02 06:20:00,20,Solvent
DEF-03000,M004,2025-05-02 08:25:00,16,Plastic Resin
DEF-03001,M004,2025-05-02 08:30:00,31,Packaging
DEF-03002,M004,2025-05-02 09:30:00,13,Polypropylene
DEF-03003,M004,2025-05-02 09:50:00,1,Reprocessed Plastics
DEF-03004,M004,2025-05-02 10:05:00,13,Sheet Metal
DEF-03005,M004,2025-05-02 12:45:00,28,Reprocessed Plastics
DEF-03006,M004,2025-05-02 13:30:00,32,Catalyst
DEF-03007,M004,2025-05-02 14:05:00,19,Solvent
DEF-03008,M004,2025-05-02 14:30:00,32,Circuit Board
DEF-03009,M004,2025-05-02 15:40:00,19,Reprocessed Plastics
DEF-03010,M004,2025-05-02 17:50:00,11,Industrial Oil
DEF-03011,M004,2025-05-02 18:05:00,50,Scrap Steel
DEF-03012,M004,2025-05-02 18:15:00,25,Textiles
DEF-03013,M004,2025-05-02 20:10:00,41,Solvent
DEF-03014,M004,2025-05-02 22:05:00,5,Packaging
DEF-03015,M004,2025-05-02 22:20:00,2,Reprocessed Plastics
DEF-03016,M004,2025-05-02 22:25:00,4,Solvent
DEF-03017,M004,2025-05-02 22:45:00,13,Textiles
DEF-03018,M004,2025-05-03 00:05:00,26,Sheet Metal
DEF-03019,M004,2025-05-03 00:30:00,12,Cotton
DEF-03020,M004,2025-05-03 01:00:00,29,Packaging
DEF-03021,M004,2025-05-03 01:40:00,0,Plastic Resin
DEF-03022,M004,2025-05-03 02:00:00,23,Plastic Resin
DEF-03023,M004,2025-05-03 04:25:00,13,Circuit Board
DEF-03024,M004,2025-05-03 05:15:00,14,Packaging
DEF-03025,M004,2025-05-03 05:50:00,4,Coolant
DEF-03026,M004,2025-05-03 06:35:00,4,Textiles
DEF-03027,M004,2025-05-03 09:20:00,11,Cotton
DEF-03028,M004,2025-05-03 09:50:00,23,Coolant
DEF-03029,M004,2025-05-03 10:00:00,21,Sheet Metal
DEF-03030,M004,2025-05-03 13:00:00,7,Aluminum
DEF-03031,M004,2025-05-03 13:15:00,14,Coolant
DEF-03032,M004,2025-05-03 13:25:00,17,Textiles
DEF-03033,M004,2025-05-03 14:15:00,8,Polypropylene
DEF-03034,M004,2025-05-03 14:45:00,6,Sheet Metal
DEF-03035,M004,2025-05-03 14:50:00,9,Reprocessed Plastics
DEF-03036,M004,2025-05-03 16:45:00,16,Industrial Oil
DEF-03037,M004,2025-05-03 17:45:00,12,Packaging
DEF-03038,M004,2025-05-03 18:00:00,3,Scrap Steel
DEF-03039,M004,2025-05-03 18:05:00,6,Solvent
DEF-03040,M004,2025-05-03 21:55:00,11,Aluminum
DEF-03041,M004,2025-05-03 22:20:00,41,Catalyst
DEF-03042,M004,2025-05-03 22:25:00,3,Cotton
DEF-03043,M004,2025-05-03 22:55:00,6,Solvent
DEF-03044,M004,2025-05-03 23:15:00,19,Lead-Based Alloy
DEF-03045,M004,2025-05-03 23:30:00,5,Lead-Based Alloy
DEF-03046,M004,2025-05-04 00:00:00,11,Lead-Based Alloy
DEF-03047,M004,2025-05-04 00:40:00,29,Packaging
DEF-03048,M004,2025-05-04 01:10:00,22,Reprocessed Plastics
DEF-03049,M004,2025-05-04 01:15:00,3,Polypropylene
DEF-03050,M004,2025-05-04 02:20:00,0,Solvent
DEF-03051,M004,2025-05-04 02:50:00,5,Plastic Resin
DEF-03052,M004,2025-05-04 03:10:00,22,Aluminum
DEF-03053,M004,2025-05-04 03:50:00,13,Solvent
DEF-03054,M004,2025-05-04 04:15:00,8,Scrap Steel
DEF-03055,M004,2025-05-04 05:00:00,1,Aluminum
DEF-03056,M004,2025-05-04 05:55:00,27,Solvent
DEF-03057,M004,2025-05-04 06:00:00,3,Aluminum
DEF-03058,M004,2025-05-04 06:50:00,5,Cotton
DEF-03059,M004,2025-05-04 07:35:00,14,Sheet Metal
DEF-03060,M004,2025-05-04 08:05:00,9,Sheet Metal
DEF-03061,M004,2025-05-04 09:50:00,13,Packaging
DEF-03062,M004,2025-05-04 11:45:00,3,Machine Component
DEF-03063,M004,2025-05-04 12:15:00,7,Solvent
DEF-03064,M004,2025-05-04 13:10:00,31,Reprocessed Plastics
DEF-03065,M004,2025-05-04 13:55:00,9,Aluminum
DEF-03066,M004,2025-05-04 14:35:00,34,Industrial Oil
DEF-03067,M004,2025-05-04 14:55:00,11,Machine Component
DEF-03068,M004,2025-05-04 15:05:00,4,Scrap Steel
DEF-03069,M004,2025-05-04 15:35:00,33,Plastic Resin
DEF-03070,M004,2025-05-04 15:55:00,0,Plastic Resin
DEF-03071,M004,2025-05-04 16:35:00,25,Lead-Based Alloy
DEF-03072,M004,2025-05-04 16:40:00,21,Circuit Board
DEF-03073,M004,2025-05-04 17:05:00,30,Lead-Based Alloy
DEF-03074,M004,2025-05-04 20:40:00,36,Textiles
DEF-03075,M004,2025-05-04 20:50:00,3,Lead-Based Alloy
DEF-03076,M004,2025-05-04 20:55:00,4,Industrial Oil
DEF-03077,M004,2025-05-04 21:00:00,19,Solvent
DEF-03078,M004,2025-05-04 22:15:00,11,Catalyst
DEF-03079,M004,2025-05-04 23:00:00,3,Textiles
DEF-03080,M004,2025-05-04 23:30:00,12,Lead-Based Alloy
DEF-03081,M004,2025-05-05 00:20:00,17,Coolant
DEF-03082,M004,2025-05-05 02:40:00,21,Catalyst
DEF-03083,M004,2025-05-05 02:55:00,1,Machine Component
DEF-03084,M004,2025-05-05 04:25:00,5,Polypropylene
DEF-03085,M004,2025-05-05 06:00:00,8,Aluminum
DEF-03086,M004,2025-05-05 06:45:00,14,Reprocessed Plastics
DEF-03087,M004,2025-05-05 10:30:00,12,Reprocessed Plastics
DEF-03088,M004,2025-05-05 11:25:00,23,Lead-Based Alloy
DEF-03089,M004,2025-05-05 11:35:00,2,Polypropylene
DEF-03090,M004,2025-05-05 12:55:00,8,Reprocessed Plastics
DEF-03091,M004,2025-05-05 13:00:00,15,Machine Component
DEF-03092,M004,2025-05-05 13:45:00,0,Plastic Resin
DEF-03093,M004,2025-05-05 14:30:00,13,Lead-Based Alloy
DEF-03094,M004,2025-05-05 15:15:00,47,Reprocessed Plastics
DEF-03095,M004,2025-05-05 15:25:00,1,Packaging
DEF-03096,M004,2025-05-05 15:35:00,0,Sheet Metal
DEF-03097,M004,2025-05-05 15:55:00,4,Aluminum
DEF-03098,M004,2025-05-05 16:05:00,2,Circuit Board
DEF-03099,M004,2025-05-05 16:45:00,17,Catalyst
DEF-03100,M004,2025-05-05 17:15:00,18,Textiles
DEF-03101,M004,2025-05-05 17:35:00,10,Reprocessed Plastics
DEF-03102,M004,2025-05-05 18:55:00,7,Reprocessed Plastics
DEF-03103,M004,2025-05-05 19:50:00,8,Packaging
DEF-03104,M004,2025-05-05 21:05:00,14,Textiles
DEF-03105,M004,2025-05-05 21:10:00,0,Solvent
DEF-03106,M004,2025-05-05 21:55:00,12,Steel
DEF-03107,M004,2025-05-05 22:35:00,21,Scrap Steel
DEF-03108,M004,2025-05-05 22:50:00,11,Machine Component
DEF-03109,M004,2025-05-05 23:50:00,15,Coolant
DEF-03110,M004,2025-05-05 23:55:00,7,Polypropylene
DEF-03111,M004,2025-05-06 00:25:00,1,Textiles
DEF-03112,M004,2025-05-06 00:50:00,17,Industrial Oil
DEF-03113,M004,2025-05-06 00:55:00,20,Circuit Board
DEF-03114,M004,2025-05-06 01:30:00,38,Circuit Board
DEF-03115,M004,2025-05-06 02:00:00,4,Packaging
DEF-03116,M004,2025-05-06 03:40:00,11,Polypropylene
DEF-03117,M004,2025-05-06 04:00:00,6,Industrial Oil
DEF-03118,M004,2025-05-06 04:45:00,11,Aluminum
DEF-03119,M004,2025-05-06 05:00:00,15,Circuit Board
DEF-03120,M004,2025-05-06 05:40:00,1,Aluminum
DEF-03121,M004,2025-05-06 06:00:00,20,Industrial Oil
DEF-03122,M004,2025-05-06 06:55:00,17,Plastic Resin
DEF-03123,M004,2025-05-06 07:35:00,20,Machine Component
DEF-03124,M004,2025-05-06 08:20:00,1,Catalyst
DEF-03125,M004,2025-05-06 08:25:00,18,Industrial Oil
DEF-03126,M004,2025-05-06 09:05:00,3,Packaging
DEF-03127,M004,2025-05-06 09:20:00,37,Aluminum
DEF-03128,M004,2025-05-06 11:45:00,8,Scrap Steel
DEF-03129,M004,2025-05-06 12:10:00,7,Lead-Based Alloy
DEF-03130,M004,2025-05-06 12:45:00,16,Packaging
DEF-03131,M004,2025-05-06 13:40:00,7,Packaging
DEF-03132,M004,2025-05-06 13:55:00,11,Reprocessed Plastics
DEF-03133,M004,2025-05-06 14:05:00,2,Catalyst
DEF-03134,M004,2025-05-06 14:30:00,7,Coolant
DEF-03135,M004,2025-05-06 15:00:00,14,Scrap Steel
DEF-03136,M004,2025-05-06 17:30:00,22,Polypropylene
DEF-03137,M004,2025-05-06 18:20:00,40,Polypropylene
DEF-03138,M004,2025-05-06 18:30:00,3,Cotton
DEF-03139,M004,2025-05-06 19:40:00,1,Packaging
DEF-03140,M004,2025-05-06 20:40:00,1,Steel
DEF-03141,M004,2025-05-06 20:55:00,0,Catalyst
DEF-03142,M004,2025-05-06 21:20:00,17,Scrap Steel
DEF-03143,M004,2025-05-06 21:45:00,26,Circuit Board
DEF-03144,M004,2025-05-06 22:25:00,2,Catalyst
DEF-03145,M004,2025-05-06 22:55:00,2,Industrial Oil
DEF-03146,M004,2025-05-06 23:55:00,6,Steel
DEF-03147,M004,2025-05-07 00:00:00,11,Sheet Metal
DEF-03148,M004,2025-05-07 01:15:00,38,Circuit Board
DEF-03149,M004,2025-05-07 01:40:00,1,Steel
DEF-03150,M004,2025-05-07 01:55:00,29,Solvent
DEF-03151,M004,2025-05-07 02:10:00,43,Coolant
DEF-03152,M004,2025-05-07 02:30:00,3,Solvent
DEF-03153,M004,2025-05-07 02:50:00,8,Steel
DEF-03154,M004,2025-05-07 03:55:00,0,Machine Component
DEF-03155,M004,2025-05-07 04:20:00,21,Polypropylene
DEF-03156,M004,2025-05-07 05:15:00,16,Steel
DEF-03157,M004,2025-05-07 06:45:00,14,Plastic Resin
DEF-03158,M004,2025-05-07 08:15:00,9,Circuit Board
DEF-03159,M004,2025-05-07 09:50:00,5,Lead-Based Alloy
DEF-03160,M004,2025-05-07 10:00:00,9,Packaging
DEF-03161,M004,2025-05-07 10:40:00,10,Reprocessed Plastics
DEF-03162,M004,2025-05-07 12:00:00,16,Catalyst
DEF-03163,M004,2025-05-07 12:10:00,4,Aluminum
DEF-03164,M004,2025-05-07 14:20:00,5,Machine Component
DEF-03165,M004,2025-05-07 14:25:00,12,Packaging
DEF-03166,M004,2025-05-07 14:35:00,5,Plastic Resin
DEF-03167,M004,2025-05-07 15:30:00,14,Lead-Based Alloy
DEF-03168,M004,2025-05-07 15:55:00,22,Plastic Resin
DEF-03169,M004,2025-05-07 16:05:00,4,Reprocessed Plastics
DEF-03170,M004,2025-05-07 18:00:00,28,Solvent
DEF-03171,M004,2025-05-07 18:05:00,41,Circuit Board
DEF-03172,M004,2025-05-07 19:10:00,44,Polypropylene
DEF-03173,M004,2025-05-07 20:00:00,3,Plastic Resin
DEF-03174,M004,2025-05-07 20:10:00,30,Plastic Resin
DEF-03175,M004,2025-05-07 21:15:00,17,Solvent
DEF-03176,M004,2025-05-07 21:40:00,5,Coolant
DEF-03177,M004,2025-05-07 22:20:00,8,Scrap Steel
DEF-03178,M004,2025-05-07 23:40:00,1,Textiles
DEF-03179,M004,2025-05-08 00:15:00,18,Catalyst
DEF-03180,M004,2025-05-08 01:40:00,3,Plastic Resin
DEF-03181,M004,2025-05-08 03:25:00,40,Industrial Oil
DEF-03182,M004,2025-05-08 03:40:00,11,Sheet Metal
DEF-03183,M004,2025-05-08 04:10:00,7,Scrap Steel
DEF-03184,M004,2025-05-08 05:00:00,17,Scrap Steel
DEF-03185,M004,2025-05-08 05:05:00,25,Industrial Oil
DEF-03186,M004,2025-05-08 06:40:00,37,Solvent
DEF-03187,M004,2025-05-08 06:50:00,15,Coolant
DEF-03188,M004,2025-05-08 07:30:00,31,Circuit Board
DEF-03189,M004,2025-05-08 10:05:00,24,Scrap Steel
DEF-03190,M004,2025-05-08 12:00:00,4,Textiles
DEF-03191,M004,2025-05-08 12:45:00,17,Machine Component
DEF-03192,M004,2025-05-08 13:15:00,28,Circuit Board
DEF-03193,M004,2025-05-08 13:45:00,6,Plastic Resin
DEF-03194,M004,2025-05-08 14:05:00,32,Industrial Oil
DEF-03195,M004,2025-05-08 14:50:00,4,Machine Component
DEF-03196,M004,2025-05-08 15:00:00,3,Solvent
DEF-03197,M004,2025-05-08 17:00:00,12,Textiles
DEF-03198,M004,2025-05-08 18:00:00,13,Plastic Resin
DEF-03199,M004,2025-05-08 18:15:00,11,Plastic Resin
DEF-03200,M004,2025-05-08 19:50:00,8,Steel
DEF-03201,M004,2025-05-08 20:35:00,27,Textiles
DEF-03202,M004,2025-05-08 21:00:00,2,Steel
DEF-03203,M004,2025-05-08 21:55:00,2,Textiles
DEF-03204,M004,2025-05-08 23:00:00,8,Packaging
DEF-03205,M004,2025-05-08 23:10:00,9,Reprocessed Plastics
DEF-03206,M004,2025-05-09 00:30:00,1,Machine Component
DEF-03207,M004,2025-05-09 01:00:00,7,Reprocessed Plastics
DEF-03208,M004,2025-05-09 01:35:00,16,Coolant
DEF-03209,M004,2025-05-09 01:45:00,28,Circuit Board
DEF-03210,M004,2025-05-09 02:40:00,4,Packaging
DEF-03211,M004,2025-05-09 02:50:00,11,Solvent
DEF-03212,M004,2025-05-09 03:10:00,18,Industrial Oil
DEF-03213,M004,2025-05-09 03:35:00,12,Textiles
DEF-03214,M004,2025-05-09 03:40:00,3,Sheet Metal
DEF-03215,M004,2025-05-09 04:00:00,19,Machine Component
DEF-03216,M004,2025-05-09 04:05:00,12,Sheet Metal
DEF-03217,M004,2025-05-09 04:20:00,28,Industrial Oil
DEF-03218,M004,2025-05-09 04:30:00,27,Reprocessed Plastics
DEF-03219,M004,2025-05-09 04:55:00,2,Aluminum
DEF-03220,M004,2025-05-09 05:15:00,5,Aluminum
DEF-03221,M004,2025-05-09 06:10:00,6,Aluminum
DEF-03222,M004,2025-05-09 06:20:00,7,Reprocessed Plastics
DEF-03223,M004,2025-05-09 08:05:00,19,Scrap Steel
DEF-03224,M004,2025-05-09 10:50:00,7,Packaging
DEF-03225,M004,2025-05-09 10:55:00,37,Scrap Steel
DEF-03226,M004,2025-05-09 13:35:00,24,Polypropylene
DEF-03227,M004,2025-05-09 13:50:00,12,Scrap Steel
DEF-03228,M004,2025-05-09 14:00:00,18,Lead-Based Alloy
DEF-03229,M004,2025-05-09 14:20:00,4,Circuit Board
DEF-03230,M004,2025-05-09 14:35:00,8,Packaging
DEF-03231,M004,2025-05-09 15:35:00,7,Sheet Metal
DEF-03232,M004,2025-05-09 16:15:00,19,Lead-Based Alloy
DEF-03233,M004,2025-05-09 16:20:00,29,Cotton
DEF-03234,M004,2025-05-09 16:45:00,17,Sheet Metal
DEF-03235,M004,2025-05-09 17:30:00,29,Reprocessed Plastics
DEF-03236,M004,2025-05-09 19:10:00,18,Plastic Resin
DEF-03237,M004,2025-05-09 20:40:00,4,Solvent
DEF-03238,M004,2025-05-09 20:45:00,15,Sheet Metal
DEF-03239,M004,2025-05-09 20:55:00,6,Scrap Steel
DEF-03240,M004,2025-05-09 22:25:00,8,Aluminum
DEF-03241,M004,2025-05-09 23:35:00,38,Sheet Metal
DEF-03242,M004,2025-05-09 23:55:00,15,Lead-Based Alloy
DEF-03243,M004,2025-05-10 01:40:00,39,Aluminum
DEF-03244,M004,2025-05-10 01:45:00,4,Coolant
DEF-03245,M004,2025-05-10 01:50:00,2,Textiles
DEF-03246,M004,2025-05-10 01:55:00,14,Scrap Steel
DEF-03247,M004,2025-05-10 02:50:00,32,Solvent
DEF-03248,M004,2025-05-10 04:25:00,35,Industrial Oil
DEF-03249,M004,2025-05-10 04:45:00,9,Plastic Resin
DEF-03250,M004,2025-05-10 04:55:00,3,Textiles
DEF-03251,M004,2025-05-10 05:55:00,20,Reprocessed Plastics
DEF-03252,M004,2025-05-10 07:00:00,5,Aluminum
DEF-03253,M004,2025-05-10 07:10:00,4,Packaging
DEF-03254,M004,2025-05-10 08:25:00,4,Lead-Based Alloy
DEF-03255,M004,2025-05-10 08:40:00,14,Plastic Resin
DEF-03256,M004,2025-05-10 08:55:00,44,Polypropylene
DEF-03257,M004,2025-05-10 09:25:00,16,Sheet Metal
DEF-03258,M004,2025-05-10 09:50:00,5,Packaging
DEF-03259,M004,2025-05-10 10:35:00,11,Textiles
DEF-03260,M004,2025-05-10 12:50:00,28,Steel
DEF-03261,M004,2025-05-10 14:55:00,3,Solvent
DEF-03262,M004,2025-05-10 15:25:00,26,Circuit Board
DEF-03263,M004,2025-05-10 16:05:00,3,Machine Component
DEF-03264,M004,2025-05-10 16:35:00,4,Plastic Resin
DEF-03265,M004,2025-05-10 16:40:00,8,Polypropylene
DEF-03266,M004,2025-05-10 18:30:00,6,Coolant
DEF-03267,M004,2025-05-10 19:45:00,43,Solvent
DEF-03268,M004,2025-05-10 20:35:00,45,Industrial Oil
DEF-03269,M004,2025-05-10 21:35:00,27,Solvent
DEF-03270,M004,2025-05-10 21:55:00,11,Sheet Metal
DEF-03271,M004,2025-05-10 22:15:00,36,Solvent
DEF-03272,M004,2025-05-10 23:15:00,21,Solvent
DEF-03273,M004,2025-05-11 04:10:00,11,Reprocessed Plastics
DEF-03274,M004,2025-05-11 06:20:00,3,Textiles
DEF-03275,M004,2025-05-11 06:35:00,1,Circuit Board
DEF-03276,M004,2025-05-11 06:45:00,45,Sheet Metal
DEF-03277,M004,2025-05-11 07:30:00,10,Cotton
DEF-03278,M004,2025-05-11 09:10:00,1,Industrial Oil
DEF-03279,M004,2025-05-11 09:50:00,36,Machine Component
DEF-03280,M004,2025-05-11 10:50:00,24,Cotton
DEF-03281,M004,2025-05-11 11:20:00,21,Sheet Metal
DEF-03282,M004,2025-05-11 11:35:00,22,Sheet Metal
DEF-03283,M004,2025-05-11 12:10:00,21,Circuit Board
DEF-03284,M004,2025-05-11 14:10:00,1,Polypropylene
DEF-03285,M004,2025-05-11 14:45:00,14,Scrap Steel
DEF-03286,M004,2025-05-11 15:05:00,18,Reprocessed Plastics
DEF-03287,M004,2025-05-11 15:35:00,24,Solvent
DEF-03288,M004,2025-05-11 16:40:00,1,Catalyst
DEF-03289,M004,2025-05-11 17:00:00,30,Machine Component
DEF-03290,M004,2025-05-11 18:10:00,6,Aluminum
DEF-03291,M004,2025-05-11 18:45:00,6,Solvent
DEF-03292,M004,2025-05-11 19:35:00,20,Textiles
DEF-03293,M004,2025-05-11 20:45:00,4,Scrap Steel
DEF-03294,M004,2025-05-11 21:50:00,39,Catalyst
DEF-03295,M004,2025-05-11 22:15:00,11,Steel
DEF-03296,M004,2025-05-11 22:55:00,10,Plastic Resin
DEF-03297,M004,2025-05-11 23:50:00,29,Solvent
DEF-03298,M004,2025-05-12 00:10:00,4,Solvent
DEF-03299,M004,2025-05-12 01:40:00,14,Polypropylene
DEF-03300,M004,2025-05-12 01:45:00,27,Reprocessed Plastics
DEF-03301,M004,2025-05-12 04:45:00,28,Lead-Based Alloy
DEF-03302,M004,2025-05-12 06:15:00,3,Lead-Based Alloy
DEF-03303,M004,2025-05-12 07:20:00,5,Industrial Oil
DEF-03304,M004,2025-05-12 11:10:00,29,Plastic Resin
DEF-03305,M004,2025-05-12 12:20:00,12,Sheet Metal
DEF-03306,M004,2025-05-12 13:05:00,6,Scrap Steel
DEF-03307,M004,2025-05-12 14:20:00,1,Polypropylene
DEF-03308,M004,2025-05-12 14:25:00,37,Lead-Based Alloy
DEF-03309,M004,2025-05-12 15:00:00,6,Machine Component
DEF-03310,M004,2025-05-12 16:30:00,4,Packaging
DEF-03311,M004,2025-05-12 16:40:00,1,Scrap Steel
DEF-03312,M004,2025-05-12 16:55:00,30,Coolant
DEF-03313,M004,2025-05-12 17:20:00,3,Reprocessed Plastics
DEF-03314,M004,2025-05-12 17:40:00,6,Packaging
DEF-03315,M004,2025-05-12 19:05:00,5,Catalyst
DEF-03316,M004,2025-05-12 21:05:00,14,Solvent
DEF-03317,M004,2025-05-12 23:40:00,8,Sheet Metal
DEF-03318,M004,2025-05-12 23:50:00,12,Aluminum
DEF-03319,M004,2025-05-13 02:35:00,2,Plastic Resin
DEF-03320,M004,2025-05-13 03:10:00,14,Scrap Steel
DEF-03321,M004,2025-05-13 03:30:00,6,Catalyst
DEF-03322,M004,2025-05-13 03:55:00,44,Solvent
DEF-03323,M004,2025-05-13 05:15:00,8,Sheet Metal
DEF-03324,M004,2025-05-13 06:00:00,8,Sheet Metal
DEF-03325,M004,2025-05-13 06:15:00,3,Plastic Resin
DEF-03326,M004,2025-05-13 06:50:00,35,Aluminum
DEF-03327,M004,2025-05-13 07:15:00,5,Scrap Steel
DEF-03328,M004,2025-05-13 08:55:00,4,Solvent
DEF-03329,M004,2025-05-13 09:00:00,21,Sheet Metal
DEF-03330,M004,2025-05-13 10:05:00,5,Polypropylene
DEF-03331,M004,2025-05-13 10:30:00,11,Industrial Oil
DEF-03332,M004,2025-05-13 12:25:00,4,Lead-Based Alloy
DEF-03333,M004,2025-05-13 13:50:00,18,Solvent
DEF-03334,M004,2025-05-13 14:15:00,2,Cotton
DEF-03335,M004,2025-05-13 15:40:00,25,Packaging
DEF-03336,M004,2025-05-13 16:25:00,4,Packaging
DEF-03337,M004,2025-05-13 17:30:00,13,Steel
DEF-03338,M004,2025-05-13 17:35:00,27,Textiles
DEF-03339,M004,2025-05-13 18:50:00,16,Sheet Metal
DEF-03340,M004,2025-05-13 20:40:00,0,Textiles
DEF-03341,M004,2025-05-13 20:45:00,1,Coolant
DEF-03342,M004,2025-05-13 20:50:00,3,Scrap Steel
DEF-03343,M004,2025-05-13 20:55:00,13,Solvent
DEF-03344,M004,2025-05-13 21:45:00,6,Polypropylene
DEF-03345,M004,2025-05-14 00:20:00,15,Machine Component
DEF-03346,M004,2025-05-14 00:35:00,34,Polypropylene
DEF-03347,M004,2025-05-14 00:45:00,2,Solvent
DEF-03348,M004,2025-05-14 02:45:00,22,Aluminum
DEF-03349,M004,2025-05-14 04:00:00,13,Coolant
DEF-03350,M004,2025-05-14 04:10:00,18,Sheet Metal
DEF-03351,M004,2025-05-14 05:55:00,2,Catalyst
DEF-03352,M004,2025-05-14 06:25:00,11,Reprocessed Plastics
DEF-03353,M004,2025-05-14 08:50:00,4,Solvent
DEF-03354,M004,2025-05-14 08:55:00,16,Plastic Resin
DEF-03355,M004,2025-05-14 09:40:00,17,Industrial Oil
DEF-03356,M004,2025-05-14 13:40:00,3,Reprocessed Plastics
DEF-03357,M004,2025-05-14 15:05:00,1,Scrap Steel
DEF-03358,M004,2025-05-14 15:10:00,11,Aluminum
DEF-03359,M004,2025-05-14 16:25:00,37,Steel
DEF-03360,M004,2025-05-14 17:25:00,6,Industrial Oil
DEF-03361,M004,2025-05-14 19:05:00,1,Plastic Resin
DEF-03362,M004,2025-05-14 19:45:00,2,Lead-Based Alloy
DEF-03363,M004,2025-05-14 19:55:00,10,Industrial Oil
DEF-03364,M004,2025-05-14 20:00:00,4,Reprocessed Plastics
DEF-03365,M004,2025-05-14 20:35:00,10,Coolant
DEF-03366,M004,2025-05-14 21:05:00,12,Aluminum
DEF-03367,M004,2025-05-14 21:15:00,30,Coolant
DEF-03368,M004,2025-05-14 21:25:00,3,Cotton
DEF-03369,M004,2025-05-14 22:15:00,26,Plastic Resin
DEF-03370,M004,2025-05-14 22:55:00,16,Machine Component
DEF-03371,M004,2025-05-14 23:50:00,6,Plastic Resin
DEF-03372,M004,2025-05-14 23:55:00,4,Steel
DEF-03373,M004,2025-05-15 01:50:00,1,Solvent
DEF-03374,M004,2025-05-15 02:40:00,4,Steel
DEF-03375,M004,2025-05-15 04:40:00,4,Plastic Resin
DEF-03376,M004,2025-05-15 05:00:00,7,Lead-Based Alloy
DEF-03377,M004,2025-05-15 05:50:00,28,Solvent
DEF-03378,M004,2025-05-15 07:15:00,1,Machine Component
DEF-03379,M004,2025-05-15 07:40:00,8,Machine Component
DEF-03380,M004,2025-05-15 09:20:00,20,Solvent
DEF-03381,M004,2025-05-15 09:45:00,1,Circuit Board
DEF-03382,M004,2025-05-15 10:15:00,11,Scrap Steel
DEF-03383,M004,2025-05-15 11:35:00,11,Circuit Board
DEF-03384,M004,2025-05-15 12:00:00,12,Catalyst
DEF-03385,M004,2025-05-15 12:25:00,9,Scrap Steel
DEF-03386,M004,2025-05-15 12:55:00,11,Catalyst
DEF-03387,M004,2025-05-15 14:20:00,36,Lead-Based Alloy
DEF-03388,M004,2025-05-15 16:15:00,17,Reprocessed Plastics
DEF-03389,M004,2025-05-15 16:30:00,20,Solvent
DEF-03390,M004,2025-05-15 16:40:00,22,Solvent
DEF-03391,M004,2025-05-15 17:20:00,2,Sheet Metal
DEF-03392,M004,2025-05-15 17:30:00,13,Cotton
DEF-03393,M004,2025-05-15 19:30:00,8,Circuit Board
DEF-03394,M004,2025-05-15 19:50:00,21,Textiles
DEF-03395,M004,2025-05-15 20:20:00,17,Aluminum
DEF-03396,M004,2025-05-15 21:15:00,2,Industrial Oil
DEF-03397,M004,2025-05-15 21:20:00,13,Polypropylene
DEF-03398,M004,2025-05-15 23:40:00,28,Solvent
DEF-03399,M004,2025-05-16 00:10:00,26,Textiles
DEF-03400,M004,2025-05-16 01:30:00,5,Catalyst
DEF-03401,M004,2025-05-16 01:35:00,19,Steel
DEF-03402,M004,2025-05-16 01:45:00,14,Catalyst
DEF-03403,M004,2025-05-16 02:05:00,3,Catalyst
DEF-03404,M004,2025-05-16 02:25:00,9,Reprocessed Plastics
DEF-03405,M004,2025-05-16 02:40:00,10,Lead-Based Alloy
DEF-03406,M004,2025-05-16 02:50:00,5,Solvent
DEF-03407,M004,2025-05-16 03:55:00,7,Catalyst
DEF-03408,M004,2025-05-16 04:15:00,12,Solvent
DEF-03409,M004,2025-05-16 04:35:00,11,Scrap Steel
DEF-03410,M004,2025-05-16 05:35:00,14,Catalyst
DEF-03411,M004,2025-05-16 06:00:00,12,Coolant
DEF-03412,M004,2025-05-16 07:05:00,1,Reprocessed Plastics
DEF-03413,M004,2025-05-16 09:45:00,8,Packaging
DEF-03414,M004,2025-05-16 10:05:00,3,Cotton
DEF-03415,M004,2025-05-16 11:40:00,4,Aluminum
DEF-03416,M004,2025-05-16 13:05:00,0,Textiles
DEF-03417,M004,2025-05-16 14:25:00,31,Reprocessed Plastics
DEF-03418,M004,2025-05-16 15:00:00,12,Machine Component
DEF-03419,M004,2025-05-16 15:35:00,32,Reprocessed Plastics
DEF-03420,M004,2025-05-16 16:05:00,8,Plastic Resin
DEF-03421,M004,2025-05-16 19:50:00,1,Reprocessed Plastics
DEF-03422,M004,2025-05-16 21:50:00,26,Scrap Steel
DEF-03423,M004,2025-05-16 22:05:00,7,Scrap Steel
DEF-03424,M004,2025-05-16 22:55:00,23,Plastic Resin
DEF-03425,M004,2025-05-16 23:25:00,14,Reprocessed Plastics
DEF-03426,M004,2025-05-17 00:45:00,25,Textiles
DEF-03427,M004,2025-05-17 01:20:00,21,Packaging
DEF-03428,M004,2025-05-17 01:25:00,14,Lead-Based Alloy
DEF-03429,M004,2025-05-17 01:35:00,3,Cotton
DEF-03430,M004,2025-05-17 02:55:00,15,Machine Component
DEF-03431,M004,2025-05-17 03:15:00,8,Aluminum
DEF-03432,M004,2025-05-17 05:05:00,9,Sheet Metal
DEF-03433,M004,2025-05-17 05:10:00,18,Aluminum
DEF-03434,M004,2025-05-17 05:45:00,31,Machine Component
DEF-03435,M004,2025-05-17 07:55:00,13,Catalyst
DEF-03436,M004,2025-05-17 08:10:00,25,Scrap Steel
DEF-03437,M004,2025-05-17 08:30:00,12,Reprocessed Plastics
DEF-03438,M004,2025-05-17 08:40:00,5,Cotton
DEF-03439,M004,2025-05-17 08:45:00,31,Packaging
DEF-03440,M004,2025-05-17 09:10:00,18,Steel
DEF-03441,M004,2025-05-17 09:30:00,7,Coolant
DEF-03442,M004,2025-05-17 10:00:00,34,Cotton
DEF-03443,M004,2025-05-17 12:00:00,12,Lead-Based Alloy
DEF-03444,M004,2025-05-17 12:10:00,3,Circuit Board
DEF-03445,M004,2025-05-17 17:55:00,18,Cotton
DEF-03446,M004,2025-05-17 18:55:00,45,Circuit Board
DEF-03447,M004,2025-05-17 20:05:00,1,Solvent
DEF-03448,M004,2025-05-17 23:20:00,12,Lead-Based Alloy
DEF-03449,M004,2025-05-18 00:05:00,5,Circuit Board
DEF-03450,M004,2025-05-18 01:45:00,10,Sheet Metal
DEF-03451,M004,2025-05-18 02:40:00,17,Reprocessed Plastics
DEF-03452,M004,2025-05-18 04:25:00,10,Polypropylene
DEF-03453,M004,2025-05-18 04:35:00,42,Catalyst
DEF-03454,M004,2025-05-18 04:40:00,22,Circuit Board
DEF-03455,M004,2025-05-18 05:15:00,33,Cotton
DEF-03456,M004,2025-05-18 06:55:00,37,Aluminum
DEF-03457,M004,2025-05-18 07:30:00,2,Plastic Resin
DEF-03458,M004,2025-05-18 07:45:00,24,Steel
DEF-03459,M004,2025-05-18 08:40:00,33,Packaging
DEF-03460,M004,2025-05-18 09:55:00,17,Reprocessed Plastics
DEF-03461,M004,2025-05-18 10:45:00,14,Machine Component
DEF-03462,M004,2025-05-18 11:10:00,19,Reprocessed Plastics
DEF-03463,M004,2025-05-18 11:30:00,12,Industrial Oil
DEF-03464,M004,2025-05-18 13:15:00,4,Catalyst
DEF-03465,M004,2025-05-18 15:50:00,5,Aluminum
DEF-03466,M004,2025-05-18 16:10:00,6,Industrial Oil
DEF-03467,M004,2025-05-18 16:20:00,3,Sheet Metal
DEF-03468,M004,2025-05-18 18:20:00,8,Plastic Resin
DEF-03469,M004,2025-05-18 18:30:00,30,Coolant
DEF-03470,M004,2025-05-18 18:55:00,30,Sheet Metal
DEF-03471,M004,2025-05-18 19:40:00,15,Sheet Metal
DEF-03472,M004,2025-05-18 21:10:00,21,Reprocessed Plastics
DEF-03473,M004,2025-05-18 23:40:00,13,Coolant
DEF-03474,M004,2025-05-19 00:55:00,20,Reprocessed Plastics
DEF-03475,M004,2025-05-19 01:15:00,11,Aluminum
DEF-03476,M004,2025-05-19 02:10:00,16,Cotton
DEF-03477,M004,2025-05-19 04:05:00,17,Reprocessed Plastics
DEF-03478,M004,2025-05-19 04:50:00,17,Coolant
DEF-03479,M004,2025-05-19 05:25:00,31,Cotton
DEF-03480,M004,2025-05-19 05:45:00,18,Circuit Board
DEF-03481,M004,2025-05-19 07:10:00,8,Reprocessed Plastics
DEF-03482,M004,2025-05-19 07:20:00,17,Polypropylene
DEF-03483,M004,2025-05-19 08:25:00,34,Lead-Based Alloy
DEF-03484,M004,2025-05-19 09:00:00,11,Cotton
DEF-03485,M004,2025-05-19 09:10:00,1,Scrap Steel
DEF-03486,M004,2025-05-19 09:15:00,2,Aluminum
DEF-03487,M004,2025-05-19 09:35:00,0,Reprocessed Plastics
DEF-03488,M004,2025-05-19 09:55:00,37,Industrial Oil
DEF-03489,M004,2025-05-19 11:10:00,8,Packaging
DEF-03490,M004,2025-05-19 12:45:00,27,Coolant
DEF-03491,M004,2025-05-19 13:10:00,14,Catalyst
DEF-03492,M004,2025-05-19 14:00:00,33,Catalyst
DEF-03493,M004,2025-05-19 14:30:00,1,Lead-Based Alloy
DEF-03494,M004,2025-05-19 14:40:00,9,Reprocessed Plastics
DEF-03495,M004,2025-05-19 14:45:00,37,Lead-Based Alloy
DEF-03496,M004,2025-05-19 15:30:00,8,Coolant
DEF-03497,M004,2025-05-19 15:45:00,29,Catalyst
DEF-03498,M004,2025-05-19 16:30:00,34,Textiles
DEF-03499,M004,2025-05-19 18:55:00,4,Solvent
DEF-03500,M004,2025-05-19 19:10:00,19,Coolant
DEF-03501,M004,2025-05-19 20:05:00,38,Packaging
DEF-03502,M004,2025-05-19 21:30:00,25,Sheet Metal
DEF-03503,M004,2025-05-20 00:15:00,12,Sheet Metal
DEF-03504,M004,2025-05-20 00:45:00,5,Steel
DEF-03505,M004,2025-05-20 00:50:00,17,Polypropylene
DEF-03506,M004,2025-05-20 01:15:00,2,Steel
DEF-03507,M004,2025-05-20 03:25:00,29,Plastic Resin
DEF-03508,M004,2025-05-20 04:45:00,33,Textiles
DEF-03509,M004,2025-05-20 05:25:00,18,Aluminum
DEF-03510,M004,2025-05-20 10:40:00,9,Sheet Metal
DEF-03511,M004,2025-05-20 12:20:00,5,Lead-Based Alloy
DEF-03512,M004,2025-05-20 12:25:00,21,Circuit Board
DEF-03513,M004,2025-05-20 13:35:00,18,Circuit Board
DEF-03514,M004,2025-05-20 13:45:00,6,Textiles
DEF-03515,M004,2025-05-20 14:40:00,2,Solvent
DEF-03516,M004,2025-05-20 15:00:00,3,Coolant
DEF-03517,M004,2025-05-20 15:35:00,8,Circuit Board
DEF-03518,M004,2025-05-20 16:10:00,7,Catalyst
DEF-03519,M004,2025-05-20 17:50:00,10,Packaging
DEF-03520,M004,2025-05-20 18:00:00,20,Reprocessed Plastics
DEF-03521,M004,2025-05-20 18:35:00,24,Cotton
DEF-03522,M004,2025-05-20 19:20:00,2,Sheet Metal
DEF-03523,M004,2025-05-20 20:00:00,12,Solvent
DEF-03524,M004,2025-05-20 20:15:00,1,Polypropylene
DEF-03525,M004,2025-05-20 20:55:00,13,Industrial Oil
DEF-03526,M004,2025-05-20 22:15:00,25,Packaging
DEF-03527,M004,2025-05-20 22:40:00,18,Lead-Based Alloy
DEF-03528,M004,2025-05-20 22:50:00,7,Industrial Oil
DEF-03529,M004,2025-05-20 23:10:00,7,Plastic Resin
DEF-03530,M004,2025-05-21 00:15:00,7,Steel
DEF-03531,M004,2025-05-21 04:25:00,5,Aluminum
DEF-03532,M004,2025-05-21 04:55:00,2,Sheet Metal
DEF-03533,M004,2025-05-21 05:00:00,16,Textiles
DEF-03534,M004,2025-05-21 06:05:00,4,Lead-Based Alloy
DEF-03535,M004,2025-05-21 06:25:00,5,Reprocessed Plastics
DEF-03536,M004,2025-05-21 06:55:00,10,Textiles
DEF-03537,M004,2025-05-21 08:50:00,15,Machine Component
DEF-03538,M004,2025-05-21 09:00:00,32,Lead-Based Alloy
DEF-03539,M004,2025-05-21 09:45:00,33,Textiles
DEF-03540,M004,2025-05-21 09:55:00,4,Polypropylene
DEF-03541,M004,2025-05-21 10:40:00,10,Packaging
DEF-03542,M004,2025-05-21 11:00:00,8,Solvent
DEF-03543,M004,2025-05-21 11:20:00,10,Packaging
DEF-03544,M004,2025-05-21 11:45:00,7,Solvent
DEF-03545,M004,2025-05-21 12:35:00,19,Machine Component
DEF-03546,M004,2025-05-21 12:45:00,4,Polypropylene
DEF-03547,M004,2025-05-21 13:15:00,17,Sheet Metal
DEF-03548,M004,2025-05-21 13:30:00,6,Solvent
DEF-03549,M004,2025-05-21 13:35:00,9,Steel
DEF-03550,M004,2025-05-21 13:55:00,1,Sheet Metal
DEF-03551,M004,2025-05-21 15:15:00,21,Coolant
DEF-03552,M004,2025-05-21 15:25:00,36,Textiles
DEF-03553,M004,2025-05-21 15:40:00,13,Lead-Based Alloy
DEF-03554,M004,2025-05-21 16:00:00,16,Packaging
DEF-03555,M004,2025-05-21 17:20:00,10,Cotton
DEF-03556,M004,2025-05-21 17:40:00,1,Catalyst
DEF-03557,M004,2025-05-21 18:40:00,40,Lead-Based Alloy
DEF-03558,M004,2025-05-21 19:35:00,2,Circuit Board
DEF-03559,M004,2025-05-21 19:50:00,6,Lead-Based Alloy
DEF-03560,M004,2025-05-21 19:55:00,3,Reprocessed Plastics
DEF-03561,M004,2025-05-21 21:35:00,6,Aluminum
DEF-03562,M004,2025-05-21 21:50:00,11,Catalyst
DEF-03563,M004,2025-05-21 22:45:00,16,Industrial Oil
DEF-03564,M004,2025-05-21 23:20:00,2,Polypropylene
DEF-03565,M004,2025-05-22 00:15:00,34,Machine Component
DEF-03566,M004,2025-05-22 00:20:00,6,Lead-Based Alloy
DEF-03567,M004,2025-05-22 03:55:00,22,Catalyst
DEF-03568,M004,2025-05-22 05:40:00,2,Aluminum
DEF-03569,M004,2025-05-22 05:45:00,24,Solvent
DEF-03570,M004,2025-05-22 06:05:00,31,Catalyst
DEF-03571,M004,2025-05-22 06:10:00,13,Lead-Based Alloy
DEF-03572,M004,2025-05-22 06:30:00,6,Solvent
DEF-03573,M004,2025-05-22 06:40:00,5,Textiles
DEF-03574,M004,2025-05-22 06:45:00,22,Lead-Based Alloy
DEF-03575,M004,2025-05-22 08:05:00,42,Solvent
DEF-03576,M004,2025-05-22 09:50:00,20,Reprocessed Plastics
DEF-03577,M004,2025-05-22 10:50:00,25,Packaging
DEF-03578,M004,2025-05-22 11:25:00,12,Plastic Resin
DEF-03579,M004,2025-05-22 13:00:00,14,Sheet Metal
DEF-03580,M004,2025-05-22 13:15:00,19,Reprocessed Plastics
DEF-03581,M004,2025-05-22 14:10:00,13,Scrap Steel
DEF-03582,M004,2025-05-22 14:35:00,2,Reprocessed Plastics
DEF-03583,M004,2025-05-22 14:40:00,10,Coolant
DEF-03584,M004,2025-05-22 16:15:00,5,Machine Component
DEF-03585,M004,2025-05-22 16:20:00,40,Solvent
DEF-03586,M004,2025-05-22 16:55:00,6,Cotton
DEF-03587,M004,2025-05-22 17:45:00,5,Cotton
DEF-03588,M004,2025-05-22 21:05:00,8,Industrial Oil
DEF-03589,M004,2025-05-22 22:15:00,6,Solvent
DEF-03590,M004,2025-05-22 22:20:00,7,Solvent
DEF-03591,M004,2025-05-22 23:20:00,6,Lead-Based Alloy
DEF-03592,M004,2025-05-23 01:50:00,34,Sheet Metal
DEF-03593,M004,2025-05-23 03:45:00,14,Cotton
DEF-03594,M004,2025-05-23 03:55:00,20,Scrap Steel
DEF-03595,M004,2025-05-23 04:00:00,17,Circuit Board
DEF-03596,M004,2025-05-23 05:55:00,26,Reprocessed Plastics
DEF-03597,M004,2025-05-23 07:25:00,17,Lead-Based Alloy
DEF-03598,M004,2025-05-23 07:30:00,2,Lead-Based Alloy
DEF-03599,M004,2025-05-23 08:30:00,2,Circuit Board
DEF-03600,M004,2025-05-23 08:40:00,11,Cotton
DEF-03601,M004,2025-05-23 09:05:00,28,Reprocessed Plastics
DEF-03602,M004,2025-05-23 09:15:00,3,Catalyst
DEF-03603,M004,2025-05-23 10:55:00,7,Cotton
DEF-03604,M004,2025-05-23 13:30:00,11,Reprocessed Plastics
DEF-03605,M004,2025-05-23 14:15:00,3,Machine Component
DEF-03606,M004,2025-05-23 14:50:00,8,Textiles
DEF-03607,M004,2025-05-23 15:10:00,6,Catalyst
DEF-03608,M004,2025-05-23 15:25:00,17,Plastic Resin
DEF-03609,M004,2025-05-23 16:15:00,30,Scrap Steel
DEF-03610,M004,2025-05-23 16:25:00,6,Industrial Oil
DEF-03611,M004,2025-05-23 17:10:00,15,Solvent
DEF-03612,M004,2025-05-23 17:40:00,30,Machine Component
DEF-03613,M004,2025-05-23 20:20:00,4,Coolant
DEF-03614,M004,2025-05-23 21:05:00,1,Packaging
DEF-03615,M004,2025-05-23 21:20:00,35,Reprocessed Plastics
DEF-03616,M004,2025-05-23 22:10:00,5,Lead-Based Alloy
DEF-03617,M004,2025-05-23 22:35:00,32,Solvent
DEF-03618,M004,2025-05-23 22:45:00,6,Scrap Steel
DEF-03619,M004,2025-05-23 23:30:00,7,Packaging
DEF-03620,M004,2025-05-24 01:20:00,5,Circuit Board
DEF-03621,M004,2025-05-24 01:25:00,12,Scrap Steel
DEF-03622,M004,2025-05-24 02:35:00,9,Lead-Based Alloy
DEF-03623,M004,2025-05-24 03:05:00,6,Machine Component
DEF-03624,M004,2025-05-24 03:45:00,36,Sheet Metal
DEF-03625,M004,2025-05-24 04:45:00,11,Circuit Board
DEF-03626,M004,2025-05-24 05:45:00,22,Catalyst
DEF-03627,M004,2025-05-24 06:35:00,27,Plastic Resin
DEF-03628,M004,2025-05-24 06:40:00,22,Plastic Resin
DEF-03629,M004,2025-05-24 06:50:00,7,Reprocessed Plastics
DEF-03630,M004,2025-05-24 07:25:00,7,Cotton
DEF-03631,M004,2025-05-24 07:30:00,22,Machine Component
DEF-03632,M004,2025-05-24 08:00:00,18,Reprocessed Plastics
DEF-03633,M004,2025-05-24 11:15:00,25,Scrap Steel
DEF-03634,M004,2025-05-24 11:20:00,9,Circuit Board
DEF-03635,M004,2025-05-24 13:10:00,2,Machine Component
DEF-03636,M004,2025-05-24 16:00:00,24,Industrial Oil
DEF-03637,M004,2025-05-24 16:30:00,30,Plastic Resin
DEF-03638,M004,2025-05-24 16:45:00,17,Cotton
DEF-03639,M004,2025-05-24 17:00:00,25,Steel
DEF-03640,M004,2025-05-24 18:30:00,2,Aluminum
DEF-03641,M004,2025-05-24 18:35:00,5,Catalyst
DEF-03642,M004,2025-05-24 20:35:00,0,Scrap Steel
DEF-03643,M004,2025-05-24 21:05:00,5,Solvent
DEF-03644,M004,2025-05-24 22:35:00,21,Solvent
DEF-03645,M004,2025-05-24 22:40:00,13,Polypropylene
DEF-03646,M004,2025-05-24 22:50:00,18,Textiles
DEF-03647,M004,2025-05-24 23:10:00,32,Textiles
DEF-03648,M004,2025-05-24 23:25:00,9,Scrap Steel
DEF-03649,M004,2025-05-24 23:50:00,20,Machine Component
DEF-03650,M004,2025-05-25 00:25:00,25,Catalyst
DEF-03651,M004,2025-05-25 00:30:00,3,Scrap Steel
DEF-03652,M004,2025-05-25 00:45:00,10,Catalyst
DEF-03653,M004,2025-05-25 01:10:00,3,Aluminum
DEF-03654,M004,2025-05-25 01:15:00,22,Textiles
DEF-03655,M004,2025-05-25 02:50:00,36,Reprocessed Plastics
DEF-03656,M004,2025-05-25 03:35:00,14,Reprocessed Plastics
DEF-03657,M004,2025-05-25 05:00:00,13,Textiles
DEF-03658,M004,2025-05-25 05:25:00,7,Scrap Steel
DEF-03659,M004,2025-05-25 07:35:00,5,Cotton
DEF-03660,M004,2025-05-25 07:45:00,3,Textiles
DEF-03661,M004,2025-05-25 07:50:00,33,Textiles
DEF-03662,M004,2025-05-25 08:05:00,1,Catalyst
DEF-03663,M004,2025-05-25 09:25:00,7,Solvent
DEF-03664,M004,2025-05-25 09:40:00,15,Industrial Oil
DEF-03665,M004,2025-05-25 09:55:00,19,Solvent
DEF-03666,M004,2025-05-25 10:00:00,12,Machine Component
DEF-03667,M004,2025-05-25 10:50:00,12,Lead-Based Alloy
DEF-03668,M004,2025-05-25 10:55:00,0,Textiles
DEF-03669,M004,2025-05-25 12:25:00,6,Reprocessed Plastics
DEF-03670,M004,2025-05-25 12:55:00,0,Sheet Metal
DEF-03671,M004,2025-05-25 13:10:00,48,Cotton
DEF-03672,M004,2025-05-25 14:00:00,20,Machine Component
DEF-03673,M004,2025-05-25 14:40:00,10,Steel
DEF-03674,M004,2025-05-25 15:35:00,1,Packaging
DEF-03675,M004,2025-05-25 16:55:00,40,Machine Component
DEF-03676,M004,2025-05-25 20:10:00,9,Catalyst
DEF-03677,M004,2025-05-25 20:20:00,10,Plastic Resin
DEF-03678,M004,2025-05-25 22:30:00,17,Polypropylene
DEF-03679,M004,2025-05-25 22:35:00,8,Plastic Resin
DEF-03680,M004,2025-05-25 23:15:00,3,Scrap Steel
DEF-03681,M004,2025-05-26 00:50:00,3,Machine Component
DEF-03682,M004,2025-05-26 01:30:00,17,Textiles
DEF-03683,M004,2025-05-26 01:55:00,3,Coolant
DEF-03684,M004,2025-05-26 04:15:00,13,Plastic Resin
DEF-03685,M004,2025-05-26 04:25:00,21,Scrap Steel
DEF-03686,M004,2025-05-26 05:15:00,13,Machine Component
DEF-03687,M004,2025-05-26 05:30:00,12,Polypropylene
DEF-03688,M004,2025-05-26 05:40:00,44,Steel
DEF-03689,M004,2025-05-26 06:40:00,12,Scrap Steel
DEF-03690,M004,2025-05-26 08:35:00,1,Scrap Steel
DEF-03691,M004,2025-05-26 08:50:00,26,Plastic Resin
DEF-03692,M004,2025-05-26 09:55:00,16,Textiles
DEF-03693,M004,2025-05-26 10:35:00,3,Textiles
DEF-03694,M004,2025-05-26 11:35:00,36,Circuit Board
DEF-03695,M004,2025-05-26 12:15:00,24,Industrial Oil
DEF-03696,M004,2025-05-26 13:20:00,20,Packaging
DEF-03697,M004,2025-05-26 13:25:00,9,Scrap Steel
DEF-03698,M004,2025-05-26 13:35:00,1,Machine Component
DEF-03699,M004,2025-05-26 13:45:00,1,Coolant
DEF-03700,M004,2025-05-26 14:15:00,11,Solvent
DEF-03701,M004,2025-05-26 14:45:00,19,Plastic Resin
DEF-03702,M004,2025-05-26 14:55:00,3,Scrap Steel
DEF-03703,M004,2025-05-26 15:15:00,24,Machine Component
DEF-03704,M004,2025-05-26 16:55:00,18,Lead-Based Alloy
DEF-03705,M004,2025-05-26 17:10:00,0,Catalyst
DEF-03706,M004,2025-05-26 17:35:00,22,Catalyst
DEF-03707,M004,2025-05-26 20:55:00,8,Scrap Steel
DEF-03708,M004,2025-05-26 21:35:00,10,Machine Component
DEF-03709,M004,2025-05-26 22:20:00,29,Lead-Based Alloy
DEF-03710,M004,2025-05-26 22:50:00,26,Reprocessed Plastics
DEF-03711,M004,2025-05-27 00:20:00,2,Reprocessed Plastics
DEF-03712,M004,2025-05-27 00:30:00,3,Lead-Based Alloy
DEF-03713,M004,2025-05-27 01:30:00,8,Steel
DEF-03714,M004,2025-05-27 02:10:00,3,Solvent
DEF-03715,M004,2025-05-27 02:30:00,24,Textiles
DEF-03716,M004,2025-05-27 03:55:00,38,Packaging
DEF-03717,M004,2025-05-27 04:05:00,8,Coolant
DEF-03718,M004,2025-05-27 04:20:00,41,Steel
DEF-03719,M004,2025-05-27 05:05:00,13,Scrap Steel
DEF-03720,M004,2025-05-27 05:55:00,7,Industrial Oil
DEF-03721,M004,2025-05-27 06:00:00,2,Steel
DEF-03722,M004,2025-05-27 06:25:00,12,Polypropylene
DEF-03723,M004,2025-05-27 06:40:00,14,Circuit Board
DEF-03724,M004,2025-05-27 06:55:00,1,Textiles
DEF-03725,M004,2025-05-27 07:25:00,15,Scrap Steel
DEF-03726,M004,2025-05-27 09:40:00,32,Plastic Resin
DEF-03727,M004,2025-05-27 09:45:00,2,Textiles
DEF-03728,M004,2025-05-27 10:00:00,41,Solvent
DEF-03729,M004,2025-05-27 11:20:00,4,Sheet Metal
DEF-03730,M004,2025-05-27 12:10:00,2,Polypropylene
DEF-03731,M004,2025-05-27 12:15:00,20,Solvent
DEF-03732,M004,2025-05-27 12:25:00,7,Scrap Steel
DEF-03733,M004,2025-05-27 13:50:00,30,Solvent
DEF-03734,M004,2025-05-27 14:10:00,18,Solvent
DEF-03735,M004,2025-05-27 15:40:00,10,Scrap Steel
DEF-03736,M004,2025-05-27 15:50:00,31,Sheet Metal
DEF-03737,M004,2025-05-27 16:00:00,5,Machine Component
DEF-03738,M004,2025-05-27 16:20:00,31,Plastic Resin
DEF-03739,M004,2025-05-27 17:15:00,6,Cotton
DEF-03740,M004,2025-05-27 20:10:00,12,Lead-Based Alloy
DEF-03741,M004,2025-05-27 20:35:00,23,Catalyst
DEF-03742,M004,2025-05-27 21:45:00,41,Reprocessed Plastics
DEF-03743,M004,2025-05-28 00:00:00,5,Plastic Resin
DEF-03744,M004,2025-05-28 04:35:00,7,Circuit Board
DEF-03745,M004,2025-05-28 07:15:00,17,Scrap Steel
DEF-03746,M004,2025-05-28 07:30:00,28,Textiles
DEF-03747,M004,2025-05-28 08:05:00,10,Plastic Resin
DEF-03748,M004,2025-05-28 08:25:00,1,Lead-Based Alloy
DEF-03749,M004,2025-05-28 09:25:00,18,Plastic Resin
DEF-03750,M004,2025-05-28 11:00:00,10,Sheet Metal
DEF-03751,M004,2025-05-28 12:40:00,9,Packaging
DEF-03752,M004,2025-05-28 13:35:00,8,Circuit Board
DEF-03753,M004,2025-05-28 15:30:00,14,Circuit Board
DEF-03754,M004,2025-05-28 15:55:00,12,Plastic Resin
DEF-03755,M004,2025-05-28 16:00:00,20,Polypropylene
DEF-03756,M004,2025-05-28 16:35:00,0,Catalyst
DEF-03757,M004,2025-05-28 16:45:00,22,Lead-Based Alloy
DEF-03758,M004,2025-05-28 17:55:00,3,Industrial Oil
DEF-03759,M004,2025-05-28 18:15:00,20,Lead-Based Alloy
DEF-03760,M004,2025-05-28 19:10:00,5,Solvent
DEF-03761,M004,2025-05-28 19:20:00,29,Catalyst
DEF-03762,M004,2025-05-28 20:15:00,3,Polypropylene
DEF-03763,M004,2025-05-28 20:25:00,13,Plastic Resin
DEF-03764,M004,2025-05-28 22:55:00,2,Circuit Board
DEF-03765,M004,2025-05-28 23:25:00,16,Machine Component
DEF-03766,M004,2025-05-29 00:00:00,8,Lead-Based Alloy
DEF-03767,M004,2025-05-29 00:20:00,30,Industrial Oil
DEF-03768,M004,2025-05-29 00:35:00,28,Plastic Resin
DEF-03769,M004,2025-05-29 01:35:00,0,Solvent
DEF-03770,M004,2025-05-29 02:45:00,6,Lead-Based Alloy
DEF-03771,M004,2025-05-29 03:05:00,16,Sheet Metal
DEF-03772,M004,2025-05-29 04:30:00,18,Industrial Oil
DEF-03773,M004,2025-05-29 05:10:00,2,Sheet Metal
DEF-03774,M004,2025-05-29 07:05:00,25,Coolant
DEF-03775,M004,2025-05-29 07:15:00,35,Scrap Steel
DEF-03776,M004,2025-05-29 07:30:00,28,Aluminum
DEF-03777,M004,2025-05-29 08:15:00,0,Plastic Resin
DEF-03778,M004,2025-05-29 09:30:00,15,Scrap Steel
DEF-03779,M004,2025-05-29 09:40:00,20,Industrial Oil
DEF-03780,M004,2025-05-29 09:50:00,18,Solvent
DEF-03781,M004,2025-05-29 09:55:00,8,Packaging
DEF-03782,M004,2025-05-29 10:10:00,22,Cotton
DEF-03783,M004,2025-05-29 11:25:00,15,Aluminum
DEF-03784,M004,2025-05-29 11:50:00,3,Aluminum
DEF-03785,M004,2025-05-29 12:00:00,2,Sheet Metal
DEF-03786,M004,2025-05-29 12:40:00,2,Steel
DEF-03787,M004,2025-05-29 13:35:00,24,Sheet Metal
DEF-03788,M004,2025-05-29 14:50:00,13,Machine Component
DEF-03789,M004,2025-05-29 16:30:00,36,Steel
DEF-03790,M004,2025-05-29 16:50:00,21,Plastic Resin
DEF-03791,M004,2025-05-29 17:25:00,1,Machine Component
DEF-03792,M004,2025-05-29 20:00:00,5,Circuit Board
DEF-03793,M004,2025-05-29 20:10:00,41,Polypropylene
DEF-03794,M004,2025-05-29 20:40:00,6,Sheet Metal
DEF-03795,M004,2025-05-29 22:20:00,16,Polypropylene
DEF-03796,M004,2025-05-29 22:35:00,6,Plastic Resin
DEF-03797,M004,2025-05-29 23:25:00,18,Steel
DEF-03798,M004,2025-05-30 00:05:00,9,Catalyst
DEF-03799,M004,2025-05-30 01:25:00,19,Reprocessed Plastics
DEF-03800,M004,2025-05-30 02:25:00,17,Coolant
DEF-03801,M004,2025-05-30 03:25:00,11,Polypropylene
DEF-03802,M004,2025-05-30 03:40:00,6,Machine Component
DEF-03803,M004,2025-05-30 04:00:00,9,Plastic Resin
DEF-03804,M004,2025-05-30 05:20:00,34,Aluminum
DEF-03805,M004,2025-05-30 06:00:00,5,Industrial Oil
DEF-03806,M004,2025-05-30 06:50:00,30,Scrap Steel
DEF-03807,M004,2025-05-30 07:15:00,6,Aluminum
DEF-03808,M004,2025-05-30 08:05:00,31,Sheet Metal
DEF-03809,M004,2025-05-30 08:25:00,4,Aluminum
DEF-03810,M004,2025-05-30 09:50:00,4,Packaging
DEF-03811,M004,2025-05-30 10:10:00,18,Solvent
DEF-03812,M004,2025-05-30 11:50:00,10,Lead-Based Alloy
DEF-03813,M004,2025-05-30 12:30:00,1,Plastic Resin
DEF-03814,M004,2025-05-30 14:10:00,30,Industrial Oil
DEF-03815,M004,2025-05-30 14:40:00,19,Aluminum
DEF-03816,M004,2025-05-30 15:00:00,8,Machine Component
DEF-03817,M004,2025-05-30 15:30:00,3,Lead-Based Alloy
DEF-03818,M004,2025-05-30 16:15:00,4,Lead-Based Alloy
DEF-03819,M004,2025-05-30 16:35:00,20,Polypropylene
DEF-03820,M004,2025-05-30 17:00:00,4,Packaging
DEF-03821,M004,2025-05-30 17:20:00,36,Industrial Oil
DEF-03822,M004,2025-05-30 18:25:00,8,Scrap Steel
DEF-03823,M004,2025-05-30 19:10:00,24,Plastic Resin
DEF-03824,M004,2025-05-30 19:20:00,26,Solvent
DEF-03825,M004,2025-05-30 20:50:00,3,Textiles
DEF-03826,M004,2025-05-30 22:05:00,2,Polypropylene
DEF-03827,M004,2025-05-30 23:00:00,13,Scrap Steel
DEF-03828,M004,2025-05-30 23:40:00,28,Industrial Oil
DEF-03829,M004,2025-05-31 00:55:00,28,Plastic Resin
DEF-03830,M004,2025-05-31 01:30:00,5,Cotton
DEF-03831,M004,2025-05-31 03:25:00,17,Lead-Based Alloy
DEF-03832,M004,2025-05-31 03:35:00,2,Polypropylene
DEF-03833,M004,2025-05-31 04:45:00,3,Plastic Resin
DEF-03834,M004,2025-05-31 05:15:00,25,Industrial Oil
DEF-03835,M004,2025-05-31 06:40:00,46,Plastic Resin
DEF-03836,M004,2025-05-31 08:05:00,30,Lead-Based Alloy
DEF-03837,M004,2025-05-31 09:45:00,13,Reprocessed Plastics
DEF-03838,M004,2025-05-31 12:00:00,2,Machine Component
DEF-03839,M004,2025-05-31 12:20:00,0,Plastic Resin
DEF-03840,M004,2025-05-31 13:25:00,10,Plastic Resin
DEF-03841,M004,2025-05-31 13:45:00,12,Scrap Steel
DEF-03842,M004,2025-05-31 14:40:00,23,Lead-Based Alloy
DEF-03843,M004,2025-05-31 15:55:00,8,Sheet Metal
DEF-03844,M004,2025-05-31 17:10:00,1,Aluminum
DEF-03845,M004,2025-05-31 17:50:00,2,Aluminum
DEF-03846,M004,2025-05-31 18:20:00,8,Aluminum
DEF-03847,M004,2025-05-31 20:05:00,11,Reprocessed Plastics
DEF-03848,M004,2025-05-31 22:05:00,4,Circuit Board
DEF-03849,M004,2025-06-01 00:45:00,3,Lead-Based Alloy
DEF-03850,M004,2025-06-01 02:05:00,16,Aluminum
DEF-03851,M004,2025-06-01 02:10:00,23,Catalyst
DEF-03852,M004,2025-06-01 02:30:00,11,Circuit Board
DEF-03853,M004,2025-06-01 02:55:00,11,Steel
DEF-03854,M004,2025-06-01 04:00:00,32,Catalyst
DEF-03855,M004,2025-06-01 04:20:00,24,Plastic Resin
DEF-03856,M004,2025-06-01 04:35:00,14,Scrap Steel
DEF-03857,M004,2025-06-01 04:45:00,13,Lead-Based Alloy
DEF-03858,M004,2025-06-01 05:55:00,9,Solvent
DEF-03859,M004,2025-06-01 06:25:00,30,Machine Component
DEF-03860,M004,2025-06-01 07:30:00,33,Plastic Resin
DEF-03861,M004,2025-06-01 07:35:00,7,Plastic Resin
DEF-03862,M004,2025-06-01 08:35:00,24,Solvent
DEF-03863,M004,2025-06-01 09:35:00,26,Industrial Oil
DEF-03864,M004,2025-06-01 10:40:00,1,Reprocessed Plastics
DEF-03865,M004,2025-06-01 11:40:00,27,Coolant
DEF-03866,M004,2025-06-01 12:10:00,4,Sheet Metal
DEF-03867,M004,2025-06-01 12:55:00,10,Machine Component
DEF-03868,M004,2025-06-01 14:05:00,40,Scrap Steel
DEF-03869,M004,2025-06-01 16:00:00,13,Scrap Steel
DEF-03870,M004,2025-06-01 16:25:00,20,Textiles
DEF-03871,M004,2025-06-01 16:30:00,2,Machine Component
DEF-03872,M004,2025-06-01 19:30:00,28,Machine Component
DEF-03873,M004,2025-06-01 19:55:00,5,Industrial Oil
DEF-03874,M004,2025-06-01 20:50:00,26,Cotton
DEF-03875,M004,2025-06-01 21:50:00,8,Lead-Based Alloy
DEF-03876,M004,2025-06-01 22:00:00,11,Packaging
DEF-03877,M004,2025-06-01 22:15:00,1,Polypropylene
DEF-03878,M004,2025-06-01 23:00:00,22,Coolant
DEF-03879,M004,2025-06-02 00:20:00,14,Solvent
DEF-03880,M004,2025-06-02 00:40:00,8,Plastic Resin
DEF-03881,M004,2025-06-02 00:45:00,8,Industrial Oil
DEF-03882,M004,2025-06-02 01:00:00,20,Steel
DEF-03883,M004,2025-06-02 01:30:00,19,Industrial Oil
DEF-03884,M004,2025-06-02 02:15:00,3,Steel
DEF-03885,M004,2025-06-02 02:20:00,15,Packaging
DEF-03886,M004,2025-06-02 02:25:00,7,Packaging
DEF-03887,M004,2025-06-02 02:45:00,18,Coolant
DEF-03888,M004,2025-06-02 03:25:00,1,Lead-Based Alloy
DEF-03889,M004,2025-06-02 04:05:00,15,Lead-Based Alloy
DEF-03890,M004,2025-06-02 04:55:00,8,Packaging
DEF-03891,M004,2025-06-02 05:40:00,2,Circuit Board
DEF-03892,M004,2025-06-02 06:30:00,2,Textiles
DEF-03893,M004,2025-06-02 06:35:00,19,Textiles
DEF-03894,M004,2025-06-02 08:05:00,5,Coolant
DEF-03895,M004,2025-06-02 09:35:00,15,Aluminum
DEF-03896,M004,2025-06-02 09:50:00,15,Plastic Resin
DEF-03897,M004,2025-06-02 11:25:00,3,Polypropylene
DEF-03898,M004,2025-06-02 12:45:00,33,Reprocessed Plastics
DEF-03899,M004,2025-06-02 14:05:00,2,Catalyst
DEF-03900,M004,2025-06-02 15:15:00,16,Catalyst
DEF-03901,M004,2025-06-02 17:20:00,6,Cotton
DEF-03902,M004,2025-06-02 19:10:00,0,Catalyst
DEF-03903,M004,2025-06-02 19:30:00,0,Sheet Metal
DEF-03904,M004,2025-06-02 20:20:00,22,Solvent
DEF-03905,M004,2025-06-02 20:50:00,4,Sheet Metal
DEF-03906,M004,2025-06-02 21:10:00,40,Plastic Resin
DEF-03907,M004,2025-06-02 23:10:00,39,Polypropylene
DEF-03908,M004,2025-06-02 23:30:00,34,Plastic Resin
DEF-03909,M004,2025-06-03 00:35:00,4,Cotton
DEF-03910,M004,2025-06-03 00:40:00,3,Plastic Resin
DEF-03911,M004,2025-06-03 02:10:00,41,Reprocessed Plastics
DEF-03912,M004,2025-06-03 02:15:00,5,Industrial Oil
DEF-03913,M004,2025-06-03 02:50:00,0,Scrap Steel
DEF-03914,M004,2025-06-03 03:30:00,2,Coolant
DEF-03915,M004,2025-06-03 05:40:00,21,Scrap Steel
DEF-03916,M004,2025-06-03 07:10:00,10,Textiles
DEF-03917,M004,2025-06-03 07:20:00,19,Lead-Based Alloy
DEF-03918,M004,2025-06-03 07:35:00,11,Machine Component
DEF-03919,M004,2025-06-03 08:05:00,29,Reprocessed Plastics
DEF-03920,M004,2025-06-03 08:35:00,15,Plastic Resin
DEF-03921,M004,2025-06-03 09:30:00,19,Lead-Based Alloy
DEF-03922,M004,2025-06-03 10:05:00,12,Sheet Metal
DEF-03923,M004,2025-06-03 10:40:00,15,Steel
DEF-03924,M004,2025-06-03 12:30:00,7,Machine Component
DEF-03925,M004,2025-06-03 12:55:00,20,Aluminum
DEF-03926,M004,2025-06-03 13:35:00,9,Cotton
DEF-03927,M004,2025-06-03 14:15:00,12,Sheet Metal
DEF-03928,M004,2025-06-03 16:05:00,22,Reprocessed Plastics
DEF-03929,M004,2025-06-03 18:45:00,2,Textiles
DEF-03930,M004,2025-06-03 19:55:00,4,Reprocessed Plastics
DEF-03931,M004,2025-06-03 22:00:00,1,Reprocessed Plastics
DEF-03932,M004,2025-06-03 22:40:00,1,Reprocessed Plastics
DEF-03933,M004,2025-06-03 23:00:00,2,Solvent
DEF-03934,M004,2025-06-04 02:00:00,11,Lead-Based Alloy
DEF-03935,M004,2025-06-04 02:25:00,17,Packaging
DEF-03936,M004,2025-06-04 03:00:00,50,Cotton
DEF-03937,M004,2025-06-04 03:30:00,9,Circuit Board
DEF-03938,M004,2025-06-04 04:00:00,21,Reprocessed Plastics
DEF-03939,M004,2025-06-04 04:05:00,18,Polypropylene
DEF-03940,M004,2025-06-04 05:40:00,34,Sheet Metal
DEF-03941,M004,2025-06-04 05:45:00,5,Circuit Board
DEF-03942,M004,2025-06-04 06:10:00,42,Plastic Resin
DEF-03943,M004,2025-06-04 07:30:00,15,Steel
DEF-03944,M004,2025-06-04 08:05:00,5,Reprocessed Plastics
DEF-03945,M004,2025-06-04 08:15:00,26,Scrap Steel
DEF-03946,M004,2025-06-04 08:30:00,1,Solvent
DEF-03947,M004,2025-06-04 08:35:00,16,Circuit Board
DEF-03948,M004,2025-06-04 09:15:00,23,Scrap Steel
DEF-03949,M004,2025-06-04 09:20:00,2,Textiles
DEF-03950,M004,2025-06-04 10:50:00,14,Scrap Steel
DEF-03951,M004,2025-06-04 12:05:00,26,Circuit Board
DEF-03952,M004,2025-06-04 12:20:00,17,Sheet Metal
DEF-03953,M004,2025-06-04 12:25:00,12,Circuit Board
DEF-03954,M004,2025-06-04 13:05:00,3,Machine Component
DEF-03955,M004,2025-06-04 13:45:00,6,Steel
DEF-03956,M004,2025-06-04 14:50:00,10,Circuit Board
DEF-03957,M004,2025-06-04 14:55:00,12,Scrap Steel
DEF-03958,M004,2025-06-04 16:05:00,16,Scrap Steel
DEF-03959,M004,2025-06-04 19:25:00,10,Coolant
DEF-03960,M004,2025-06-04 19:35:00,42,Steel
DEF-03961,M004,2025-06-04 21:25:00,5,Packaging
DEF-03962,M004,2025-06-04 21:40:00,1,Reprocessed Plastics
DEF-03963,M004,2025-06-04 22:40:00,19,Circuit Board
DEF-03964,M004,2025-06-04 22:55:00,2,Lead-Based Alloy
DEF-03965,M004,2025-06-04 23:45:00,18,Circuit Board
DEF-03966,M004,2025-06-05 00:25:00,2,Coolant
DEF-03967,M004,2025-06-05 00:50:00,13,Catalyst
DEF-03968,M005,2025-05-01 08:30:00,10,Packaging
DEF-03969,M005,2025-05-01 08:45:00,7,Packaging
DEF-03970,M005,2025-05-01 09:50:00,1,Sheet Metal
DEF-03971,M005,2025-05-01 11:25:00,3,Textiles
DEF-03972,M005,2025-05-01 11:30:00,37,Reprocessed Plastics
DEF-03973,M005,2025-05-01 11:55:00,1,Solvent
DEF-03974,M005,2025-05-01 12:50:00,26,Catalyst
DEF-03975,M005,2025-05-01 13:20:00,12,Solvent
DEF-03976,M005,2025-05-01 15:40:00,27,Packaging
DEF-03977,M005,2025-05-01 16:15:00,11,Coolant
DEF-03978,M005,2025-05-01 16:50:00,0,Aluminum
DEF-03979,M005,2025-05-01 17:15:00,21,Aluminum
DEF-03980,M005,2025-05-01 17:45:00,3,Packaging
DEF-03981,M005,2025-05-01 17:55:00,14,Solvent
DEF-03982,M005,2025-05-01 18:00:00,20,Solvent
DEF-03983,M005,2025-05-01 18:45:00,12,Reprocessed Plastics
DEF-03984,M005,2025-05-01 18:50:00,44,Lead-Based Alloy
DEF-03985,M005,2025-05-01 20:25:00,4,Machine Component
DEF-03986,M005,2025-05-01 21:05:00,14,Plastic Resin
DEF-03987,M005,2025-05-01 21:50:00,15,Polypropylene
DEF-03988,M005,2025-05-01 22:00:00,6,Sheet Metal
DEF-03989,M005,2025-05-02 01:20:00,17,Steel
DEF-03990,M005,2025-05-02 02:35:00,22,Scrap Steel
DEF-03991,M005,2025-05-02 02:45:00,7,Cotton
DEF-03992,M005,2025-05-02 04:30:00,9,Industrial Oil
DEF-03993,M005,2025-05-02 05:10:00,37,Machine Component
DEF-03994,M005,2025-05-02 05:25:00,11,Textiles
DEF-03995,M005,2025-05-02 06:25:00,6,Scrap Steel
DEF-03996,M005,2025-05-02 06:55:00,4,Scrap Steel
DEF-03997,M005,2025-05-02 08:35:00,21,Industrial Oil
DEF-03998,M005,2025-05-02 08:45:00,18,Machine Component
DEF-03999,M005,2025-05-02 08:50:00,1,Sheet Metal
DEF-04000,M005,2025-05-02 09:20:00,6,Steel
DEF-04001,M005,2025-05-02 10:35:00,9,Circuit Board
DEF-04002,M005,2025-05-02 11:25:00,30,Textiles
DEF-04003,M005,2025-05-02 11:35:00,39,Industrial Oil
DEF-04004,M005,2025-05-02 12:00:00,18,Plastic Resin
DEF-04005,M005,2025-05-02 12:25:00,28,Reprocessed Plastics
DEF-04006,M005,2025-05-02 13:15:00,17,Solvent
DEF-04007,M005,2025-05-02 15:00:00,8,Coolant
DEF-04008,M005,2025-05-02 17:00:00,6,Circuit Board
DEF-04009,M005,2025-05-02 18:30:00,32,Catalyst
DEF-04010,M005,2025-05-02 19:30:00,7,Packaging
DEF-04011,M005,2025-05-02 20:15:00,7,Textiles
DEF-04012,M005,2025-05-02 21:55:00,4,Industrial Oil
DEF-04013,M005,2025-05-02 22:00:00,30,Packaging
DEF-04014,M005,2025-05-03 01:45:00,10,Steel
DEF-04015,M005,2025-05-03 02:05:00,28,Industrial Oil
DEF-04016,M005,2025-05-03 03:45:00,6,Machine Component
DEF-04017,M005,2025-05-03 04:20:00,43,Cotton
DEF-04018,M005,2025-05-03 04:35:00,21,Packaging
DEF-04019,M005,2025-05-03 05:00:00,6,Sheet Metal
DEF-04020,M005,2025-05-03 05:20:00,5,Textiles
DEF-04021,M005,2025-05-03 05:25:00,36,Packaging
DEF-04022,M005,2025-05-03 06:45:00,7,Lead-Based Alloy
DEF-04023,M005,2025-05-03 07:15:00,38,Sheet Metal
DEF-04024,M005,2025-05-03 07:30:00,9,Circuit Board
DEF-04025,M005,2025-05-03 10:25:00,6,Plastic Resin
DEF-04026,M005,2025-05-03 10:30:00,6,Textiles
DEF-04027,M005,2025-05-03 10:40:00,25,Packaging
DEF-04028,M005,2025-05-03 12:20:00,17,Reprocessed Plastics
DEF-04029,M005,2025-05-03 14:35:00,24,Scrap Steel
DEF-04030,M005,2025-05-03 16:25:00,10,Solvent
DEF-04031,M005,2025-05-03 17:20:00,15,Textiles
DEF-04032,M005,2025-05-03 17:25:00,9,Plastic Resin
DEF-04033,M005,2025-05-03 18:40:00,4,Plastic Resin
DEF-04034,M005,2025-05-03 18:55:00,10,Textiles
DEF-04035,M005,2025-05-03 19:40:00,22,Machine Component
DEF-04036,M005,2025-05-03 21:00:00,5,Catalyst
DEF-04037,M005,2025-05-04 00:10:00,0,Polypropylene
DEF-04038,M005,2025-05-04 00:15:00,2,Lead-Based Alloy
DEF-04039,M005,2025-05-04 01:40:00,13,Polypropylene
DEF-04040,M005,2025-05-04 01:55:00,10,Sheet Metal
DEF-04041,M005,2025-05-04 03:30:00,1,Scrap Steel
DEF-04042,M005,2025-05-04 04:40:00,0,Circuit Board
DEF-04043,M005,2025-05-04 04:45:00,0,Cotton
DEF-04044,M005,2025-05-04 05:40:00,7,Reprocessed Plastics
DEF-04045,M005,2025-05-04 05:50:00,5,Sheet Metal
DEF-04046,M005,2025-05-04 07:15:00,3,Polypropylene
DEF-04047,M005,2025-05-04 07:20:00,3,Solvent
DEF-04048,M005,2025-05-04 07:25:00,2,Steel
DEF-04049,M005,2025-05-04 08:45:00,18,Scrap Steel
DEF-04050,M005,2025-05-04 09:05:00,13,Reprocessed Plastics
DEF-04051,M005,2025-05-04 10:40:00,4,Textiles
DEF-04052,M005,2025-05-04 10:50:00,2,Circuit Board
DEF-04053,M005,2025-05-04 12:05:00,3,Reprocessed Plastics
DEF-04054,M005,2025-05-04 13:00:00,11,Machine Component
DEF-04055,M005,2025-05-04 15:15:00,2,Plastic Resin
DEF-04056,M005,2025-05-04 16:00:00,1,Textiles
DEF-04057,M005,2025-05-04 16:45:00,16,Steel
DEF-04058,M005,2025-05-04 17:25:00,2,Plastic Resin
DEF-04059,M005,2025-05-04 17:35:00,31,Sheet Metal
DEF-04060,M005,2025-05-04 18:45:00,4,Textiles
DEF-04061,M005,2025-05-04 19:05:00,0,Solvent
DEF-04062,M005,2025-05-04 19:15:00,8,Scrap Steel
DEF-04063,M005,2025-05-04 19:40:00,11,Lead-Based Alloy
DEF-04064,M005,2025-05-04 19:50:00,19,Catalyst
DEF-04065,M005,2025-05-04 20:35:00,7,Circuit Board
DEF-04066,M005,2025-05-04 20:45:00,33,Solvent
DEF-04067,M005,2025-05-04 21:15:00,7,Lead-Based Alloy
DEF-04068,M005,2025-05-04 21:25:00,15,Scrap Steel
DEF-04069,M005,2025-05-04 22:30:00,16,Circuit Board
DEF-04070,M005,2025-05-04 23:05:00,3,Polypropylene
DEF-04071,M005,2025-05-04 23:40:00,6,Solvent
DEF-04072,M005,2025-05-04 23:45:00,4,Solvent
DEF-04073,M005,2025-05-05 00:15:00,2,Packaging
DEF-04074,M005,2025-05-05 01:00:00,3,Lead-Based Alloy
DEF-04075,M005,2025-05-05 01:55:00,22,Catalyst
DEF-04076,M005,2025-05-05 02:35:00,10,Catalyst
DEF-04077,M005,2025-05-05 03:10:00,4,Reprocessed Plastics
DEF-04078,M005,2025-05-05 03:20:00,48,Polypropylene
DEF-04079,M005,2025-05-05 03:25:00,13,Machine Component
DEF-04080,M005,2025-05-05 03:30:00,42,Solvent
DEF-04081,M005,2025-05-05 05:30:00,17,Catalyst
DEF-04082,M005,2025-05-05 05:35:00,9,Industrial Oil
DEF-04083,M005,2025-05-05 07:15:00,1,Catalyst
DEF-04084,M005,2025-05-05 07:25:00,9,Coolant
DEF-04085,M005,2025-05-05 08:00:00,10,Catalyst
DEF-04086,M005,2025-05-05 08:55:00,7,Machine Component
DEF-04087,M005,2025-05-05 09:00:00,36,Packaging
DEF-04088,M005,2025-05-05 09:35:00,38,Solvent
DEF-04089,M005,2025-05-05 11:05:00,3,Steel
DEF-04090,M005,2025-05-05 11:10:00,1,Aluminum
DEF-04091,M005,2025-05-05 11:30:00,1,Polypropylene
DEF-04092,M005,2025-05-05 14:10:00,2,Solvent
DEF-04093,M005,2025-05-05 15:30:00,19,Sheet Metal
DEF-04094,M005,2025-05-05 17:00:00,37,Textiles
DEF-04095,M005,2025-05-05 17:55:00,5,Aluminum
DEF-04096,M005,2025-05-05 18:05:00,0,Packaging
DEF-04097,M005,2025-05-05 18:40:00,12,Scrap Steel
DEF-04098,M005,2025-05-05 19:20:00,4,Sheet Metal
DEF-04099,M005,2025-05-05 19:40:00,14,Scrap Steel
DEF-04100,M005,2025-05-05 22:10:00,15,Machine Component
DEF-04101,M005,2025-05-05 23:25:00,2,Steel
DEF-04102,M005,2025-05-06 01:55:00,3,Scrap Steel
DEF-04103,M005,2025-05-06 02:20:00,19,Packaging
DEF-04104,M005,2025-05-06 03:30:00,5,Textiles
DEF-04105,M005,2025-05-06 05:45:00,24,Plastic Resin
DEF-04106,M005,2025-05-06 06:35:00,21,Circuit Board
DEF-04107,M005,2025-05-06 07:00:00,17,Polypropylene
DEF-04108,M005,2025-05-06 07:10:00,11,Reprocessed Plastics
DEF-04109,M005,2025-05-06 07:15:00,38,Steel
DEF-04110,M005,2025-05-06 07:40:00,6,Machine Component
DEF-04111,M005,2025-05-06 08:30:00,0,Aluminum
DEF-04112,M005,2025-05-06 08:40:00,21,Circuit Board
DEF-04113,M005,2025-05-06 08:55:00,6,Packaging
DEF-04114,M005,2025-05-06 09:00:00,4,Textiles
DEF-04115,M005,2025-05-06 09:15:00,17,Polypropylene
DEF-04116,M005,2025-05-06 10:25:00,7,Reprocessed Plastics
DEF-04117,M005,2025-05-06 11:30:00,2,Reprocessed Plastics
DEF-04118,M005,2025-05-06 12:25:00,8,Scrap Steel
DEF-04119,M005,2025-05-06 12:55:00,32,Catalyst
DEF-04120,M005,2025-05-06 14:15:00,8,Catalyst
DEF-04121,M005,2025-05-06 14:20:00,35,Machine Component
DEF-04122,M005,2025-05-06 15:25:00,10,Packaging
DEF-04123,M005,2025-05-06 15:40:00,13,Scrap Steel
DEF-04124,M005,2025-05-06 15:55:00,1,Coolant
DEF-04125,M005,2025-05-06 16:55:00,10,Sheet Metal
DEF-04126,M005,2025-05-06 17:40:00,9,Scrap Steel
DEF-04127,M005,2025-05-06 21:55:00,26,Packaging
DEF-04128,M005,2025-05-06 22:00:00,25,Machine Component
DEF-04129,M005,2025-05-06 22:05:00,19,Industrial Oil
DEF-04130,M005,2025-05-06 23:50:00,22,Machine Component
DEF-04131,M005,2025-05-07 01:35:00,26,Sheet Metal
DEF-04132,M005,2025-05-07 02:05:00,11,Steel
DEF-04133,M005,2025-05-07 02:15:00,10,Aluminum
DEF-04134,M005,2025-05-07 03:35:00,28,Catalyst
DEF-04135,M005,2025-05-07 04:40:00,13,Aluminum
DEF-04136,M005,2025-05-07 05:45:00,12,Lead-Based Alloy
DEF-04137,M005,2025-05-07 08:00:00,22,Solvent
DEF-04138,M005,2025-05-07 08:35:00,2,Scrap Steel
DEF-04139,M005,2025-05-07 09:00:00,27,Reprocessed Plastics
DEF-04140,M005,2025-05-07 10:30:00,22,Packaging
DEF-04141,M005,2025-05-07 10:55:00,23,Reprocessed Plastics
DEF-04142,M005,2025-05-07 11:30:00,6,Solvent
DEF-04143,M005,2025-05-07 11:35:00,12,Lead-Based Alloy
DEF-04144,M005,2025-05-07 11:40:00,45,Reprocessed Plastics
DEF-04145,M005,2025-05-07 12:55:00,4,Circuit Board
DEF-04146,M005,2025-05-07 13:10:00,28,Industrial Oil
DEF-04147,M005,2025-05-07 13:20:00,6,Catalyst
DEF-04148,M005,2025-05-07 14:30:00,4,Textiles
DEF-04149,M005,2025-05-07 14:50:00,35,Plastic Resin
DEF-04150,M005,2025-05-07 14:55:00,6,Aluminum
DEF-04151,M005,2025-05-07 17:25:00,3,Polypropylene
DEF-04152,M005,2025-05-07 17:30:00,4,Circuit Board
DEF-04153,M005,2025-05-07 17:55:00,26,Packaging
DEF-04154,M005,2025-05-07 18:10:00,2,Packaging
DEF-04155,M005,2025-05-07 18:30:00,17,Packaging
DEF-04156,M005,2025-05-07 20:55:00,7,Solvent
DEF-04157,M005,2025-05-07 21:35:00,33,Sheet Metal
DEF-04158,M005,2025-05-07 23:05:00,8,Catalyst
DEF-04159,M005,2025-05-07 23:30:00,8,Reprocessed Plastics
DEF-04160,M005,2025-05-07 23:50:00,28,Steel
DEF-04161,M005,2025-05-08 00:00:00,6,Solvent
DEF-04162,M005,2025-05-08 00:20:00,39,Circuit Board
DEF-04163,M005,2025-05-08 02:15:00,22,Textiles
DEF-04164,M005,2025-05-08 03:55:00,4,Packaging
DEF-04165,M005,2025-05-08 04:05:00,4,Polypropylene
DEF-04166,M005,2025-05-08 05:35:00,34,Textiles
DEF-04167,M005,2025-05-08 06:30:00,5,Catalyst
DEF-04168,M005,2025-05-08 07:05:00,16,Solvent
DEF-04169,M005,2025-05-08 07:15:00,11,Textiles
DEF-04170,M005,2025-05-08 08:35:00,25,Solvent
DEF-04171,M005,2025-05-08 09:50:00,5,Industrial Oil
DEF-04172,M005,2025-05-08 11:15:00,0,Textiles
DEF-04173,M005,2025-05-08 11:35:00,9,Packaging
DEF-04174,M005,2025-05-08 12:05:00,3,Plastic Resin
DEF-04175,M005,2025-05-08 13:25:00,17,Plastic Resin
DEF-04176,M005,2025-05-08 13:40:00,15,Packaging
DEF-04177,M005,2025-05-08 15:10:00,1,Packaging
DEF-04178,M005,2025-05-08 15:30:00,36,Cotton
DEF-04179,M005,2025-05-08 17:45:00,16,Circuit Board
DEF-04180,M005,2025-05-08 18:25:00,12,Cotton
DEF-04181,M005,2025-05-08 20:45:00,9,Textiles
DEF-04182,M005,2025-05-08 21:35:00,1,Cotton
DEF-04183,M005,2025-05-08 21:50:00,11,Machine Component
DEF-04184,M005,2025-05-09 01:15:00,20,Lead-Based Alloy
DEF-04185,M005,2025-05-09 03:00:00,0,Cotton
DEF-04186,M005,2025-05-09 03:05:00,18,Reprocessed Plastics
DEF-04187,M005,2025-05-09 04:45:00,29,Coolant
DEF-04188,M005,2025-05-09 05:30:00,3,Lead-Based Alloy
DEF-04189,M005,2025-05-09 05:40:00,8,Scrap Steel
DEF-04190,M005,2025-05-09 07:10:00,14,Sheet Metal
DEF-04191,M005,2025-05-09 07:25:00,2,Sheet Metal
DEF-04192,M005,2025-05-09 07:50:00,8,Lead-Based Alloy
DEF-04193,M005,2025-05-09 08:00:00,38,Industrial Oil
DEF-04194,M005,2025-05-09 09:20:00,43,Catalyst
DEF-04195,M005,2025-05-09 09:25:00,6,Machine Component
DEF-04196,M005,2025-05-09 09:50:00,32,Scrap Steel
DEF-04197,M005,2025-05-09 10:10:00,3,Textiles
DEF-04198,M005,2025-05-09 11:05:00,21,Lead-Based Alloy
DEF-04199,M005,2025-05-09 11:10:00,14,Aluminum
DEF-04200,M005,2025-05-09 11:25:00,11,Machine Component
DEF-04201,M005,2025-05-09 11:40:00,23,Sheet Metal
DEF-04202,M005,2025-05-09 13:10:00,7,Catalyst
DEF-04203,M005,2025-05-09 13:55:00,10,Industrial Oil
DEF-04204,M005,2025-05-09 14:40:00,3,Cotton
DEF-04205,M005,2025-05-09 14:50:00,23,Plastic Resin
DEF-04206,M005,2025-05-09 15:15:00,3,Machine Component
DEF-04207,M005,2025-05-09 15:20:00,29,Industrial Oil
DEF-04208,M005,2025-05-09 15:40:00,20,Lead-Based Alloy
DEF-04209,M005,2025-05-09 16:40:00,5,Sheet Metal
DEF-04210,M005,2025-05-09 16:55:00,6,Machine Component
DEF-04211,M005,2025-05-09 18:30:00,24,Industrial Oil
DEF-04212,M005,2025-05-09 18:40:00,13,Lead-Based Alloy
DEF-04213,M005,2025-05-09 19:25:00,8,Packaging
DEF-04214,M005,2025-05-09 19:40:00,29,Circuit Board
DEF-04215,M005,2025-05-09 19:55:00,19,Cotton
DEF-04216,M005,2025-05-09 22:00:00,6,Textiles
DEF-04217,M005,2025-05-09 23:05:00,28,Lead-Based Alloy
DEF-04218,M005,2025-05-09 23:40:00,3,Plastic Resin
DEF-04219,M005,2025-05-10 00:05:00,11,Polypropylene
DEF-04220,M005,2025-05-10 00:35:00,8,Scrap Steel
DEF-04221,M005,2025-05-10 01:00:00,4,Packaging
DEF-04222,M005,2025-05-10 03:45:00,12,Solvent
DEF-04223,M005,2025-05-10 05:30:00,4,Industrial Oil
DEF-04224,M005,2025-05-10 07:15:00,22,Catalyst
DEF-04225,M005,2025-05-10 10:00:00,6,Plastic Resin
DEF-04226,M005,2025-05-10 10:45:00,1,Lead-Based Alloy
DEF-04227,M005,2025-05-10 10:50:00,19,Cotton
DEF-04228,M005,2025-05-10 12:10:00,1,Scrap Steel
DEF-04229,M005,2025-05-10 13:20:00,5,Catalyst
DEF-04230,M005,2025-05-10 13:30:00,7,Lead-Based Alloy
DEF-04231,M005,2025-05-10 14:00:00,14,Cotton
DEF-04232,M005,2025-05-10 14:15:00,0,Plastic Resin
DEF-04233,M005,2025-05-10 14:30:00,27,Steel
DEF-04234,M005,2025-05-10 15:50:00,17,Solvent
DEF-04235,M005,2025-05-10 16:50:00,10,Steel
DEF-04236,M005,2025-05-10 16:55:00,3,Industrial Oil
DEF-04237,M005,2025-05-10 17:20:00,42,Solvent
DEF-04238,M005,2025-05-10 18:15:00,9,Sheet Metal
DEF-04239,M005,2025-05-10 19:20:00,5,Textiles
DEF-04240,M005,2025-05-10 19:40:00,23,Lead-Based Alloy
DEF-04241,M005,2025-05-10 19:50:00,13,Steel
DEF-04242,M005,2025-05-10 19:55:00,13,Machine Component
DEF-04243,M005,2025-05-10 20:05:00,46,Solvent
DEF-04244,M005,2025-05-10 22:10:00,7,Plastic Resin
DEF-04245,M005,2025-05-11 01:15:00,14,Packaging
DEF-04246,M005,2025-05-11 03:35:00,0,Circuit Board
DEF-04247,M005,2025-05-11 03:45:00,9,Steel
DEF-04248,M005,2025-05-11 07:45:00,13,Solvent
DEF-04249,M005,2025-05-11 09:05:00,3,Reprocessed Plastics
DEF-04250,M005,2025-05-11 09:30:00,3,Sheet Metal
DEF-04251,M005,2025-05-11 09:45:00,16,Coolant
DEF-04252,M005,2025-05-11 12:05:00,3,Reprocessed Plastics
DEF-04253,M005,2025-05-11 13:10:00,7,Steel
DEF-04254,M005,2025-05-11 13:15:00,9,Steel
DEF-04255,M005,2025-05-11 14:05:00,8,Sheet Metal
DEF-04256,M005,2025-05-11 14:20:00,9,Catalyst
DEF-04257,M005,2025-05-11 14:35:00,10,Cotton
DEF-04258,M005,2025-05-11 15:20:00,7,Circuit Board
DEF-04259,M005,2025-05-11 15:25:00,9,Lead-Based Alloy
DEF-04260,M005,2025-05-11 17:20:00,1,Sheet Metal
DEF-04261,M005,2025-05-11 18:25:00,17,Polypropylene
DEF-04262,M005,2025-05-11 18:30:00,8,Packaging
DEF-04263,M005,2025-05-11 19:45:00,11,Solvent
DEF-04264,M005,2025-05-11 21:30:00,6,Industrial Oil
DEF-04265,M005,2025-05-11 22:00:00,3,Textiles
DEF-04266,M005,2025-05-12 00:15:00,12,Textiles
DEF-04267,M005,2025-05-12 01:10:00,0,Solvent
DEF-04268,M005,2025-05-12 02:35:00,9,Machine Component
DEF-04269,M005,2025-05-12 03:25:00,9,Lead-Based Alloy
DEF-04270,M005,2025-05-12 03:35:00,33,Cotton
DEF-04271,M005,2025-05-12 04:35:00,20,Reprocessed Plastics
DEF-04272,M005,2025-05-12 04:55:00,24,Textiles
DEF-04273,M005,2025-05-12 05:00:00,31,Solvent
DEF-04274,M005,2025-05-12 05:25:00,7,Industrial Oil
DEF-04275,M005,2025-05-12 05:45:00,34,Catalyst
DEF-04276,M005,2025-05-12 06:30:00,19,Industrial Oil
DEF-04277,M005,2025-05-12 07:50:00,8,Machine Component
DEF-04278,M005,2025-05-12 08:30:00,18,Circuit Board
DEF-04279,M005,2025-05-12 09:10:00,21,Industrial Oil
DEF-04280,M005,2025-05-12 09:15:00,11,Aluminum
DEF-04281,M005,2025-05-12 10:35:00,6,Machine Component
DEF-04282,M005,2025-05-12 12:10:00,3,Scrap Steel
DEF-04283,M005,2025-05-12 12:25:00,4,Packaging
DEF-04284,M005,2025-05-12 13:15:00,32,Sheet Metal
DEF-04285,M005,2025-05-12 13:30:00,5,Reprocessed Plastics
DEF-04286,M005,2025-05-12 14:15:00,17,Machine Component
DEF-04287,M005,2025-05-12 14:45:00,14,Coolant
DEF-04288,M005,2025-05-12 16:10:00,27,Plastic Resin
DEF-04289,M005,2025-05-12 19:10:00,38,Reprocessed Plastics
DEF-04290,M005,2025-05-12 21:25:00,5,Textiles
DEF-04291,M005,2025-05-12 22:05:00,40,Coolant
DEF-04292,M005,2025-05-12 23:10:00,31,Textiles
DEF-04293,M005,2025-05-12 23:30:00,20,Catalyst
DEF-04294,M005,2025-05-13 00:30:00,16,Scrap Steel
DEF-04295,M005,2025-05-13 00:55:00,13,Textiles
DEF-04296,M005,2025-05-13 02:05:00,9,Scrap Steel
DEF-04297,M005,2025-05-13 02:40:00,4,Scrap Steel
DEF-04298,M005,2025-05-13 03:20:00,35,Aluminum
DEF-04299,M005,2025-05-13 03:50:00,21,Cotton
DEF-04300,M005,2025-05-13 04:10:00,5,Steel
DEF-04301,M005,2025-05-13 04:20:00,38,Plastic Resin
DEF-04302,M005,2025-05-13 04:50:00,26,Circuit Board
DEF-04303,M005,2025-05-13 05:50:00,2,Lead-Based Alloy
DEF-04304,M005,2025-05-13 06:20:00,0,Solvent
DEF-04305,M005,2025-05-13 07:10:00,3,Lead-Based Alloy
DEF-04306,M005,2025-05-13 07:20:00,20,Cotton
DEF-04307,M005,2025-05-13 08:35:00,7,Polypropylene
DEF-04308,M005,2025-05-13 09:45:00,24,Lead-Based Alloy
DEF-04309,M005,2025-05-13 10:55:00,8,Polypropylene
DEF-04310,M005,2025-05-13 11:30:00,1,Reprocessed Plastics
DEF-04311,M005,2025-05-13 12:20:00,6,Coolant
DEF-04312,M005,2025-05-13 13:10:00,10,Sheet Metal
DEF-04313,M005,2025-05-13 14:35:00,22,Industrial Oil
DEF-04314,M005,2025-05-13 15:00:00,4,Industrial Oil
DEF-04315,M005,2025-05-13 15:10:00,8,Coolant
DEF-04316,M005,2025-05-13 15:50:00,16,Aluminum
DEF-04317,M005,2025-05-13 16:10:00,22,Machine Component
DEF-04318,M005,2025-05-13 16:30:00,2,Sheet Metal
DEF-04319,M005,2025-05-13 17:50:00,1,Machine Component
DEF-04320,M005,2025-05-13 18:25:00,22,Solvent
DEF-04321,M005,2025-05-13 18:45:00,22,Lead-Based Alloy
DEF-04322,M005,2025-05-13 19:15:00,9,Reprocessed Plastics
DEF-04323,M005,2025-05-13 19:45:00,17,Scrap Steel
DEF-04324,M005,2025-05-13 20:25:00,6,Circuit Board
DEF-04325,M005,2025-05-13 22:00:00,7,Solvent
DEF-04326,M005,2025-05-13 23:15:00,9,Cotton
DEF-04327,M005,2025-05-14 01:15:00,8,Machine Component
DEF-04328,M005,2025-05-14 02:30:00,6,Catalyst
DEF-04329,M005,2025-05-14 02:35:00,1,Lead-Based Alloy
DEF-04330,M005,2025-05-14 03:35:00,6,Plastic Resin
DEF-04331,M005,2025-05-14 06:10:00,8,Industrial Oil
DEF-04332,M005,2025-05-14 06:15:00,11,Solvent
DEF-04333,M005,2025-05-14 07:00:00,20,Reprocessed Plastics
DEF-04334,M005,2025-05-14 07:25:00,3,Reprocessed Plastics
DEF-04335,M005,2025-05-14 08:25:00,26,Aluminum
DEF-04336,M005,2025-05-14 09:35:00,13,Solvent
DEF-04337,M005,2025-05-14 10:10:00,7,Industrial Oil
DEF-04338,M005,2025-05-14 10:45:00,29,Coolant
DEF-04339,M005,2025-05-14 10:50:00,22,Steel
DEF-04340,M005,2025-05-14 11:30:00,18,Machine Component
DEF-04341,M005,2025-05-14 14:00:00,45,Coolant
DEF-04342,M005,2025-05-14 14:45:00,25,Aluminum
DEF-04343,M005,2025-05-14 15:35:00,22,Machine Component
DEF-04344,M005,2025-05-14 15:40:00,3,Cotton
DEF-04345,M005,2025-05-14 15:45:00,10,Catalyst
DEF-04346,M005,2025-05-14 15:55:00,12,Coolant
DEF-04347,M005,2025-05-14 17:00:00,15,Reprocessed Plastics
DEF-04348,M005,2025-05-14 19:00:00,27,Plastic Resin
DEF-04349,M005,2025-05-14 19:50:00,11,Sheet Metal
DEF-04350,M005,2025-05-14 23:10:00,15,Scrap Steel
DEF-04351,M005,2025-05-14 23:15:00,1,Circuit Board
DEF-04352,M005,2025-05-15 00:05:00,6,Lead-Based Alloy
DEF-04353,M005,2025-05-15 00:10:00,8,Polypropylene
DEF-04354,M005,2025-05-15 00:50:00,13,Sheet Metal
DEF-04355,M005,2025-05-15 02:10:00,18,Solvent
DEF-04356,M005,2025-05-15 03:25:00,21,Lead-Based Alloy
DEF-04357,M005,2025-05-15 03:50:00,25,Industrial Oil
DEF-04358,M005,2025-05-15 04:30:00,3,Industrial Oil
DEF-04359,M005,2025-05-15 05:15:00,18,Coolant
DEF-04360,M005,2025-05-15 05:55:00,28,Industrial Oil
DEF-04361,M005,2025-05-15 06:25:00,11,Plastic Resin
DEF-04362,M005,2025-05-15 06:35:00,34,Machine Component
DEF-04363,M005,2025-05-15 06:40:00,4,Plastic Resin
DEF-04364,M005,2025-05-15 07:30:00,0,Coolant
DEF-04365,M005,2025-05-15 07:55:00,14,Circuit Board
DEF-04366,M005,2025-05-15 10:35:00,19,Scrap Steel
DEF-04367,M005,2025-05-15 10:50:00,12,Solvent
DEF-04368,M005,2025-05-15 12:15:00,5,Aluminum
DEF-04369,M005,2025-05-15 12:20:00,41,Reprocessed Plastics
DEF-04370,M005,2025-05-15 12:30:00,5,Aluminum
DEF-04371,M005,2025-05-15 12:45:00,18,Catalyst
DEF-04372,M005,2025-05-15 13:10:00,6,Aluminum
DEF-04373,M005,2025-05-15 13:15:00,36,Aluminum
DEF-04374,M005,2025-05-15 13:30:00,11,Textiles
DEF-04375,M005,2025-05-15 13:45:00,20,Polypropylene
DEF-04376,M005,2025-05-15 15:10:00,23,Industrial Oil
DEF-04377,M005,2025-05-15 15:25:00,15,Catalyst
DEF-04378,M005,2025-05-15 15:40:00,9,Solvent
DEF-04379,M005,2025-05-15 17:00:00,45,Packaging
DEF-04380,M005,2025-05-15 17:15:00,27,Textiles
DEF-04381,M005,2025-05-15 17:50:00,14,Circuit Board
DEF-04382,M005,2025-05-15 18:05:00,10,Sheet Metal
DEF-04383,M005,2025-05-15 18:10:00,3,Solvent
DEF-04384,M005,2025-05-15 18:30:00,14,Industrial Oil
DEF-04385,M005,2025-05-15 20:15:00,2,Aluminum
DEF-04386,M005,2025-05-15 23:50:00,24,Solvent
DEF-04387,M005,2025-05-15 23:55:00,2,Steel
DEF-04388,M005,2025-05-16 02:00:00,11,Lead-Based Alloy
DEF-04389,M005,2025-05-16 03:20:00,3,Reprocessed Plastics
DEF-04390,M005,2025-05-16 03:30:00,3,Plastic Resin
DEF-04391,M005,2025-05-16 04:00:00,11,Packaging
DEF-04392,M005,2025-05-16 05:00:00,1,Catalyst
DEF-04393,M005,2025-05-16 05:15:00,6,Lead-Based Alloy
DEF-04394,M005,2025-05-16 06:25:00,23,Circuit Board
DEF-04395,M005,2025-05-16 08:00:00,15,Cotton
DEF-04396,M005,2025-05-16 09:00:00,2,Textiles
DEF-04397,M005,2025-05-16 10:30:00,28,Plastic Resin
DEF-04398,M005,2025-05-16 13:25:00,3,Solvent
DEF-04399,M005,2025-05-16 13:30:00,5,Reprocessed Plastics
DEF-04400,M005,2025-05-16 14:45:00,5,Solvent
DEF-04401,M005,2025-05-16 14:55:00,21,Packaging
DEF-04402,M005,2025-05-16 15:05:00,19,Industrial Oil
DEF-04403,M005,2025-05-16 15:25:00,5,Plastic Resin
DEF-04404,M005,2025-05-16 16:10:00,38,Sheet Metal
DEF-04405,M005,2025-05-16 17:50:00,6,Coolant
DEF-04406,M005,2025-05-16 18:10:00,37,Cotton
DEF-04407,M005,2025-05-16 20:35:00,7,Coolant
DEF-04408,M005,2025-05-16 21:00:00,12,Lead-Based Alloy
DEF-04409,M005,2025-05-16 21:25:00,41,Polypropylene
DEF-04410,M005,2025-05-16 21:35:00,2,Aluminum
DEF-04411,M005,2025-05-16 21:55:00,45,Coolant
DEF-04412,M005,2025-05-16 22:40:00,2,Steel
DEF-04413,M005,2025-05-16 23:00:00,3,Coolant
DEF-04414,M005,2025-05-16 23:05:00,24,Cotton
DEF-04415,M005,2025-05-17 00:05:00,24,Solvent
DEF-04416,M005,2025-05-17 00:10:00,9,Solvent
DEF-04417,M005,2025-05-17 00:25:00,3,Lead-Based Alloy
DEF-04418,M005,2025-05-17 00:40:00,8,Polypropylene
DEF-04419,M005,2025-05-17 02:05:00,7,Circuit Board
DEF-04420,M005,2025-05-17 02:40:00,30,Machine Component
DEF-04421,M005,2025-05-17 02:50:00,27,Lead-Based Alloy
DEF-04422,M005,2025-05-17 03:10:00,36,Cotton
DEF-04423,M005,2025-05-17 03:50:00,42,Packaging
DEF-04424,M005,2025-05-17 06:15:00,11,Plastic Resin
DEF-04425,M005,2025-05-17 06:35:00,11,Steel
DEF-04426,M005,2025-05-17 07:15:00,35,Plastic Resin
DEF-04427,M005,2025-05-17 07:20:00,9,Reprocessed Plastics
DEF-04428,M005,2025-05-17 09:20:00,11,Coolant
DEF-04429,M005,2025-05-17 10:55:00,18,Coolant
DEF-04430,M005,2025-05-17 11:15:00,8,Reprocessed Plastics
DEF-04431,M005,2025-05-17 11:30:00,48,Sheet Metal
DEF-04432,M005,2025-05-17 12:30:00,21,Plastic Resin
DEF-04433,M005,2025-05-17 12:50:00,9,Reprocessed Plastics
DEF-04434,M005,2025-05-17 13:00:00,4,Scrap Steel
DEF-04435,M005,2025-05-17 15:10:00,1,Polypropylene
DEF-04436,M005,2025-05-17 15:40:00,15,Catalyst
DEF-04437,M005,2025-05-17 15:50:00,15,Coolant
DEF-04438,M005,2025-05-17 16:20:00,2,Packaging
DEF-04439,M005,2025-05-17 16:45:00,27,Reprocessed Plastics
DEF-04440,M005,2025-05-17 17:00:00,12,Industrial Oil
DEF-04441,M005,2025-05-17 17:30:00,16,Scrap Steel
DEF-04442,M005,2025-05-17 18:00:00,7,Sheet Metal
DEF-04443,M005,2025-05-17 18:30:00,21,Steel
DEF-04444,M005,2025-05-17 19:30:00,43,Packaging
DEF-04445,M005,2025-05-17 20:30:00,3,Packaging
DEF-04446,M005,2025-05-17 21:20:00,25,Plastic Resin
DEF-04447,M005,2025-05-17 21:35:00,13,Coolant
DEF-04448,M005,2025-05-17 21:50:00,13,Aluminum
DEF-04449,M005,2025-05-17 22:30:00,15,Industrial Oil
DEF-04450,M005,2025-05-17 22:50:00,4,Reprocessed Plastics
DEF-04451,M005,2025-05-17 23:00:00,22,Packaging
DEF-04452,M005,2025-05-17 23:25:00,2,Lead-Based Alloy
DEF-04453,M005,2025-05-18 00:10:00,2,Solvent
DEF-04454,M005,2025-05-18 01:50:00,10,Reprocessed Plastics
DEF-04455,M005,2025-05-18 02:45:00,27,Packaging
DEF-04456,M005,2025-05-18 03:40:00,6,Catalyst
DEF-04457,M005,2025-05-18 04:00:00,5,Machine Component
DEF-04458,M005,2025-05-18 04:30:00,32,Polypropylene
DEF-04459,M005,2025-05-18 05:30:00,19,Solvent
DEF-04460,M005,2025-05-18 07:00:00,6,Industrial Oil
DEF-04461,M005,2025-05-18 08:10:00,24,Scrap Steel
DEF-04462,M005,2025-05-18 08:20:00,33,Catalyst
DEF-04463,M005,2025-05-18 09:10:00,23,Reprocessed Plastics
DEF-04464,M005,2025-05-18 09:35:00,8,Solvent
DEF-04465,M005,2025-05-18 10:30:00,37,Cotton
DEF-04466,M005,2025-05-18 11:05:00,24,Machine Component
DEF-04467,M005,2025-05-18 13:20:00,26,Steel
DEF-04468,M005,2025-05-18 15:20:00,32,Packaging
DEF-04469,M005,2025-05-18 15:45:00,29,Aluminum
DEF-04470,M005,2025-05-18 16:30:00,5,Packaging
DEF-04471,M005,2025-05-18 19:00:00,9,Lead-Based Alloy
DEF-04472,M005,2025-05-18 19:55:00,34,Machine Component
DEF-04473,M005,2025-05-18 21:20:00,20,Scrap Steel
DEF-04474,M005,2025-05-18 22:25:00,24,Scrap Steel
DEF-04475,M005,2025-05-18 22:55:00,11,Packaging
DEF-04476,M005,2025-05-18 23:05:00,2,Lead-Based Alloy
DEF-04477,M005,2025-05-18 23:30:00,7,Polypropylene
DEF-04478,M005,2025-05-19 00:20:00,0,Machine Component
DEF-04479,M005,2025-05-19 01:25:00,0,Lead-Based Alloy
DEF-04480,M005,2025-05-19 01:40:00,21,Industrial Oil
DEF-04481,M005,2025-05-19 02:25:00,9,Sheet Metal
DEF-04482,M005,2025-05-19 02:40:00,21,Machine Component
DEF-04483,M005,2025-05-19 03:20:00,32,Catalyst
DEF-04484,M005,2025-05-19 03:35:00,20,Aluminum
DEF-04485,M005,2025-05-19 06:35:00,2,Scrap Steel
DEF-04486,M005,2025-05-19 07:50:00,7,Sheet Metal
DEF-04487,M005,2025-05-19 08:40:00,19,Solvent
DEF-04488,M005,2025-05-19 08:50:00,1,Plastic Resin
DEF-04489,M005,2025-05-19 10:15:00,1,Reprocessed Plastics
DEF-04490,M005,2025-05-19 10:25:00,8,Lead-Based Alloy
DEF-04491,M005,2025-05-19 10:30:00,10,Reprocessed Plastics
DEF-04492,M005,2025-05-19 10:50:00,31,Scrap Steel
DEF-04493,M005,2025-05-19 11:30:00,11,Cotton
DEF-04494,M005,2025-05-19 13:15:00,20,Textiles
DEF-04495,M005,2025-05-19 13:55:00,32,Scrap Steel
DEF-04496,M005,2025-05-19 16:25:00,6,Circuit Board
DEF-04497,M005,2025-05-19 16:50:00,6,Lead-Based Alloy
DEF-04498,M005,2025-05-19 17:10:00,9,Plastic Resin
DEF-04499,M005,2025-05-19 19:50:00,2,Solvent
DEF-04500,M005,2025-05-19 21:25:00,30,Scrap Steel
DEF-04501,M005,2025-05-19 22:40:00,16,Steel
DEF-04502,M005,2025-05-19 22:45:00,5,Packaging
DEF-04503,M005,2025-05-19 23:00:00,6,Catalyst
DEF-04504,M005,2025-05-19 23:45:00,9,Polypropylene
DEF-04505,M005,2025-05-19 23:50:00,1,Scrap Steel
DEF-04506,M005,2025-05-19 23:55:00,14,Steel
DEF-04507,M005,2025-05-20 00:05:00,14,Coolant
DEF-04508,M005,2025-05-20 00:20:00,18,Sheet Metal
DEF-04509,M005,2025-05-20 00:40:00,1,Scrap Steel
DEF-04510,M005,2025-05-20 02:05:00,13,Aluminum
DEF-04511,M005,2025-05-20 02:35:00,1,Catalyst
DEF-04512,M005,2025-05-20 03:35:00,37,Plastic Resin
DEF-04513,M005,2025-05-20 04:15:00,14,Polypropylene
DEF-04514,M005,2025-05-20 05:30:00,9,Solvent
DEF-04515,M005,2025-05-20 05:50:00,13,Industrial Oil
DEF-04516,M005,2025-05-20 06:15:00,20,Aluminum
DEF-04517,M005,2025-05-20 06:40:00,11,Circuit Board
DEF-04518,M005,2025-05-20 06:45:00,10,Machine Component
DEF-04519,M005,2025-05-20 06:55:00,4,Lead-Based Alloy
DEF-04520,M005,2025-05-20 07:25:00,11,Lead-Based Alloy
DEF-04521,M005,2025-05-20 08:20:00,7,Aluminum
DEF-04522,M005,2025-05-20 09:10:00,12,Cotton
DEF-04523,M005,2025-05-20 09:35:00,2,Cotton
DEF-04524,M005,2025-05-20 09:45:00,37,Coolant
DEF-04525,M005,2025-05-20 11:40:00,5,Plastic Resin
DEF-04526,M005,2025-05-20 12:30:00,20,Aluminum
DEF-04527,M005,2025-05-20 12:40:00,4,Solvent
DEF-04528,M005,2025-05-20 13:15:00,13,Lead-Based Alloy
DEF-04529,M005,2025-05-20 15:05:00,42,Reprocessed Plastics
DEF-04530,M005,2025-05-20 15:10:00,5,Polypropylene
DEF-04531,M005,2025-05-20 16:20:00,3,Solvent
DEF-04532,M005,2025-05-20 17:05:00,26,Machine Component
DEF-04533,M005,2025-05-20 17:15:00,10,Machine Component
DEF-04534,M005,2025-05-20 17:35:00,26,Aluminum
DEF-04535,M005,2025-05-20 18:50:00,39,Catalyst
DEF-04536,M005,2025-05-20 19:40:00,12,Textiles
DEF-04537,M005,2025-05-20 21:25:00,10,Machine Component
DEF-04538,M005,2025-05-20 21:35:00,12,Catalyst
DEF-04539,M005,2025-05-20 23:45:00,5,Textiles
DEF-04540,M005,2025-05-21 00:20:00,46,Textiles
DEF-04541,M005,2025-05-21 00:30:00,25,Machine Component
DEF-04542,M005,2025-05-21 02:30:00,7,Steel
DEF-04543,M005,2025-05-21 02:35:00,5,Polypropylene
DEF-04544,M005,2025-05-21 03:25:00,4,Cotton
DEF-04545,M005,2025-05-21 05:20:00,25,Catalyst
DEF-04546,M005,2025-05-21 07:15:00,6,Aluminum
DEF-04547,M005,2025-05-21 07:30:00,15,Industrial Oil
DEF-04548,M005,2025-05-21 08:35:00,47,Steel
DEF-04549,M005,2025-05-21 08:45:00,40,Lead-Based Alloy
DEF-04550,M005,2025-05-21 17:05:00,27,Circuit Board
DEF-04551,M005,2025-05-21 17:35:00,4,Machine Component
DEF-04552,M005,2025-05-21 20:05:00,6,Polypropylene
DEF-04553,M005,2025-05-21 20:15:00,13,Packaging
DEF-04554,M005,2025-05-21 22:30:00,11,Sheet Metal
DEF-04555,M005,2025-05-21 23:35:00,5,Steel
DEF-04556,M005,2025-05-21 23:45:00,8,Cotton
DEF-04557,M005,2025-05-21 23:55:00,18,Plastic Resin
DEF-04558,M005,2025-05-22 02:20:00,23,Industrial Oil
DEF-04559,M005,2025-05-22 02:50:00,37,Catalyst
DEF-04560,M005,2025-05-22 03:10:00,1,Scrap Steel
DEF-04561,M005,2025-05-22 03:25:00,22,Plastic Resin
DEF-04562,M005,2025-05-22 04:25:00,13,Solvent
DEF-04563,M005,2025-05-22 04:35:00,11,Machine Component
DEF-04564,M005,2025-05-22 08:45:00,16,Packaging
DEF-04565,M005,2025-05-22 12:20:00,7,Machine Component
DEF-04566,M005,2025-05-22 12:50:00,15,Coolant
DEF-04567,M005,2025-05-22 14:00:00,7,Packaging
DEF-04568,M005,2025-05-22 16:45:00,4,Aluminum
DEF-04569,M005,2025-05-22 17:15:00,25,Steel
DEF-04570,M005,2025-05-22 17:40:00,13,Polypropylene
DEF-04571,M005,2025-05-22 17:55:00,0,Polypropylene
DEF-04572,M005,2025-05-22 18:00:00,20,Catalyst
DEF-04573,M005,2025-05-22 18:25:00,28,Scrap Steel
DEF-04574,M005,2025-05-22 18:35:00,33,Packaging
DEF-04575,M005,2025-05-22 18:50:00,34,Packaging
DEF-04576,M005,2025-05-22 19:55:00,19,Industrial Oil
DEF-04577,M005,2025-05-22 20:05:00,28,Machine Component
DEF-04578,M005,2025-05-22 20:30:00,4,Aluminum
DEF-04579,M005,2025-05-22 21:25:00,6,Reprocessed Plastics
DEF-04580,M005,2025-05-22 22:35:00,11,Scrap Steel
DEF-04581,M005,2025-05-22 22:40:00,29,Scrap Steel
DEF-04582,M005,2025-05-22 23:50:00,10,Lead-Based Alloy
DEF-04583,M005,2025-05-23 00:40:00,5,Scrap Steel
DEF-04584,M005,2025-05-23 01:05:00,17,Coolant
DEF-04585,M005,2025-05-23 01:40:00,12,Lead-Based Alloy
DEF-04586,M005,2025-05-23 01:45:00,5,Polypropylene
DEF-04587,M005,2025-05-23 02:10:00,21,Aluminum
DEF-04588,M005,2025-05-23 02:15:00,2,Reprocessed Plastics
DEF-04589,M005,2025-05-23 03:00:00,22,Plastic Resin
DEF-04590,M005,2025-05-23 03:25:00,8,Textiles
DEF-04591,M005,2025-05-23 04:20:00,6,Reprocessed Plastics
DEF-04592,M005,2025-05-23 05:10:00,34,Cotton
DEF-04593,M005,2025-05-23 05:40:00,2,Plastic Resin
DEF-04594,M005,2025-05-23 05:50:00,3,Circuit Board
DEF-04595,M005,2025-05-23 06:00:00,22,Plastic Resin
DEF-04596,M005,2025-05-23 06:40:00,30,Reprocessed Plastics
DEF-04597,M005,2025-05-23 07:35:00,7,Solvent
DEF-04598,M005,2025-05-23 09:30:00,22,Polypropylene
DEF-04599,M005,2025-05-23 10:05:00,17,Machine Component
DEF-04600,M005,2025-05-23 11:45:00,22,Solvent
DEF-04601,M005,2025-05-23 12:35:00,1,Reprocessed Plastics
DEF-04602,M005,2025-05-23 13:25:00,19,Textiles
DEF-04603,M005,2025-05-23 13:40:00,18,Textiles
DEF-04604,M005,2025-05-23 15:00:00,20,Textiles
DEF-04605,M005,2025-05-23 15:05:00,21,Textiles
DEF-04606,M005,2025-05-23 15:30:00,5,Packaging
DEF-04607,M005,2025-05-23 16:00:00,2,Polypropylene
DEF-04608,M005,2025-05-23 16:20:00,1,Solvent
DEF-04609,M005,2025-05-23 17:20:00,16,Plastic Resin
DEF-04610,M005,2025-05-23 17:55:00,29,Reprocessed Plastics
DEF-04611,M005,2025-05-23 18:25:00,6,Circuit Board
DEF-04612,M005,2025-05-23 19:55:00,15,Catalyst
DEF-04613,M005,2025-05-23 23:05:00,13,Machine Component
DEF-04614,M005,2025-05-24 00:30:00,7,Circuit Board
DEF-04615,M005,2025-05-24 01:35:00,31,Polypropylene
DEF-04616,M005,2025-05-24 02:50:00,1,Reprocessed Plastics
DEF-04617,M005,2025-05-24 04:50:00,25,Sheet Metal
DEF-04618,M005,2025-05-24 05:00:00,28,Circuit Board
DEF-04619,M005,2025-05-24 06:20:00,12,Coolant
DEF-04620,M005,2025-05-24 07:20:00,3,Reprocessed Plastics
DEF-04621,M005,2025-05-24 08:15:00,3,Textiles
DEF-04622,M005,2025-05-24 09:15:00,9,Reprocessed Plastics
DEF-04623,M005,2025-05-24 10:30:00,28,Machine Component
DEF-04624,M005,2025-05-24 11:10:00,38,Reprocessed Plastics
DEF-04625,M005,2025-05-24 12:20:00,21,Circuit Board
DEF-04626,M005,2025-05-24 13:20:00,20,Polypropylene
DEF-04627,M005,2025-05-24 14:35:00,17,Reprocessed Plastics
DEF-04628,M005,2025-05-24 15:15:00,23,Reprocessed Plastics
DEF-04629,M005,2025-05-24 15:30:00,26,Industrial Oil
DEF-04630,M005,2025-05-24 16:25:00,9,Coolant
DEF-04631,M005,2025-05-24 16:50:00,0,Sheet Metal
DEF-04632,M005,2025-05-24 17:05:00,1,Scrap Steel
DEF-04633,M005,2025-05-24 19:10:00,28,Circuit Board
DEF-04634,M005,2025-05-24 19:40:00,14,Textiles
DEF-04635,M005,2025-05-24 19:50:00,6,Solvent
DEF-04636,M005,2025-05-24 20:20:00,6,Plastic Resin
DEF-04637,M005,2025-05-24 21:30:00,26,Textiles
DEF-04638,M005,2025-05-24 22:30:00,10,Cotton
DEF-04639,M005,2025-05-24 23:05:00,11,Aluminum
DEF-04640,M005,2025-05-25 00:15:00,6,Steel
DEF-04641,M005,2025-05-25 00:40:00,20,Industrial Oil
DEF-04642,M005,2025-05-25 00:50:00,39,Lead-Based Alloy
DEF-04643,M005,2025-05-25 03:05:00,37,Catalyst
DEF-04644,M005,2025-05-25 03:20:00,12,Industrial Oil
DEF-04645,M005,2025-05-25 04:25:00,5,Steel
DEF-04646,M005,2025-05-25 04:40:00,24,Catalyst
DEF-04647,M005,2025-05-25 05:15:00,11,Circuit Board
DEF-04648,M005,2025-05-25 05:20:00,10,Industrial Oil
DEF-04649,M005,2025-05-25 06:40:00,38,Aluminum
DEF-04650,M005,2025-05-25 06:45:00,9,Lead-Based Alloy
DEF-04651,M005,2025-05-25 09:30:00,35,Catalyst
DEF-04652,M005,2025-05-25 10:35:00,12,Industrial Oil
DEF-04653,M005,2025-05-25 12:05:00,17,Textiles
DEF-04654,M005,2025-05-25 12:10:00,30,Reprocessed Plastics
DEF-04655,M005,2025-05-25 12:15:00,2,Cotton
DEF-04656,M005,2025-05-25 13:05:00,3,Sheet Metal
DEF-04657,M005,2025-05-25 14:10:00,0,Sheet Metal
DEF-04658,M005,2025-05-25 14:25:00,4,Circuit Board
DEF-04659,M005,2025-05-25 15:20:00,30,Polypropylene
DEF-04660,M005,2025-05-25 15:25:00,4,Reprocessed Plastics
DEF-04661,M005,2025-05-25 15:45:00,27,Packaging
DEF-04662,M005,2025-05-25 16:15:00,33,Cotton
DEF-04663,M005,2025-05-25 18:10:00,9,Cotton
DEF-04664,M005,2025-05-25 18:15:00,0,Steel
DEF-04665,M005,2025-05-25 18:50:00,45,Steel
DEF-04666,M005,2025-05-25 20:05:00,25,Textiles
DEF-04667,M005,2025-05-25 21:50:00,24,Scrap Steel
DEF-04668,M005,2025-05-25 22:05:00,17,Solvent
DEF-04669,M005,2025-05-25 23:00:00,11,Industrial Oil
DEF-04670,M005,2025-05-25 23:10:00,17,Polypropylene
DEF-04671,M005,2025-05-26 00:00:00,21,Reprocessed Plastics
DEF-04672,M005,2025-05-26 01:05:00,4,Plastic Resin
DEF-04673,M005,2025-05-26 01:15:00,7,Circuit Board
DEF-04674,M005,2025-05-26 01:25:00,16,Machine Component
DEF-04675,M005,2025-05-26 01:50:00,6,Solvent
DEF-04676,M005,2025-05-26 02:30:00,17,Solvent
DEF-04677,M005,2025-05-26 03:30:00,4,Sheet Metal
DEF-04678,M005,2025-05-26 04:10:00,2,Aluminum
DEF-04679,M005,2025-05-26 04:35:00,8,Textiles
DEF-04680,M005,2025-05-26 04:55:00,4,Steel
DEF-04681,M005,2025-05-26 06:05:00,7,Circuit Board
DEF-04682,M005,2025-05-26 07:35:00,7,Lead-Based Alloy
DEF-04683,M005,2025-05-26 08:40:00,3,Catalyst
DEF-04684,M005,2025-05-26 09:00:00,4,Steel
DEF-04685,M005,2025-05-26 09:30:00,8,Lead-Based Alloy
DEF-04686,M005,2025-05-26 09:50:00,35,Aluminum
DEF-04687,M005,2025-05-26 11:00:00,3,Industrial Oil
DEF-04688,M005,2025-05-26 11:20:00,4,Lead-Based Alloy
DEF-04689,M005,2025-05-26 11:25:00,12,Lead-Based Alloy
DEF-04690,M005,2025-05-26 12:30:00,13,Coolant
DEF-04691,M005,2025-05-26 12:35:00,3,Packaging
DEF-04692,M005,2025-05-26 13:15:00,6,Solvent
DEF-04693,M005,2025-05-26 15:40:00,4,Circuit Board
DEF-04694,M005,2025-05-26 15:55:00,0,Cotton
DEF-04695,M005,2025-05-26 16:45:00,9,Circuit Board
DEF-04696,M005,2025-05-26 18:45:00,42,Coolant
DEF-04697,M005,2025-05-26 19:10:00,3,Industrial Oil
DEF-04698,M005,2025-05-26 19:40:00,9,Plastic Resin
DEF-04699,M005,2025-05-26 19:50:00,0,Machine Component
DEF-04700,M005,2025-05-26 21:55:00,37,Packaging
DEF-04701,M005,2025-05-26 23:50:00,4,Lead-Based Alloy
DEF-04702,M005,2025-05-27 00:35:00,7,Textiles
DEF-04703,M005,2025-05-27 01:15:00,16,Sheet Metal
DEF-04704,M005,2025-05-27 01:35:00,15,Sheet Metal
DEF-04705,M005,2025-05-27 02:35:00,4,Sheet Metal
DEF-04706,M005,2025-05-27 03:30:00,10,Industrial Oil
DEF-04707,M005,2025-05-27 05:25:00,31,Machine Component
DEF-04708,M005,2025-05-27 06:45:00,6,Scrap Steel
DEF-04709,M005,2025-05-27 07:00:00,35,Machine Component
DEF-04710,M005,2025-05-27 08:15:00,15,Aluminum
DEF-04711,M005,2025-05-27 10:20:00,7,Reprocessed Plastics
DEF-04712,M005,2025-05-27 10:40:00,16,Catalyst
DEF-04713,M005,2025-05-27 10:45:00,13,Plastic Resin
DEF-04714,M005,2025-05-27 10:50:00,6,Plastic Resin
DEF-04715,M005,2025-05-27 11:30:00,24,Sheet Metal
DEF-04716,M005,2025-05-27 13:00:00,7,Reprocessed Plastics
DEF-04717,M005,2025-05-27 13:25:00,3,Polypropylene
DEF-04718,M005,2025-05-27 14:55:00,7,Reprocessed Plastics
DEF-04719,M005,2025-05-27 15:10:00,5,Cotton
DEF-04720,M005,2025-05-27 15:45:00,10,Coolant
DEF-04721,M005,2025-05-27 16:10:00,6,Packaging
DEF-04722,M005,2025-05-27 17:10:00,5,Aluminum
DEF-04723,M005,2025-05-27 17:40:00,13,Lead-Based Alloy
DEF-04724,M005,2025-05-27 18:20:00,24,Steel
DEF-04725,M005,2025-05-27 19:20:00,20,Reprocessed Plastics
DEF-04726,M005,2025-05-27 20:20:00,3,Solvent
DEF-04727,M005,2025-05-27 21:15:00,11,Steel
DEF-04728,M005,2025-05-27 21:25:00,4,Sheet Metal
DEF-04729,M005,2025-05-27 21:30:00,8,Aluminum
DEF-04730,M005,2025-05-27 21:55:00,11,Aluminum
DEF-04731,M005,2025-05-27 22:00:00,35,Lead-Based Alloy
DEF-04732,M005,2025-05-27 23:30:00,5,Solvent
DEF-04733,M005,2025-05-27 23:50:00,7,Plastic Resin
DEF-04734,M005,2025-05-28 00:25:00,6,Packaging
DEF-04735,M005,2025-05-28 01:10:00,11,Coolant
DEF-04736,M005,2025-05-28 01:15:00,24,Machine Component
DEF-04737,M005,2025-05-28 01:30:00,13,Sheet Metal
DEF-04738,M005,2025-05-28 04:50:00,11,Reprocessed Plastics
DEF-04739,M005,2025-05-28 05:55:00,6,Textiles
DEF-04740,M005,2025-05-28 06:10:00,16,Packaging
DEF-04741,M005,2025-05-28 07:20:00,11,Cotton
DEF-04742,M005,2025-05-28 07:35:00,9,Steel
DEF-04743,M005,2025-05-28 09:30:00,39,Solvent
DEF-04744,M005,2025-05-28 09:55:00,10,Solvent
DEF-04745,M005,2025-05-28 12:30:00,39,Textiles
DEF-04746,M005,2025-05-28 12:35:00,8,Machine Component
DEF-04747,M005,2025-05-28 12:55:00,38,Reprocessed Plastics
DEF-04748,M005,2025-05-28 13:00:00,19,Catalyst
DEF-04749,M005,2025-05-28 13:10:00,22,Sheet Metal
DEF-04750,M005,2025-05-28 13:20:00,5,Industrial Oil
DEF-04751,M005,2025-05-28 14:25:00,6,Lead-Based Alloy
DEF-04752,M005,2025-05-28 15:10:00,5,Aluminum
DEF-04753,M005,2025-05-28 15:40:00,15,Sheet Metal
DEF-04754,M005,2025-05-28 16:25:00,10,Reprocessed Plastics
DEF-04755,M005,2025-05-28 18:10:00,48,Lead-Based Alloy
DEF-04756,M005,2025-05-28 18:40:00,10,Reprocessed Plastics
DEF-04757,M005,2025-05-28 20:55:00,8,Circuit Board
DEF-04758,M005,2025-05-28 21:20:00,1,Sheet Metal
DEF-04759,M005,2025-05-28 21:25:00,16,Circuit Board
DEF-04760,M005,2025-05-28 21:55:00,19,Solvent
DEF-04761,M005,2025-05-28 22:35:00,20,Sheet Metal
DEF-04762,M005,2025-05-28 23:15:00,2,Sheet Metal
DEF-04763,M005,2025-05-28 23:40:00,31,Reprocessed Plastics
DEF-04764,M005,2025-05-29 01:00:00,1,Scrap Steel
DEF-04765,M005,2025-05-29 01:45:00,7,Machine Component
DEF-04766,M005,2025-05-29 02:10:00,0,Scrap Steel
DEF-04767,M005,2025-05-29 04:05:00,45,Scrap Steel
DEF-04768,M005,2025-05-29 06:05:00,28,Lead-Based Alloy
DEF-04769,M005,2025-05-29 06:15:00,23,Coolant
DEF-04770,M005,2025-05-29 06:20:00,19,Cotton
DEF-04771,M005,2025-05-29 06:50:00,8,Lead-Based Alloy
DEF-04772,M005,2025-05-29 08:40:00,11,Industrial Oil
DEF-04773,M005,2025-05-29 10:30:00,7,Plastic Resin
DEF-04774,M005,2025-05-29 11:10:00,6,Catalyst
DEF-04775,M005,2025-05-29 13:00:00,19,Aluminum
DEF-04776,M005,2025-05-29 14:20:00,10,Plastic Resin
DEF-04777,M005,2025-05-29 14:45:00,4,Polypropylene
DEF-04778,M005,2025-05-29 15:00:00,25,Scrap Steel
DEF-04779,M005,2025-05-29 15:10:00,8,Plastic Resin
DEF-04780,M005,2025-05-29 15:15:00,29,Plastic Resin
DEF-04781,M005,2025-05-29 15:35:00,1,Textiles
DEF-04782,M005,2025-05-29 16:25:00,3,Sheet Metal
DEF-04783,M005,2025-05-29 19:30:00,38,Sheet Metal
DEF-04784,M005,2025-05-29 20:35:00,25,Polypropylene
DEF-04785,M005,2025-05-29 22:05:00,14,Scrap Steel
DEF-04786,M005,2025-05-29 23:05:00,10,Coolant
DEF-04787,M005,2025-05-29 23:10:00,22,Reprocessed Plastics
DEF-04788,M005,2025-05-29 23:20:00,6,Solvent
DEF-04789,M005,2025-05-29 23:50:00,3,Cotton
DEF-04790,M005,2025-05-30 00:30:00,31,Plastic Resin
DEF-04791,M005,2025-05-30 01:20:00,2,Lead-Based Alloy
DEF-04792,M005,2025-05-30 03:20:00,37,Industrial Oil
DEF-04793,M005,2025-05-30 05:15:00,5,Reprocessed Plastics
DEF-04794,M005,2025-05-30 05:35:00,5,Reprocessed Plastics
DEF-04795,M005,2025-05-30 06:55:00,4,Catalyst
DEF-04796,M005,2025-05-30 08:00:00,38,Reprocessed Plastics
DEF-04797,M005,2025-05-30 08:10:00,7,Plastic Resin
DEF-04798,M005,2025-05-30 08:20:00,2,Catalyst
DEF-04799,M005,2025-05-30 09:40:00,15,Solvent
DEF-04800,M005,2025-05-30 10:55:00,13,Packaging
DEF-04801,M005,2025-05-30 12:20:00,2,Reprocessed Plastics
DEF-04802,M005,2025-05-30 14:30:00,12,Cotton
DEF-04803,M005,2025-05-30 14:45:00,15,Steel
DEF-04804,M005,2025-05-30 15:55:00,18,Solvent
DEF-04805,M005,2025-05-30 17:05:00,19,Catalyst
DEF-04806,M005,2025-05-30 18:20:00,5,Packaging
DEF-04807,M005,2025-05-30 18:50:00,2,Catalyst
DEF-04808,M005,2025-05-30 20:25:00,15,Packaging
DEF-04809,M005,2025-05-30 20:45:00,24,Packaging
DEF-04810,M005,2025-05-30 21:10:00,5,Circuit Board
DEF-04811,M005,2025-05-30 21:25:00,16,Catalyst
DEF-04812,M005,2025-05-30 21:50:00,3,Textiles
DEF-04813,M005,2025-05-30 21:55:00,34,Solvent
DEF-04814,M005,2025-05-30 22:50:00,12,Sheet Metal
DEF-04815,M005,2025-05-30 22:55:00,1,Steel
DEF-04816,M005,2025-05-31 00:45:00,7,Steel
DEF-04817,M005,2025-05-31 01:15:00,10,Lead-Based Alloy
DEF-04818,M005,2025-05-31 05:50:00,39,Sheet Metal
DEF-04819,M005,2025-05-31 06:10:00,5,Sheet Metal
DEF-04820,M005,2025-05-31 06:20:00,2,Scrap Steel
DEF-04821,M005,2025-05-31 07:00:00,22,Lead-Based Alloy
DEF-04822,M005,2025-05-31 07:10:00,9,Machine Component
DEF-04823,M005,2025-05-31 07:15:00,20,Solvent
DEF-04824,M005,2025-05-31 07:20:00,7,Coolant
DEF-04825,M005,2025-05-31 09:15:00,15,Cotton
DEF-04826,M005,2025-05-31 10:10:00,11,Industrial Oil
DEF-04827,M005,2025-05-31 12:45:00,3,Sheet Metal
DEF-04828,M005,2025-05-31 12:50:00,21,Catalyst
DEF-04829,M005,2025-05-31 13:05:00,32,Machine Component
DEF-04830,M005,2025-05-31 13:50:00,2,Polypropylene
DEF-04831,M005,2025-05-31 15:10:00,4,Catalyst
DEF-04832,M005,2025-05-31 16:05:00,13,Circuit Board
DEF-04833,M005,2025-05-31 16:40:00,23,Coolant
DEF-04834,M005,2025-05-31 16:55:00,5,Lead-Based Alloy
DEF-04835,M005,2025-05-31 17:25:00,15,Lead-Based Alloy
DEF-04836,M005,2025-05-31 18:45:00,23,Scrap Steel
DEF-04837,M005,2025-05-31 19:40:00,14,Machine Component
DEF-04838,M005,2025-05-31 19:45:00,22,Coolant
DEF-04839,M005,2025-05-31 21:15:00,25,Lead-Based Alloy
DEF-04840,M005,2025-05-31 21:25:00,2,Solvent
DEF-04841,M005,2025-05-31 22:00:00,13,Catalyst
DEF-04842,M005,2025-05-31 22:45:00,6,Solvent
DEF-04843,M005,2025-05-31 23:00:00,24,Solvent
DEF-04844,M005,2025-05-31 23:10:00,15,Plastic Resin
DEF-04845,M005,2025-05-31 23:20:00,39,Coolant
DEF-04846,M005,2025-06-01 00:35:00,16,Machine Component
DEF-04847,M005,2025-06-01 02:00:00,16,Lead-Based Alloy
DEF-04848,M005,2025-06-01 02:35:00,6,Packaging
DEF-04849,M005,2025-06-01 03:20:00,41,Sheet Metal
DEF-04850,M005,2025-06-01 04:25:00,19,Textiles
DEF-04851,M005,2025-06-01 05:05:00,30,Cotton
DEF-04852,M005,2025-06-01 05:15:00,11,Sheet Metal
DEF-04853,M005,2025-06-01 06:15:00,35,Machine Component
DEF-04854,M005,2025-06-01 06:30:00,32,Packaging
DEF-04855,M005,2025-06-01 07:10:00,49,Sheet Metal
DEF-04856,M005,2025-06-01 07:25:00,5,Machine Component
DEF-04857,M005,2025-06-01 08:45:00,29,Aluminum
DEF-04858,M005,2025-06-01 09:00:00,33,Coolant
DEF-04859,M005,2025-06-01 09:25:00,13,Solvent
DEF-04860,M005,2025-06-01 09:40:00,9,Machine Component
DEF-04861,M005,2025-06-01 10:00:00,11,Aluminum
DEF-04862,M005,2025-06-01 10:10:00,1,Industrial Oil
DEF-04863,M005,2025-06-01 10:50:00,3,Textiles
DEF-04864,M005,2025-06-01 11:00:00,10,Packaging
DEF-04865,M005,2025-06-01 12:05:00,29,Coolant
DEF-04866,M005,2025-06-01 12:15:00,19,Industrial Oil
DEF-04867,M005,2025-06-01 17:15:00,5,Industrial Oil
DEF-04868,M005,2025-06-01 17:20:00,3,Industrial Oil
DEF-04869,M005,2025-06-01 17:25:00,22,Cotton
DEF-04870,M005,2025-06-01 17:50:00,5,Plastic Resin
DEF-04871,M005,2025-06-01 18:40:00,22,Scrap Steel
DEF-04872,M005,2025-06-01 19:40:00,15,Machine Component
DEF-04873,M005,2025-06-01 20:25:00,14,Scrap Steel
DEF-04874,M005,2025-06-01 20:30:00,4,Reprocessed Plastics
DEF-04875,M005,2025-06-01 22:35:00,17,Sheet Metal
DEF-04876,M005,2025-06-01 23:20:00,13,Aluminum
DEF-04877,M005,2025-06-01 23:25:00,30,Catalyst
DEF-04878,M005,2025-06-02 00:10:00,11,Polypropylene
DEF-04879,M005,2025-06-02 01:15:00,23,Aluminum
DEF-04880,M005,2025-06-02 04:25:00,6,Cotton
DEF-04881,M005,2025-06-02 05:45:00,19,Sheet Metal
DEF-04882,M005,2025-06-02 05:50:00,16,Scrap Steel
DEF-04883,M005,2025-06-02 06:00:00,11,Lead-Based Alloy
DEF-04884,M005,2025-06-02 06:05:00,15,Scrap Steel
DEF-04885,M005,2025-06-02 06:55:00,17,Solvent
DEF-04886,M005,2025-06-02 08:50:00,7,Sheet Metal
DEF-04887,M005,2025-06-02 09:15:00,26,Cotton
DEF-04888,M005,2025-06-02 09:45:00,22,Aluminum
DEF-04889,M005,2025-06-02 10:35:00,1,Polypropylene
DEF-04890,M005,2025-06-02 10:45:00,2,Plastic Resin
DEF-04891,M005,2025-06-02 11:05:00,1,Lead-Based Alloy
DEF-04892,M005,2025-06-02 11:15:00,28,Scrap Steel
DEF-04893,M005,2025-06-02 12:50:00,2,Plastic Resin
DEF-04894,M005,2025-06-02 13:25:00,9,Lead-Based Alloy
DEF-04895,M005,2025-06-02 13:40:00,20,Polypropylene
DEF-04896,M005,2025-06-02 14:20:00,17,Industrial Oil
DEF-04897,M005,2025-06-02 14:30:00,3,Textiles
DEF-04898,M005,2025-06-02 15:10:00,4,Catalyst
DEF-04899,M005,2025-06-02 15:20:00,1,Coolant
DEF-04900,M005,2025-06-02 16:10:00,9,Textiles
DEF-04901,M005,2025-06-02 16:15:00,22,Coolant
DEF-04902,M005,2025-06-02 16:40:00,16,Solvent
DEF-04903,M005,2025-06-02 17:05:00,4,Industrial Oil
DEF-04904,M005,2025-06-02 17:35:00,1,Packaging
DEF-04905,M005,2025-06-02 17:45:00,4,Cotton
DEF-04906,M005,2025-06-02 19:20:00,38,Plastic Resin
DEF-04907,M005,2025-06-02 20:30:00,25,Coolant
DEF-04908,M005,2025-06-02 22:55:00,19,Industrial Oil
DEF-04909,M005,2025-06-02 23:55:00,27,Industrial Oil
DEF-04910,M005,2025-06-03 00:10:00,44,Plastic Resin
DEF-04911,M005,2025-06-03 01:55:00,2,Machine Component
DEF-04912,M005,2025-06-03 02:40:00,4,Reprocessed Plastics
DEF-04913,M005,2025-06-03 03:55:00,29,Steel
DEF-04914,M005,2025-06-03 05:15:00,7,Circuit Board
DEF-04915,M005,2025-06-03 06:10:00,23,Coolant
DEF-04916,M005,2025-06-03 06:15:00,7,Scrap Steel
DEF-04917,M005,2025-06-03 07:05:00,4,Sheet Metal
DEF-04918,M005,2025-06-03 07:25:00,10,Scrap Steel
DEF-04919,M005,2025-06-03 08:20:00,4,Solvent
DEF-04920,M005,2025-06-03 09:10:00,16,Scrap Steel
DEF-04921,M005,2025-06-03 09:15:00,12,Lead-Based Alloy
DEF-04922,M005,2025-06-03 09:40:00,10,Scrap Steel
DEF-04923,M005,2025-06-03 10:15:00,14,Coolant
DEF-04924,M005,2025-06-03 10:35:00,42,Catalyst
DEF-04925,M005,2025-06-03 12:20:00,19,Solvent
DEF-04926,M005,2025-06-03 13:30:00,31,Catalyst
DEF-04927,M005,2025-06-03 13:45:00,33,Plastic Resin
DEF-04928,M005,2025-06-03 14:20:00,18,Steel
DEF-04929,M005,2025-06-03 14:25:00,2,Plastic Resin
DEF-04930,M005,2025-06-03 14:40:00,11,Industrial Oil
DEF-04931,M005,2025-06-03 15:45:00,16,Polypropylene
DEF-04932,M005,2025-06-03 15:55:00,27,Scrap Steel
DEF-04933,M005,2025-06-03 16:15:00,22,Sheet Metal
DEF-04934,M005,2025-06-03 16:30:00,11,Plastic Resin
DEF-04935,M005,2025-06-03 16:35:00,5,Scrap Steel
DEF-04936,M005,2025-06-03 16:45:00,24,Steel
DEF-04937,M005,2025-06-03 17:20:00,43,Packaging
DEF-04938,M005,2025-06-03 17:25:00,1,Aluminum
DEF-04939,M005,2025-06-03 17:30:00,11,Machine Component
DEF-04940,M005,2025-06-03 17:35:00,0,Packaging
DEF-04941,M005,2025-06-03 17:40:00,2,Lead-Based Alloy
DEF-04942,M005,2025-06-03 18:50:00,5,Catalyst
DEF-04943,M005,2025-06-03 19:45:00,3,Reprocessed Plastics
DEF-04944,M005,2025-06-03 20:05:00,40,Lead-Based Alloy
DEF-04945,M005,2025-06-03 20:40:00,8,Textiles
DEF-04946,M005,2025-06-03 21:50:00,31,Lead-Based Alloy
DEF-04947,M005,2025-06-03 22:20:00,30,Circuit Board
DEF-04948,M005,2025-06-04 00:40:00,26,Steel
DEF-04949,M005,2025-06-04 01:10:00,27,Circuit Board
DEF-04950,M005,2025-06-04 02:05:00,13,Scrap Steel
DEF-04951,M005,2025-06-04 03:05:00,4,Machine Component
DEF-04952,M005,2025-06-04 06:00:00,24,Packaging
DEF-04953,M005,2025-06-04 06:15:00,22,Sheet Metal
DEF-04954,M005,2025-06-04 08:45:00,8,Circuit Board
DEF-04955,M005,2025-06-04 10:45:00,19,Lead-Based Alloy
DEF-04956,M005,2025-06-04 11:00:00,5,Solvent
DEF-04957,M005,2025-06-04 11:10:00,1,Catalyst
DEF-04958,M005,2025-06-04 12:55:00,4,Scrap Steel
DEF-04959,M005,2025-06-04 14:20:00,31,Sheet Metal
DEF-04960,M005,2025-06-04 15:05:00,35,Coolant
DEF-04961,M005,2025-06-04 15:40:00,2,Lead-Based Alloy
DEF-04962,M005,2025-06-04 16:25:00,1,Catalyst
DEF-04963,M005,2025-06-04 16:35:00,38,Aluminum
DEF-04964,M005,2025-06-04 16:40:00,6,Polypropylene
DEF-04965,M005,2025-06-04 18:25:00,16,Circuit Board
DEF-04966,M005,2025-06-04 19:55:00,2,Circuit Board
DEF-04967,M005,2025-06-04 20:00:00,35,Packaging
DEF-04968,M005,2025-06-04 20:40:00,7,Cotton
DEF-04969,M005,2025-06-04 22:15:00,28,Machine Component
DEF-04970,M005,2025-06-04 23:15:00,27,Aluminum
DEF-04971,M005,2025-06-05 00:40:00,9,Circuit Board
DEF-04972,M006,2025-05-01 09:00:00,13,Reprocessed Plastics
DEF-04973,M006,2025-05-01 10:20:00,4,Aluminum
DEF-04974,M006,2025-05-01 12:20:00,25,Textiles
DEF-04975,M006,2025-05-01 14:40:00,14,Coolant
DEF-04976,M006,2025-05-01 14:50:00,22,Packaging
DEF-04977,M006,2025-05-01 15:05:00,7,Coolant
DEF-04978,M006,2025-05-01 15:25:00,8,Textiles
DEF-04979,M006,2025-05-01 15:45:00,13,Solvent
DEF-04980,M006,2025-05-01 16:10:00,6,Cotton
DEF-04981,M006,2025-05-01 16:35:00,2,Reprocessed Plastics
DEF-04982,M006,2025-05-01 20:05:00,23,Coolant
DEF-04983,M006,2025-05-01 21:10:00,14,Cotton
DEF-04984,M006,2025-05-01 21:25:00,11,Aluminum
DEF-04985,M006,2025-05-01 22:25:00,14,Aluminum
DEF-04986,M006,2025-05-01 23:05:00,2,Reprocessed Plastics
DEF-04987,M006,2025-05-01 23:55:00,27,Lead-Based Alloy
DEF-04988,M006,2025-05-02 00:25:00,3,Cotton
DEF-04989,M006,2025-05-02 00:40:00,14,Cotton
DEF-04990,M006,2025-05-02 01:15:00,3,Lead-Based Alloy
DEF-04991,M006,2025-05-02 01:30:00,12,Circuit Board
DEF-04992,M006,2025-05-02 01:40:00,1,Packaging
DEF-04993,M006,2025-05-02 02:00:00,37,Textiles
DEF-04994,M006,2025-05-02 03:45:00,5,Catalyst
DEF-04995,M006,2025-05-02 04:15:00,19,Industrial Oil
DEF-04996,M006,2025-05-02 04:40:00,1,Solvent
DEF-04997,M006,2025-05-02 04:55:00,11,Scrap Steel
DEF-04998,M006,2025-05-02 06:35:00,12,Machine Component
DEF-04999,M006,2025-05-02 06:50:00,15,Solvent
DEF-05000,M006,2025-05-02 07:00:00,31,Steel
DEF-05001,M006,2025-05-02 07:10:00,13,Reprocessed Plastics
DEF-05002,M006,2025-05-02 07:30:00,12,Reprocessed Plastics
DEF-05003,M006,2025-05-02 08:20:00,11,Packaging
DEF-05004,M006,2025-05-02 09:55:00,3,Circuit Board
DEF-05005,M006,2025-05-02 11:30:00,7,Plastic Resin
DEF-05006,M006,2025-05-02 12:15:00,5,Industrial Oil
DEF-05007,M006,2025-05-02 13:25:00,16,Coolant
DEF-05008,M006,2025-05-02 14:20:00,6,Polypropylene
DEF-05009,M006,2025-05-02 15:30:00,7,Reprocessed Plastics
DEF-05010,M006,2025-05-02 16:40:00,10,Circuit Board
DEF-05011,M006,2025-05-02 17:05:00,16,Plastic Resin
DEF-05012,M006,2025-05-02 17:10:00,8,Solvent
DEF-05013,M006,2025-05-02 17:40:00,17,Cotton
DEF-05014,M006,2025-05-02 19:05:00,24,Coolant
DEF-05015,M006,2025-05-02 19:10:00,22,Circuit Board
DEF-05016,M006,2025-05-02 19:25:00,1,Industrial Oil
DEF-05017,M006,2025-05-02 19:50:00,7,Industrial Oil
DEF-05018,M006,2025-05-02 21:10:00,39,Solvent
DEF-05019,M006,2025-05-02 22:15:00,2,Cotton
DEF-05020,M006,2025-05-02 23:55:00,13,Solvent
DEF-05021,M006,2025-05-03 00:35:00,1,Circuit Board
DEF-05022,M006,2025-05-03 00:50:00,36,Sheet Metal
DEF-05023,M006,2025-05-03 00:55:00,29,Textiles
DEF-05024,M006,2025-05-03 01:20:00,28,Textiles
DEF-05025,M006,2025-05-03 01:25:00,14,Scrap Steel
DEF-05026,M006,2025-05-03 04:55:00,27,Catalyst
DEF-05027,M006,2025-05-03 05:35:00,5,Coolant
DEF-05028,M006,2025-05-03 06:20:00,3,Industrial Oil
DEF-05029,M006,2025-05-03 07:20:00,9,Sheet Metal
DEF-05030,M006,2025-05-03 07:45:00,2,Reprocessed Plastics
DEF-05031,M006,2025-05-03 08:05:00,41,Lead-Based Alloy
DEF-05032,M006,2025-05-03 08:20:00,10,Lead-Based Alloy
DEF-05033,M006,2025-05-03 08:35:00,9,Plastic Resin
DEF-05034,M006,2025-05-03 09:05:00,0,Machine Component
DEF-05035,M006,2025-05-03 09:10:00,0,Machine Component
DEF-05036,M006,2025-05-03 10:10:00,20,Circuit Board
DEF-05037,M006,2025-05-03 10:45:00,32,Lead-Based Alloy
DEF-05038,M006,2025-05-03 11:20:00,23,Lead-Based Alloy
DEF-05039,M006,2025-05-03 11:30:00,15,Coolant
DEF-05040,M006,2025-05-03 12:30:00,3,Lead-Based Alloy
DEF-05041,M006,2025-05-03 12:45:00,14,Aluminum
DEF-05042,M006,2025-05-03 13:10:00,12,Industrial Oil
DEF-05043,M006,2025-05-03 13:30:00,2,Reprocessed Plastics
DEF-05044,M006,2025-05-03 14:20:00,12,Reprocessed Plastics
DEF-05045,M006,2025-05-03 16:10:00,16,Reprocessed Plastics
DEF-05046,M006,2025-05-03 17:55:00,9,Aluminum
DEF-05047,M006,2025-05-03 18:15:00,30,Solvent
DEF-05048,M006,2025-05-03 19:35:00,5,Reprocessed Plastics
DEF-05049,M006,2025-05-03 19:45:00,2,Packaging
DEF-05050,M006,2025-05-03 20:15:00,4,Reprocessed Plastics
DEF-05051,M006,2025-05-03 21:25:00,2,Scrap Steel
DEF-05052,M006,2025-05-03 22:35:00,33,Catalyst
DEF-05053,M006,2025-05-03 22:45:00,4,Scrap Steel
DEF-05054,M006,2025-05-03 22:50:00,27,Lead-Based Alloy
DEF-05055,M006,2025-05-03 23:00:00,45,Steel
DEF-05056,M006,2025-05-03 23:55:00,14,Coolant
DEF-05057,M006,2025-05-04 00:20:00,6,Lead-Based Alloy
DEF-05058,M006,2025-05-04 01:00:00,7,Cotton
DEF-05059,M006,2025-05-04 01:45:00,24,Textiles
DEF-05060,M006,2025-05-04 02:05:00,6,Steel
DEF-05061,M006,2025-05-04 02:25:00,8,Catalyst
DEF-05062,M006,2025-05-04 06:20:00,25,Reprocessed Plastics
DEF-05063,M006,2025-05-04 06:25:00,42,Lead-Based Alloy
DEF-05064,M006,2025-05-04 06:30:00,15,Aluminum
DEF-05065,M006,2025-05-04 06:40:00,12,Circuit Board
DEF-05066,M006,2025-05-04 06:55:00,46,Reprocessed Plastics
DEF-05067,M006,2025-05-04 07:30:00,13,Solvent
DEF-05068,M006,2025-05-04 08:10:00,4,Coolant
DEF-05069,M006,2025-05-04 08:30:00,15,Textiles
DEF-05070,M006,2025-05-04 08:35:00,40,Lead-Based Alloy
DEF-05071,M006,2025-05-04 09:45:00,26,Sheet Metal
DEF-05072,M006,2025-05-04 10:15:00,17,Lead-Based Alloy
DEF-05073,M006,2025-05-04 10:20:00,5,Reprocessed Plastics
DEF-05074,M006,2025-05-04 11:05:00,6,Polypropylene
DEF-05075,M006,2025-05-04 11:20:00,22,Lead-Based Alloy
DEF-05076,M006,2025-05-04 12:10:00,2,Polypropylene
DEF-05077,M006,2025-05-04 15:00:00,18,Sheet Metal
DEF-05078,M006,2025-05-04 17:20:00,4,Reprocessed Plastics
DEF-05079,M006,2025-05-04 17:30:00,9,Coolant
DEF-05080,M006,2025-05-04 17:45:00,21,Sheet Metal
DEF-05081,M006,2025-05-04 18:35:00,24,Polypropylene
DEF-05082,M006,2025-05-04 18:55:00,8,Cotton
DEF-05083,M006,2025-05-04 20:15:00,2,Textiles
DEF-05084,M006,2025-05-04 22:55:00,5,Scrap Steel
DEF-05085,M006,2025-05-04 23:15:00,27,Reprocessed Plastics
DEF-05086,M006,2025-05-04 23:20:00,8,Reprocessed Plastics
DEF-05087,M006,2025-05-05 00:50:00,10,Catalyst
DEF-05088,M006,2025-05-05 01:10:00,6,Industrial Oil
DEF-05089,M006,2025-05-05 01:20:00,11,Circuit Board
DEF-05090,M006,2025-05-05 02:25:00,21,Textiles
DEF-05091,M006,2025-05-05 03:45:00,35,Packaging
DEF-05092,M006,2025-05-05 06:20:00,22,Steel
DEF-05093,M006,2025-05-05 06:35:00,3,Lead-Based Alloy
DEF-05094,M006,2025-05-05 08:30:00,33,Industrial Oil
DEF-05095,M006,2025-05-05 09:30:00,18,Packaging
DEF-05096,M006,2025-05-05 10:00:00,6,Coolant
DEF-05097,M006,2025-05-05 11:15:00,3,Sheet Metal
DEF-05098,M006,2025-05-05 12:15:00,5,Machine Component
DEF-05099,M006,2025-05-05 12:20:00,5,Industrial Oil
DEF-05100,M006,2025-05-05 12:40:00,1,Reprocessed Plastics
DEF-05101,M006,2025-05-05 12:45:00,12,Plastic Resin
DEF-05102,M006,2025-05-05 12:50:00,33,Sheet Metal
DEF-05103,M006,2025-05-05 13:55:00,7,Polypropylene
DEF-05104,M006,2025-05-05 14:55:00,3,Sheet Metal
DEF-05105,M006,2025-05-05 15:20:00,4,Steel
DEF-05106,M006,2025-05-05 16:30:00,9,Catalyst
DEF-05107,M006,2025-05-05 16:35:00,9,Textiles
DEF-05108,M006,2025-05-05 16:55:00,5,Aluminum
DEF-05109,M006,2025-05-05 18:10:00,22,Reprocessed Plastics
DEF-05110,M006,2025-05-05 19:45:00,2,Sheet Metal
DEF-05111,M006,2025-05-05 20:10:00,32,Cotton
DEF-05112,M006,2025-05-05 20:30:00,16,Machine Component
DEF-05113,M006,2025-05-05 22:20:00,6,Packaging
DEF-05114,M006,2025-05-05 23:20:00,0,Aluminum
DEF-05115,M006,2025-05-05 23:35:00,15,Industrial Oil
DEF-05116,M006,2025-05-05 23:40:00,19,Industrial Oil
DEF-05117,M006,2025-05-06 00:00:00,26,Machine Component
DEF-05118,M006,2025-05-06 00:30:00,5,Reprocessed Plastics
DEF-05119,M006,2025-05-06 03:50:00,6,Reprocessed Plastics
DEF-05120,M006,2025-05-06 04:30:00,5,Circuit Board
DEF-05121,M006,2025-05-06 04:35:00,11,Reprocessed Plastics
DEF-05122,M006,2025-05-06 05:55:00,8,Machine Component
DEF-05123,M006,2025-05-06 06:25:00,19,Scrap Steel
DEF-05124,M006,2025-05-06 07:05:00,14,Aluminum
DEF-05125,M006,2025-05-06 07:20:00,19,Catalyst
DEF-05126,M006,2025-05-06 07:25:00,8,Textiles
DEF-05127,M006,2025-05-06 08:35:00,36,Packaging
DEF-05128,M006,2025-05-06 10:00:00,17,Machine Component
DEF-05129,M006,2025-05-06 10:40:00,13,Sheet Metal
DEF-05130,M006,2025-05-06 11:05:00,27,Industrial Oil
DEF-05131,M006,2025-05-06 12:05:00,3,Solvent
DEF-05132,M006,2025-05-06 13:15:00,7,Industrial Oil
DEF-05133,M006,2025-05-06 14:10:00,30,Reprocessed Plastics
DEF-05134,M006,2025-05-06 14:45:00,26,Aluminum
DEF-05135,M006,2025-05-06 16:05:00,5,Textiles
DEF-05136,M006,2025-05-06 16:15:00,6,Lead-Based Alloy
DEF-05137,M006,2025-05-06 17:15:00,9,Scrap Steel
DEF-05138,M006,2025-05-06 18:10:00,5,Steel
DEF-05139,M006,2025-05-06 18:55:00,31,Scrap Steel
DEF-05140,M006,2025-05-06 19:10:00,16,Lead-Based Alloy
DEF-05141,M006,2025-05-06 19:25:00,17,Textiles
DEF-05142,M006,2025-05-06 19:55:00,3,Catalyst
DEF-05143,M006,2025-05-06 20:25:00,15,Cotton
DEF-05144,M006,2025-05-06 21:05:00,4,Circuit Board
DEF-05145,M006,2025-05-06 21:30:00,8,Reprocessed Plastics
DEF-05146,M006,2025-05-07 01:05:00,0,Solvent
DEF-05147,M006,2025-05-07 03:40:00,18,Packaging
DEF-05148,M006,2025-05-07 04:15:00,35,Polypropylene
DEF-05149,M006,2025-05-07 05:35:00,3,Machine Component
DEF-05150,M006,2025-05-07 05:40:00,14,Solvent
DEF-05151,M006,2025-05-07 06:20:00,9,Circuit Board
DEF-05152,M006,2025-05-07 06:25:00,8,Lead-Based Alloy
DEF-05153,M006,2025-05-07 06:40:00,7,Steel
DEF-05154,M006,2025-05-07 07:00:00,2,Plastic Resin
DEF-05155,M006,2025-05-07 07:05:00,39,Lead-Based Alloy
DEF-05156,M006,2025-05-07 07:30:00,8,Cotton
DEF-05157,M006,2025-05-07 08:50:00,19,Scrap Steel
DEF-05158,M006,2025-05-07 10:35:00,2,Lead-Based Alloy
DEF-05159,M006,2025-05-07 12:45:00,30,Catalyst
DEF-05160,M006,2025-05-07 13:00:00,6,Reprocessed Plastics
DEF-05161,M006,2025-05-07 15:25:00,7,Solvent
DEF-05162,M006,2025-05-07 16:00:00,23,Cotton
DEF-05163,M006,2025-05-07 16:10:00,32,Plastic Resin
DEF-05164,M006,2025-05-07 16:25:00,6,Lead-Based Alloy
DEF-05165,M006,2025-05-07 18:25:00,1,Aluminum
DEF-05166,M006,2025-05-07 18:35:00,8,Solvent
DEF-05167,M006,2025-05-07 18:40:00,7,Scrap Steel
DEF-05168,M006,2025-05-07 18:55:00,13,Reprocessed Plastics
DEF-05169,M006,2025-05-07 19:20:00,28,Circuit Board
DEF-05170,M006,2025-05-07 19:25:00,20,Solvent
DEF-05171,M006,2025-05-07 21:50:00,36,Lead-Based Alloy
DEF-05172,M006,2025-05-07 22:45:00,3,Catalyst
DEF-05173,M006,2025-05-07 23:25:00,14,Plastic Resin
DEF-05174,M006,2025-05-07 23:35:00,5,Circuit Board
DEF-05175,M006,2025-05-08 00:05:00,21,Reprocessed Plastics
DEF-05176,M006,2025-05-08 00:25:00,10,Coolant
DEF-05177,M006,2025-05-08 01:05:00,25,Aluminum
DEF-05178,M006,2025-05-08 01:20:00,27,Solvent
DEF-05179,M006,2025-05-08 01:25:00,5,Packaging
DEF-05180,M006,2025-05-08 01:35:00,26,Textiles
DEF-05181,M006,2025-05-08 02:00:00,8,Machine Component
DEF-05182,M006,2025-05-08 02:05:00,20,Reprocessed Plastics
DEF-05183,M006,2025-05-08 02:45:00,1,Catalyst
DEF-05184,M006,2025-05-08 04:25:00,6,Lead-Based Alloy
DEF-05185,M006,2025-05-08 04:30:00,5,Lead-Based Alloy
DEF-05186,M006,2025-05-08 05:25:00,7,Industrial Oil
DEF-05187,M006,2025-05-08 05:40:00,11,Textiles
DEF-05188,M006,2025-05-08 06:25:00,19,Polypropylene
DEF-05189,M006,2025-05-08 08:25:00,1,Polypropylene
DEF-05190,M006,2025-05-08 09:05:00,24,Sheet Metal
DEF-05191,M006,2025-05-08 11:05:00,19,Plastic Resin
DEF-05192,M006,2025-05-08 13:05:00,19,Plastic Resin
DEF-05193,M006,2025-05-08 16:25:00,12,Sheet Metal
DEF-05194,M006,2025-05-08 16:40:00,6,Circuit Board
DEF-05195,M006,2025-05-08 19:10:00,11,Steel
DEF-05196,M006,2025-05-08 19:15:00,12,Machine Component
DEF-05197,M006,2025-05-08 19:35:00,4,Coolant
DEF-05198,M006,2025-05-08 20:00:00,28,Reprocessed Plastics
DEF-05199,M006,2025-05-08 20:25:00,11,Plastic Resin
DEF-05200,M006,2025-05-08 20:50:00,10,Plastic Resin
DEF-05201,M006,2025-05-08 21:15:00,2,Polypropylene
DEF-05202,M006,2025-05-08 22:10:00,13,Packaging
DEF-05203,M006,2025-05-08 22:35:00,37,Lead-Based Alloy
DEF-05204,M006,2025-05-08 22:50:00,13,Scrap Steel
DEF-05205,M006,2025-05-09 00:40:00,15,Machine Component
DEF-05206,M006,2025-05-09 02:00:00,7,Coolant
DEF-05207,M006,2025-05-09 02:30:00,7,Industrial Oil
DEF-05208,M006,2025-05-09 05:55:00,4,Solvent
DEF-05209,M006,2025-05-09 07:45:00,18,Lead-Based Alloy
DEF-05210,M006,2025-05-09 08:45:00,22,Packaging
DEF-05211,M006,2025-05-09 09:15:00,22,Circuit Board
DEF-05212,M006,2025-05-09 09:45:00,6,Plastic Resin
DEF-05213,M006,2025-05-09 09:55:00,12,Scrap Steel
DEF-05214,M006,2025-05-09 10:15:00,37,Solvent
DEF-05215,M006,2025-05-09 10:45:00,33,Lead-Based Alloy
DEF-05216,M006,2025-05-09 11:30:00,21,Polypropylene
DEF-05217,M006,2025-05-09 11:50:00,13,Plastic Resin
DEF-05218,M006,2025-05-09 12:35:00,5,Steel
DEF-05219,M006,2025-05-09 13:05:00,2,Aluminum
DEF-05220,M006,2025-05-09 15:10:00,20,Solvent
DEF-05221,M006,2025-05-09 15:45:00,6,Cotton
DEF-05222,M006,2025-05-09 15:50:00,7,Coolant
DEF-05223,M006,2025-05-09 17:25:00,37,Catalyst
DEF-05224,M006,2025-05-09 18:05:00,5,Scrap Steel
DEF-05225,M006,2025-05-09 18:25:00,20,Coolant
DEF-05226,M006,2025-05-09 18:50:00,5,Polypropylene
DEF-05227,M006,2025-05-09 19:00:00,11,Catalyst
DEF-05228,M006,2025-05-09 19:50:00,3,Packaging
DEF-05229,M006,2025-05-09 21:45:00,11,Aluminum
DEF-05230,M006,2025-05-09 21:55:00,5,Coolant
DEF-05231,M006,2025-05-09 23:25:00,4,Solvent
DEF-05232,M006,2025-05-10 00:30:00,15,Solvent
DEF-05233,M006,2025-05-10 02:10:00,7,Aluminum
DEF-05234,M006,2025-05-10 03:15:00,7,Polypropylene
DEF-05235,M006,2025-05-10 04:30:00,0,Reprocessed Plastics
DEF-05236,M006,2025-05-10 04:40:00,17,Coolant
DEF-05237,M006,2025-05-10 05:05:00,4,Machine Component
DEF-05238,M006,2025-05-10 06:00:00,7,Steel
DEF-05239,M006,2025-05-10 06:20:00,36,Scrap Steel
DEF-05240,M006,2025-05-10 06:35:00,10,Solvent
DEF-05241,M006,2025-05-10 06:40:00,16,Packaging
DEF-05242,M006,2025-05-10 07:05:00,1,Industrial Oil
DEF-05243,M006,2025-05-10 08:05:00,9,Catalyst
DEF-05244,M006,2025-05-10 08:35:00,18,Packaging
DEF-05245,M006,2025-05-10 09:35:00,13,Packaging
DEF-05246,M006,2025-05-10 12:30:00,16,Scrap Steel
DEF-05247,M006,2025-05-10 12:45:00,4,Solvent
DEF-05248,M006,2025-05-10 12:55:00,2,Reprocessed Plastics
DEF-05249,M006,2025-05-10 14:05:00,21,Scrap Steel
DEF-05250,M006,2025-05-10 18:20:00,43,Reprocessed Plastics
DEF-05251,M006,2025-05-10 18:25:00,3,Sheet Metal
DEF-05252,M006,2025-05-10 18:40:00,4,Sheet Metal
DEF-05253,M006,2025-05-10 19:15:00,17,Scrap Steel
DEF-05254,M006,2025-05-10 19:30:00,21,Plastic Resin
DEF-05255,M006,2025-05-10 20:50:00,13,Coolant
DEF-05256,M006,2025-05-10 20:55:00,20,Circuit Board
DEF-05257,M006,2025-05-10 21:05:00,27,Textiles
DEF-05258,M006,2025-05-10 21:20:00,5,Scrap Steel
DEF-05259,M006,2025-05-10 22:30:00,44,Circuit Board
DEF-05260,M006,2025-05-10 23:35:00,0,Scrap Steel
DEF-05261,M006,2025-05-10 23:45:00,6,Cotton
DEF-05262,M006,2025-05-11 00:10:00,12,Industrial Oil
DEF-05263,M006,2025-05-11 01:05:00,1,Plastic Resin
DEF-05264,M006,2025-05-11 01:20:00,26,Machine Component
DEF-05265,M006,2025-05-11 01:50:00,46,Reprocessed Plastics
DEF-05266,M006,2025-05-11 02:20:00,6,Polypropylene
DEF-05267,M006,2025-05-11 02:50:00,38,Plastic Resin
DEF-05268,M006,2025-05-11 03:10:00,33,Packaging
DEF-05269,M006,2025-05-11 03:15:00,3,Cotton
DEF-05270,M006,2025-05-11 03:25:00,6,Packaging
DEF-05271,M006,2025-05-11 03:40:00,19,Sheet Metal
DEF-05272,M006,2025-05-11 03:50:00,33,Lead-Based Alloy
DEF-05273,M006,2025-05-11 03:55:00,2,Packaging
DEF-05274,M006,2025-05-11 04:25:00,1,Industrial Oil
DEF-05275,M006,2025-05-11 04:50:00,31,Sheet Metal
DEF-05276,M006,2025-05-11 05:30:00,3,Sheet Metal
DEF-05277,M006,2025-05-11 07:35:00,6,Reprocessed Plastics
DEF-05278,M006,2025-05-11 08:10:00,25,Catalyst
DEF-05279,M006,2025-05-11 09:00:00,16,Plastic Resin
DEF-05280,M006,2025-05-11 09:20:00,14,Plastic Resin
DEF-05281,M006,2025-05-11 10:35:00,8,Plastic Resin
DEF-05282,M006,2025-05-11 11:15:00,9,Solvent
DEF-05283,M006,2025-05-11 12:30:00,15,Plastic Resin
DEF-05284,M006,2025-05-11 13:00:00,5,Machine Component
DEF-05285,M006,2025-05-11 13:55:00,19,Packaging
DEF-05286,M006,2025-05-11 16:30:00,3,Solvent
DEF-05287,M006,2025-05-11 18:55:00,22,Reprocessed Plastics
DEF-05288,M006,2025-05-11 20:00:00,5,Polypropylene
DEF-05289,M006,2025-05-11 20:10:00,37,Textiles
DEF-05290,M006,2025-05-11 21:00:00,21,Aluminum
DEF-05291,M006,2025-05-11 23:20:00,4,Plastic Resin
DEF-05292,M006,2025-05-11 23:25:00,15,Packaging
DEF-05293,M006,2025-05-12 00:45:00,3,Plastic Resin
DEF-05294,M006,2025-05-12 03:05:00,4,Solvent
DEF-05295,M006,2025-05-12 03:15:00,11,Cotton
DEF-05296,M006,2025-05-12 03:30:00,24,Circuit Board
DEF-05297,M006,2025-05-12 05:05:00,11,Reprocessed Plastics
DEF-05298,M006,2025-05-12 05:55:00,7,Textiles
DEF-05299,M006,2025-05-12 06:00:00,5,Polypropylene
DEF-05300,M006,2025-05-12 06:20:00,2,Industrial Oil
DEF-05301,M006,2025-05-12 07:00:00,18,Reprocessed Plastics
DEF-05302,M006,2025-05-12 07:30:00,34,Circuit Board
DEF-05303,M006,2025-05-12 07:55:00,3,Sheet Metal
DEF-05304,M006,2025-05-12 10:10:00,2,Reprocessed Plastics
DEF-05305,M006,2025-05-12 12:00:00,8,Plastic Resin
DEF-05306,M006,2025-05-12 12:50:00,42,Catalyst
DEF-05307,M006,2025-05-12 13:55:00,6,Circuit Board
DEF-05308,M006,2025-05-12 14:35:00,23,Aluminum
DEF-05309,M006,2025-05-12 18:20:00,29,Cotton
DEF-05310,M006,2025-05-12 18:25:00,3,Packaging
DEF-05311,M006,2025-05-12 18:35:00,10,Polypropylene
DEF-05312,M006,2025-05-12 19:30:00,2,Coolant
DEF-05313,M006,2025-05-12 19:40:00,2,Coolant
DEF-05314,M006,2025-05-12 19:50:00,10,Reprocessed Plastics
DEF-05315,M006,2025-05-12 21:00:00,35,Industrial Oil
DEF-05316,M006,2025-05-12 22:20:00,26,Industrial Oil
DEF-05317,M006,2025-05-12 23:25:00,16,Industrial Oil
DEF-05318,M006,2025-05-13 01:10:00,40,Packaging
DEF-05319,M006,2025-05-13 01:40:00,20,Machine Component
DEF-05320,M006,2025-05-13 01:55:00,12,Cotton
DEF-05321,M006,2025-05-13 02:25:00,25,Polypropylene
DEF-05322,M006,2025-05-13 04:15:00,1,Machine Component
DEF-05323,M006,2025-05-13 06:30:00,1,Catalyst
DEF-05324,M006,2025-05-13 06:35:00,6,Solvent
DEF-05325,M006,2025-05-13 07:05:00,1,Packaging
DEF-05326,M006,2025-05-13 11:05:00,6,Scrap Steel
DEF-05327,M006,2025-05-13 12:35:00,30,Solvent
DEF-05328,M006,2025-05-13 12:50:00,9,Machine Component
DEF-05329,M006,2025-05-13 13:20:00,6,Plastic Resin
DEF-05330,M006,2025-05-13 15:15:00,15,Sheet Metal
DEF-05331,M006,2025-05-13 15:35:00,0,Steel
DEF-05332,M006,2025-05-13 15:45:00,2,Scrap Steel
DEF-05333,M006,2025-05-13 16:00:00,4,Machine Component
DEF-05334,M006,2025-05-13 17:00:00,0,Circuit Board
DEF-05335,M006,2025-05-13 17:20:00,10,Polypropylene
DEF-05336,M006,2025-05-13 17:55:00,11,Aluminum
DEF-05337,M006,2025-05-13 18:20:00,19,Machine Component
DEF-05338,M006,2025-05-13 20:05:00,25,Coolant
DEF-05339,M006,2025-05-13 20:10:00,11,Reprocessed Plastics
DEF-05340,M006,2025-05-13 21:20:00,6,Reprocessed Plastics
DEF-05341,M006,2025-05-13 21:35:00,1,Lead-Based Alloy
DEF-05342,M006,2025-05-13 22:15:00,43,Packaging
DEF-05343,M006,2025-05-13 22:50:00,1,Solvent
DEF-05344,M006,2025-05-13 23:25:00,20,Lead-Based Alloy
DEF-05345,M006,2025-05-13 23:30:00,8,Solvent
DEF-05346,M006,2025-05-13 23:50:00,2,Circuit Board
DEF-05347,M006,2025-05-14 00:40:00,22,Scrap Steel
DEF-05348,M006,2025-05-14 02:00:00,22,Packaging
DEF-05349,M006,2025-05-14 03:30:00,10,Cotton
DEF-05350,M006,2025-05-14 05:20:00,2,Circuit Board
DEF-05351,M006,2025-05-14 06:40:00,24,Lead-Based Alloy
DEF-05352,M006,2025-05-14 06:45:00,11,Textiles
DEF-05353,M006,2025-05-14 11:10:00,9,Reprocessed Plastics
DEF-05354,M006,2025-05-14 12:20:00,4,Circuit Board
DEF-05355,M006,2025-05-14 12:45:00,6,Plastic Resin
DEF-05356,M006,2025-05-14 13:20:00,17,Solvent
DEF-05357,M006,2025-05-14 14:05:00,11,Polypropylene
DEF-05358,M006,2025-05-14 14:30:00,8,Scrap Steel
DEF-05359,M006,2025-05-14 14:35:00,14,Packaging
DEF-05360,M006,2025-05-14 14:40:00,6,Packaging
DEF-05361,M006,2025-05-14 15:15:00,23,Aluminum
DEF-05362,M006,2025-05-14 15:30:00,30,Scrap Steel
DEF-05363,M006,2025-05-14 16:20:00,1,Scrap Steel
DEF-05364,M006,2025-05-14 17:10:00,14,Lead-Based Alloy
DEF-05365,M006,2025-05-14 17:30:00,15,Sheet Metal
DEF-05366,M006,2025-05-14 18:15:00,14,Aluminum
DEF-05367,M006,2025-05-14 19:25:00,2,Reprocessed Plastics
DEF-05368,M006,2025-05-14 20:25:00,4,Lead-Based Alloy
DEF-05369,M006,2025-05-14 22:25:00,2,Plastic Resin
DEF-05370,M006,2025-05-14 22:45:00,43,Steel
DEF-05371,M006,2025-05-15 01:15:00,35,Steel
DEF-05372,M006,2025-05-15 01:30:00,35,Sheet Metal
DEF-05373,M006,2025-05-15 02:05:00,4,Reprocessed Plastics
DEF-05374,M006,2025-05-15 02:55:00,20,Plastic Resin
DEF-05375,M006,2025-05-15 03:00:00,37,Scrap Steel
DEF-05376,M006,2025-05-15 03:05:00,24,Reprocessed Plastics
DEF-05377,M006,2025-05-15 03:10:00,6,Machine Component
DEF-05378,M006,2025-05-15 04:25:00,26,Polypropylene
DEF-05379,M006,2025-05-15 04:35:00,14,Sheet Metal
DEF-05380,M006,2025-05-15 05:30:00,7,Reprocessed Plastics
DEF-05381,M006,2025-05-15 11:00:00,4,Reprocessed Plastics
DEF-05382,M006,2025-05-15 12:35:00,36,Scrap Steel
DEF-05383,M006,2025-05-15 13:35:00,1,Polypropylene
DEF-05384,M006,2025-05-15 13:55:00,21,Steel
DEF-05385,M006,2025-05-15 14:45:00,5,Industrial Oil
DEF-05386,M006,2025-05-15 15:15:00,6,Polypropylene
DEF-05387,M006,2025-05-15 15:50:00,24,Reprocessed Plastics
DEF-05388,M006,2025-05-15 17:25:00,3,Reprocessed Plastics
DEF-05389,M006,2025-05-15 20:35:00,36,Lead-Based Alloy
DEF-05390,M006,2025-05-15 22:30:00,8,Scrap Steel
DEF-05391,M006,2025-05-15 22:40:00,8,Solvent
DEF-05392,M006,2025-05-16 00:00:00,13,Plastic Resin
DEF-05393,M006,2025-05-16 00:20:00,21,Scrap Steel
DEF-05394,M006,2025-05-16 00:55:00,6,Catalyst
DEF-05395,M006,2025-05-16 02:10:00,6,Coolant
DEF-05396,M006,2025-05-16 02:30:00,11,Reprocessed Plastics
DEF-05397,M006,2025-05-16 02:45:00,6,Lead-Based Alloy
DEF-05398,M006,2025-05-16 03:00:00,11,Steel
DEF-05399,M006,2025-05-16 03:25:00,32,Coolant
DEF-05400,M006,2025-05-16 04:20:00,25,Catalyst
DEF-05401,M006,2025-05-16 04:25:00,16,Reprocessed Plastics
DEF-05402,M006,2025-05-16 04:55:00,8,Solvent
DEF-05403,M006,2025-05-16 05:25:00,15,Lead-Based Alloy
DEF-05404,M006,2025-05-16 06:20:00,24,Textiles
DEF-05405,M006,2025-05-16 08:30:00,7,Lead-Based Alloy
DEF-05406,M006,2025-05-16 08:45:00,5,Plastic Resin
DEF-05407,M006,2025-05-16 10:00:00,19,Packaging
DEF-05408,M006,2025-05-16 10:15:00,28,Steel
DEF-05409,M006,2025-05-16 10:35:00,1,Solvent
DEF-05410,M006,2025-05-16 11:00:00,25,Machine Component
DEF-05411,M006,2025-05-16 11:55:00,8,Circuit Board
DEF-05412,M006,2025-05-16 13:35:00,5,Plastic Resin
DEF-05413,M006,2025-05-16 14:30:00,28,Industrial Oil
DEF-05414,M006,2025-05-16 14:50:00,3,Lead-Based Alloy
DEF-05415,M006,2025-05-16 16:00:00,10,Scrap Steel
DEF-05416,M006,2025-05-16 16:15:00,23,Solvent
DEF-05417,M006,2025-05-16 16:55:00,11,Catalyst
DEF-05418,M006,2025-05-16 17:10:00,4,Scrap Steel
DEF-05419,M006,2025-05-16 17:55:00,2,Aluminum
DEF-05420,M006,2025-05-16 18:05:00,12,Polypropylene
DEF-05421,M006,2025-05-16 18:15:00,13,Scrap Steel
DEF-05422,M006,2025-05-16 20:05:00,1,Scrap Steel
DEF-05423,M006,2025-05-17 00:50:00,23,Industrial Oil
DEF-05424,M006,2025-05-17 01:40:00,14,Catalyst
DEF-05425,M006,2025-05-17 02:00:00,26,Coolant
DEF-05426,M006,2025-05-17 04:10:00,2,Machine Component
DEF-05427,M006,2025-05-17 04:20:00,11,Lead-Based Alloy
DEF-05428,M006,2025-05-17 04:45:00,7,Reprocessed Plastics
DEF-05429,M006,2025-05-17 05:50:00,21,Industrial Oil
DEF-05430,M006,2025-05-17 06:45:00,7,Packaging
DEF-05431,M006,2025-05-17 06:55:00,19,Polypropylene
DEF-05432,M006,2025-05-17 07:30:00,22,Solvent
DEF-05433,M006,2025-05-17 08:00:00,13,Lead-Based Alloy
DEF-05434,M006,2025-05-17 09:00:00,29,Textiles
DEF-05435,M006,2025-05-17 10:15:00,20,Industrial Oil
DEF-05436,M006,2025-05-17 10:20:00,8,Textiles
DEF-05437,M006,2025-05-17 10:30:00,12,Packaging
DEF-05438,M006,2025-05-17 10:45:00,6,Coolant
DEF-05439,M006,2025-05-17 11:20:00,11,Solvent
DEF-05440,M006,2025-05-17 11:50:00,1,Circuit Board
DEF-05441,M006,2025-05-17 13:35:00,1,Plastic Resin
DEF-05442,M006,2025-05-17 13:55:00,19,Plastic Resin
DEF-05443,M006,2025-05-17 14:55:00,31,Circuit Board
DEF-05444,M006,2025-05-17 15:15:00,28,Aluminum
DEF-05445,M006,2025-05-17 15:30:00,9,Coolant
DEF-05446,M006,2025-05-17 15:45:00,14,Solvent
DEF-05447,M006,2025-05-17 16:10:00,19,Lead-Based Alloy
DEF-05448,M006,2025-05-17 17:10:00,21,Coolant
DEF-05449,M006,2025-05-17 17:40:00,27,Scrap Steel
DEF-05450,M006,2025-05-17 18:10:00,3,Scrap Steel
DEF-05451,M006,2025-05-17 18:35:00,22,Sheet Metal
DEF-05452,M006,2025-05-17 19:35:00,5,Scrap Steel
DEF-05453,M006,2025-05-17 20:15:00,22,Solvent
DEF-05454,M006,2025-05-17 20:40:00,4,Solvent
DEF-05455,M006,2025-05-17 21:30:00,37,Solvent
DEF-05456,M006,2025-05-17 21:40:00,25,Polypropylene
DEF-05457,M006,2025-05-17 21:55:00,24,Sheet Metal
DEF-05458,M006,2025-05-17 22:10:00,31,Sheet Metal
DEF-05459,M006,2025-05-17 22:25:00,8,Circuit Board
DEF-05460,M006,2025-05-17 23:35:00,23,Sheet Metal
DEF-05461,M006,2025-05-18 01:25:00,17,Lead-Based Alloy
DEF-05462,M006,2025-05-18 01:30:00,33,Industrial Oil
DEF-05463,M006,2025-05-18 02:30:00,3,Packaging
DEF-05464,M006,2025-05-18 03:20:00,32,Steel
DEF-05465,M006,2025-05-18 04:45:00,7,Reprocessed Plastics
DEF-05466,M006,2025-05-18 05:25:00,19,Circuit Board
DEF-05467,M006,2025-05-18 05:55:00,4,Scrap Steel
DEF-05468,M006,2025-05-18 06:30:00,15,Cotton
DEF-05469,M006,2025-05-18 06:50:00,6,Sheet Metal
DEF-05470,M006,2025-05-18 07:25:00,33,Plastic Resin
DEF-05471,M006,2025-05-18 08:05:00,34,Scrap Steel
DEF-05472,M006,2025-05-18 08:50:00,18,Aluminum
DEF-05473,M006,2025-05-18 09:00:00,28,Cotton
DEF-05474,M006,2025-05-18 09:40:00,30,Catalyst
DEF-05475,M006,2025-05-18 09:45:00,1,Sheet Metal
DEF-05476,M006,2025-05-18 10:40:00,21,Packaging
DEF-05477,M006,2025-05-18 11:00:00,15,Reprocessed Plastics
DEF-05478,M006,2025-05-18 11:15:00,14,Lead-Based Alloy
DEF-05479,M006,2025-05-18 12:05:00,3,Solvent
DEF-05480,M006,2025-05-18 13:40:00,1,Cotton
DEF-05481,M006,2025-05-18 14:05:00,25,Solvent
DEF-05482,M006,2025-05-18 14:40:00,36,Cotton
DEF-05483,M006,2025-05-18 15:55:00,16,Machine Component
DEF-05484,M006,2025-05-18 16:05:00,21,Polypropylene
DEF-05485,M006,2025-05-18 16:15:00,13,Scrap Steel
DEF-05486,M006,2025-05-18 17:05:00,16,Plastic Resin
DEF-05487,M006,2025-05-18 17:15:00,4,Coolant
DEF-05488,M006,2025-05-18 18:35:00,16,Solvent
DEF-05489,M006,2025-05-18 20:25:00,32,Packaging
DEF-05490,M006,2025-05-18 20:50:00,26,Textiles
DEF-05491,M006,2025-05-18 21:50:00,39,Catalyst
DEF-05492,M006,2025-05-18 22:15:00,39,Solvent
DEF-05493,M006,2025-05-18 22:50:00,3,Plastic Resin
DEF-05494,M006,2025-05-18 23:35:00,15,Lead-Based Alloy
DEF-05495,M006,2025-05-19 00:25:00,11,Packaging
DEF-05496,M006,2025-05-19 01:50:00,23,Scrap Steel
DEF-05497,M006,2025-05-19 03:30:00,5,Circuit Board
DEF-05498,M006,2025-05-19 03:40:00,6,Coolant
DEF-05499,M006,2025-05-19 03:45:00,6,Lead-Based Alloy
DEF-05500,M006,2025-05-19 04:10:00,30,Solvent
DEF-05501,M006,2025-05-19 05:00:00,11,Machine Component
DEF-05502,M006,2025-05-19 06:40:00,9,Coolant
DEF-05503,M006,2025-05-19 07:25:00,36,Machine Component
DEF-05504,M006,2025-05-19 07:30:00,2,Reprocessed Plastics
DEF-05505,M006,2025-05-19 08:05:00,27,Circuit Board
DEF-05506,M006,2025-05-19 09:30:00,11,Coolant
DEF-05507,M006,2025-05-19 09:40:00,3,Packaging
DEF-05508,M006,2025-05-19 10:35:00,0,Reprocessed Plastics
DEF-05509,M006,2025-05-19 11:15:00,17,Machine Component
DEF-05510,M006,2025-05-19 11:35:00,18,Textiles
DEF-05511,M006,2025-05-19 11:50:00,23,Scrap Steel
DEF-05512,M006,2025-05-19 12:30:00,10,Reprocessed Plastics
DEF-05513,M006,2025-05-19 13:35:00,13,Textiles
DEF-05514,M006,2025-05-19 14:10:00,34,Aluminum
DEF-05515,M006,2025-05-19 15:40:00,14,Coolant
DEF-05516,M006,2025-05-19 16:10:00,12,Cotton
DEF-05517,M006,2025-05-19 16:45:00,14,Machine Component
DEF-05518,M006,2025-05-19 17:05:00,9,Packaging
DEF-05519,M006,2025-05-19 17:40:00,6,Sheet Metal
DEF-05520,M006,2025-05-19 19:15:00,18,Lead-Based Alloy
DEF-05521,M006,2025-05-19 19:40:00,3,Reprocessed Plastics
DEF-05522,M006,2025-05-19 19:55:00,40,Solvent
DEF-05523,M006,2025-05-19 20:20:00,27,Circuit Board
DEF-05524,M006,2025-05-19 21:05:00,14,Solvent
DEF-05525,M006,2025-05-19 21:55:00,5,Catalyst
DEF-05526,M006,2025-05-19 23:15:00,5,Plastic Resin
DEF-05527,M006,2025-05-19 23:20:00,10,Catalyst
DEF-05528,M006,2025-05-19 23:25:00,21,Coolant
DEF-05529,M006,2025-05-20 01:10:00,26,Plastic Resin
DEF-05530,M006,2025-05-20 01:45:00,14,Packaging
DEF-05531,M006,2025-05-20 02:15:00,6,Circuit Board
DEF-05532,M006,2025-05-20 02:30:00,14,Plastic Resin
DEF-05533,M006,2025-05-20 02:50:00,40,Industrial Oil
DEF-05534,M006,2025-05-20 03:05:00,1,Coolant
DEF-05535,M006,2025-05-20 03:45:00,26,Catalyst
DEF-05536,M006,2025-05-20 04:25:00,23,Aluminum
DEF-05537,M006,2025-05-20 04:35:00,22,Textiles
DEF-05538,M006,2025-05-20 04:55:00,13,Steel
DEF-05539,M006,2025-05-20 05:10:00,4,Coolant
DEF-05540,M006,2025-05-20 07:55:00,14,Scrap Steel
DEF-05541,M006,2025-05-20 08:10:00,0,Reprocessed Plastics
DEF-05542,M006,2025-05-20 08:15:00,0,Scrap Steel
DEF-05543,M006,2025-05-20 08:55:00,18,Reprocessed Plastics
DEF-05544,M006,2025-05-20 10:05:00,16,Polypropylene
DEF-05545,M006,2025-05-20 10:50:00,7,Solvent
DEF-05546,M006,2025-05-20 11:00:00,27,Scrap Steel
DEF-05547,M006,2025-05-20 12:45:00,7,Aluminum
DEF-05548,M006,2025-05-20 14:10:00,12,Lead-Based Alloy
DEF-05549,M006,2025-05-20 14:30:00,28,Plastic Resin
DEF-05550,M006,2025-05-20 16:50:00,5,Circuit Board
DEF-05551,M006,2025-05-20 19:30:00,8,Textiles
DEF-05552,M006,2025-05-20 20:10:00,0,Textiles
DEF-05553,M006,2025-05-20 20:20:00,7,Industrial Oil
DEF-05554,M006,2025-05-20 20:40:00,5,Circuit Board
DEF-05555,M006,2025-05-20 21:55:00,13,Plastic Resin
DEF-05556,M006,2025-05-21 01:40:00,28,Packaging
DEF-05557,M006,2025-05-21 02:05:00,8,Polypropylene
DEF-05558,M006,2025-05-21 02:10:00,15,Scrap Steel
DEF-05559,M006,2025-05-21 02:40:00,8,Plastic Resin
DEF-05560,M006,2025-05-21 02:50:00,12,Coolant
DEF-05561,M006,2025-05-21 02:55:00,13,Packaging
DEF-05562,M006,2025-05-21 03:35:00,41,Reprocessed Plastics
DEF-05563,M006,2025-05-21 04:40:00,4,Coolant
DEF-05564,M006,2025-05-21 05:40:00,5,Lead-Based Alloy
DEF-05565,M006,2025-05-21 06:50:00,10,Reprocessed Plastics
DEF-05566,M006,2025-05-21 08:20:00,3,Plastic Resin
DEF-05567,M006,2025-05-21 09:30:00,20,Solvent
DEF-05568,M006,2025-05-21 09:50:00,38,Reprocessed Plastics
DEF-05569,M006,2025-05-21 10:50:00,7,Steel
DEF-05570,M006,2025-05-21 13:10:00,1,Solvent
DEF-05571,M006,2025-05-21 14:40:00,24,Reprocessed Plastics
DEF-05572,M006,2025-05-21 15:30:00,2,Plastic Resin
DEF-05573,M006,2025-05-21 15:35:00,5,Machine Component
DEF-05574,M006,2025-05-21 18:20:00,34,Textiles
DEF-05575,M006,2025-05-21 18:55:00,3,Packaging
DEF-05576,M006,2025-05-21 19:25:00,0,Sheet Metal
DEF-05577,M006,2025-05-21 19:45:00,7,Aluminum
DEF-05578,M006,2025-05-21 20:20:00,1,Aluminum
DEF-05579,M006,2025-05-21 21:10:00,32,Cotton
DEF-05580,M006,2025-05-21 21:40:00,4,Textiles
DEF-05581,M006,2025-05-21 22:10:00,2,Solvent
DEF-05582,M006,2025-05-21 23:15:00,7,Packaging
DEF-05583,M006,2025-05-21 23:25:00,25,Catalyst
DEF-05584,M006,2025-05-21 23:40:00,6,Scrap Steel
DEF-05585,M006,2025-05-22 01:05:00,10,Industrial Oil
DEF-05586,M006,2025-05-22 01:10:00,4,Solvent
DEF-05587,M006,2025-05-22 01:25:00,6,Packaging
DEF-05588,M006,2025-05-22 01:50:00,19,Textiles
DEF-05589,M006,2025-05-22 02:00:00,24,Scrap Steel
DEF-05590,M006,2025-05-22 02:45:00,9,Sheet Metal
DEF-05591,M006,2025-05-22 07:30:00,27,Coolant
DEF-05592,M006,2025-05-22 08:55:00,14,Cotton
DEF-05593,M006,2025-05-22 09:05:00,19,Plastic Resin
DEF-05594,M006,2025-05-22 09:15:00,0,Solvent
DEF-05595,M006,2025-05-22 11:50:00,15,Catalyst
DEF-05596,M006,2025-05-22 12:40:00,1,Lead-Based Alloy
DEF-05597,M006,2025-05-22 13:55:00,17,Scrap Steel
DEF-05598,M006,2025-05-22 14:20:00,47,Coolant
DEF-05599,M006,2025-05-22 14:55:00,23,Solvent
DEF-05600,M006,2025-05-22 15:10:00,10,Machine Component
DEF-05601,M006,2025-05-22 15:30:00,16,Steel
DEF-05602,M006,2025-05-22 15:50:00,13,Solvent
DEF-05603,M006,2025-05-22 16:25:00,12,Aluminum
DEF-05604,M006,2025-05-22 17:05:00,11,Machine Component
DEF-05605,M006,2025-05-22 17:10:00,34,Solvent
DEF-05606,M006,2025-05-22 17:30:00,15,Catalyst
DEF-05607,M006,2025-05-22 17:35:00,0,Scrap Steel
DEF-05608,M006,2025-05-22 19:20:00,6,Coolant
DEF-05609,M006,2025-05-22 19:45:00,23,Scrap Steel
DEF-05610,M006,2025-05-22 20:45:00,6,Industrial Oil
DEF-05611,M006,2025-05-22 23:25:00,3,Packaging
DEF-05612,M006,2025-05-22 23:40:00,2,Sheet Metal
DEF-05613,M006,2025-05-22 23:55:00,20,Industrial Oil
DEF-05614,M006,2025-05-23 00:00:00,24,Solvent
DEF-05615,M006,2025-05-23 00:35:00,1,Machine Component
DEF-05616,M006,2025-05-23 01:20:00,2,Plastic Resin
DEF-05617,M006,2025-05-23 02:30:00,4,Scrap Steel
DEF-05618,M006,2025-05-23 03:35:00,10,Lead-Based Alloy
DEF-05619,M006,2025-05-23 04:30:00,39,Plastic Resin
DEF-05620,M006,2025-05-23 04:50:00,11,Packaging
DEF-05621,M006,2025-05-23 05:35:00,2,Scrap Steel
DEF-05622,M006,2025-05-23 07:45:00,10,Packaging
DEF-05623,M006,2025-05-23 08:05:00,8,Solvent
DEF-05624,M006,2025-05-23 09:35:00,1,Reprocessed Plastics
DEF-05625,M006,2025-05-23 10:15:00,11,Scrap Steel
DEF-05626,M006,2025-05-23 12:15:00,17,Lead-Based Alloy
DEF-05627,M006,2025-05-23 12:45:00,31,Coolant
DEF-05628,M006,2025-05-23 12:55:00,24,Scrap Steel
DEF-05629,M006,2025-05-23 13:00:00,11,Catalyst
DEF-05630,M006,2025-05-23 13:10:00,18,Polypropylene
DEF-05631,M006,2025-05-23 14:45:00,0,Solvent
DEF-05632,M006,2025-05-23 16:30:00,16,Solvent
DEF-05633,M006,2025-05-23 17:35:00,12,Solvent
DEF-05634,M006,2025-05-23 21:25:00,0,Packaging
DEF-05635,M006,2025-05-23 21:35:00,2,Aluminum
DEF-05636,M006,2025-05-23 21:55:00,12,Sheet Metal
DEF-05637,M006,2025-05-23 22:00:00,8,Industrial Oil
DEF-05638,M006,2025-05-23 22:15:00,6,Circuit Board
DEF-05639,M006,2025-05-23 22:40:00,3,Sheet Metal
DEF-05640,M006,2025-05-24 00:10:00,20,Cotton
DEF-05641,M006,2025-05-24 02:10:00,22,Reprocessed Plastics
DEF-05642,M006,2025-05-24 02:20:00,19,Machine Component
DEF-05643,M006,2025-05-24 02:55:00,4,Reprocessed Plastics
DEF-05644,M006,2025-05-24 03:25:00,1,Coolant
DEF-05645,M006,2025-05-24 04:15:00,13,Plastic Resin
DEF-05646,M006,2025-05-24 04:30:00,14,Lead-Based Alloy
DEF-05647,M006,2025-05-24 04:35:00,10,Textiles
DEF-05648,M006,2025-05-24 04:55:00,21,Machine Component
DEF-05649,M006,2025-05-24 06:30:00,4,Packaging
DEF-05650,M006,2025-05-24 08:40:00,17,Scrap Steel
DEF-05651,M006,2025-05-24 08:45:00,6,Circuit Board
DEF-05652,M006,2025-05-24 13:25:00,11,Industrial Oil
DEF-05653,M006,2025-05-24 13:35:00,5,Textiles
DEF-05654,M006,2025-05-24 13:50:00,13,Steel
DEF-05655,M006,2025-05-24 13:55:00,23,Packaging
DEF-05656,M006,2025-05-24 14:25:00,8,Steel
DEF-05657,M006,2025-05-24 14:50:00,24,Textiles
DEF-05658,M006,2025-05-24 15:55:00,2,Circuit Board
DEF-05659,M006,2025-05-24 17:30:00,3,Sheet Metal
DEF-05660,M006,2025-05-24 18:10:00,10,Sheet Metal
DEF-05661,M006,2025-05-24 18:25:00,14,Aluminum
DEF-05662,M006,2025-05-24 18:45:00,25,Reprocessed Plastics
DEF-05663,M006,2025-05-24 19:00:00,34,Steel
DEF-05664,M006,2025-05-24 19:05:00,8,Catalyst
DEF-05665,M006,2025-05-24 19:55:00,2,Plastic Resin
DEF-05666,M006,2025-05-24 20:10:00,6,Steel
DEF-05667,M006,2025-05-24 21:40:00,4,Polypropylene
DEF-05668,M006,2025-05-24 21:45:00,34,Sheet Metal
DEF-05669,M006,2025-05-24 22:45:00,10,Solvent
DEF-05670,M006,2025-05-24 23:35:00,24,Machine Component
DEF-05671,M006,2025-05-25 00:10:00,31,Scrap Steel
DEF-05672,M006,2025-05-25 01:05:00,20,Industrial Oil
DEF-05673,M006,2025-05-25 01:40:00,6,Packaging
DEF-05674,M006,2025-05-25 01:50:00,16,Textiles
DEF-05675,M006,2025-05-25 02:40:00,29,Circuit Board
DEF-05676,M006,2025-05-25 02:55:00,11,Scrap Steel
DEF-05677,M006,2025-05-25 04:20:00,42,Coolant
DEF-05678,M006,2025-05-25 04:35:00,32,Sheet Metal
DEF-05679,M006,2025-05-25 08:25:00,17,Polypropylene
DEF-05680,M006,2025-05-25 08:55:00,14,Reprocessed Plastics
DEF-05681,M006,2025-05-25 09:05:00,5,Cotton
DEF-05682,M006,2025-05-25 09:20:00,31,Coolant
DEF-05683,M006,2025-05-25 09:45:00,47,Packaging
DEF-05684,M006,2025-05-25 10:45:00,17,Cotton
DEF-05685,M006,2025-05-25 11:00:00,21,Machine Component
DEF-05686,M006,2025-05-25 11:35:00,9,Packaging
DEF-05687,M006,2025-05-25 12:40:00,29,Plastic Resin
DEF-05688,M006,2025-05-25 13:40:00,12,Reprocessed Plastics
DEF-05689,M006,2025-05-25 13:45:00,10,Reprocessed Plastics
DEF-05690,M006,2025-05-25 14:20:00,28,Coolant
DEF-05691,M006,2025-05-25 14:55:00,1,Machine Component
DEF-05692,M006,2025-05-25 16:10:00,36,Packaging
DEF-05693,M006,2025-05-25 16:30:00,27,Aluminum
DEF-05694,M006,2025-05-25 17:40:00,12,Steel
DEF-05695,M006,2025-05-25 18:30:00,0,Solvent
DEF-05696,M006,2025-05-25 19:10:00,3,Solvent
DEF-05697,M006,2025-05-25 19:20:00,24,Lead-Based Alloy
DEF-05698,M006,2025-05-25 21:35:00,9,Machine Component
DEF-05699,M006,2025-05-25 23:25:00,2,Packaging
DEF-05700,M006,2025-05-26 00:10:00,28,Lead-Based Alloy
DEF-05701,M006,2025-05-26 00:15:00,27,Textiles
DEF-05702,M006,2025-05-26 00:35:00,6,Catalyst
DEF-05703,M006,2025-05-26 00:55:00,7,Packaging
DEF-05704,M006,2025-05-26 02:00:00,6,Machine Component
DEF-05705,M006,2025-05-26 02:20:00,20,Coolant
DEF-05706,M006,2025-05-26 02:35:00,2,Scrap Steel
DEF-05707,M006,2025-05-26 02:45:00,9,Steel
DEF-05708,M006,2025-05-26 04:20:00,40,Reprocessed Plastics
DEF-05709,M006,2025-05-26 04:50:00,5,Lead-Based Alloy
DEF-05710,M006,2025-05-26 05:10:00,25,Polypropylene
DEF-05711,M006,2025-05-26 05:50:00,13,Textiles
DEF-05712,M006,2025-05-26 06:10:00,1,Catalyst
DEF-05713,M006,2025-05-26 07:50:00,14,Aluminum
DEF-05714,M006,2025-05-26 07:55:00,27,Cotton
DEF-05715,M006,2025-05-26 08:00:00,6,Circuit Board
DEF-05716,M006,2025-05-26 09:20:00,7,Aluminum
DEF-05717,M006,2025-05-26 10:10:00,42,Circuit Board
DEF-05718,M006,2025-05-26 11:30:00,14,Steel
DEF-05719,M006,2025-05-26 11:55:00,9,Polypropylene
DEF-05720,M006,2025-05-26 12:25:00,27,Cotton
DEF-05721,M006,2025-05-26 13:10:00,3,Textiles
DEF-05722,M006,2025-05-26 15:00:00,27,Cotton
DEF-05723,M006,2025-05-26 15:30:00,9,Cotton
DEF-05724,M006,2025-05-26 16:05:00,11,Solvent
DEF-05725,M006,2025-05-26 18:35:00,8,Circuit Board
DEF-05726,M006,2025-05-26 19:15:00,37,Aluminum
DEF-05727,M006,2025-05-26 20:15:00,1,Cotton
DEF-05728,M006,2025-05-26 20:35:00,2,Solvent
DEF-05729,M006,2025-05-26 21:20:00,17,Packaging
DEF-05730,M006,2025-05-26 21:40:00,6,Circuit Board
DEF-05731,M006,2025-05-26 22:45:00,7,Scrap Steel
DEF-05732,M006,2025-05-26 23:15:00,43,Catalyst
DEF-05733,M006,2025-05-26 23:55:00,4,Textiles
DEF-05734,M006,2025-05-27 00:40:00,7,Reprocessed Plastics
DEF-05735,M006,2025-05-27 00:55:00,11,Machine Component
DEF-05736,M006,2025-05-27 01:25:00,16,Sheet Metal
DEF-05737,M006,2025-05-27 03:00:00,2,Solvent
DEF-05738,M006,2025-05-27 04:35:00,41,Catalyst
DEF-05739,M006,2025-05-27 06:35:00,3,Polypropylene
DEF-05740,M006,2025-05-27 09:30:00,6,Solvent
DEF-05741,M006,2025-05-27 10:30:00,8,Catalyst
DEF-05742,M006,2025-05-27 11:25:00,15,Aluminum
DEF-05743,M006,2025-05-27 11:40:00,29,Industrial Oil
DEF-05744,M006,2025-05-27 12:35:00,26,Sheet Metal
DEF-05745,M006,2025-05-27 13:05:00,7,Industrial Oil
DEF-05746,M006,2025-05-27 13:30:00,14,Scrap Steel
DEF-05747,M006,2025-05-27 13:45:00,21,Lead-Based Alloy
DEF-05748,M006,2025-05-27 14:25:00,7,Catalyst
DEF-05749,M006,2025-05-27 15:25:00,24,Aluminum
DEF-05750,M006,2025-05-27 16:55:00,7,Plastic Resin
DEF-05751,M006,2025-05-27 17:50:00,11,Circuit Board
DEF-05752,M006,2025-05-27 17:55:00,15,Machine Component
DEF-05753,M006,2025-05-27 18:30:00,5,Industrial Oil
DEF-05754,M006,2025-05-27 19:10:00,21,Plastic Resin
DEF-05755,M006,2025-05-27 19:45:00,10,Steel
DEF-05756,M006,2025-05-27 20:45:00,6,Packaging
DEF-05757,M006,2025-05-27 21:10:00,17,Solvent
DEF-05758,M006,2025-05-27 21:40:00,2,Industrial Oil
DEF-05759,M006,2025-05-27 22:15:00,21,Reprocessed Plastics
DEF-05760,M006,2025-05-27 23:25:00,3,Cotton
DEF-05761,M006,2025-05-28 02:20:00,25,Packaging
DEF-05762,M006,2025-05-28 02:50:00,11,Industrial Oil
DEF-05763,M006,2025-05-28 04:00:00,21,Reprocessed Plastics
DEF-05764,M006,2025-05-28 04:30:00,5,Steel
DEF-05765,M006,2025-05-28 04:40:00,24,Cotton
DEF-05766,M006,2025-05-28 05:20:00,2,Sheet Metal
DEF-05767,M006,2025-05-28 05:45:00,1,Textiles
DEF-05768,M006,2025-05-28 05:50:00,4,Industrial Oil
DEF-05769,M006,2025-05-28 06:05:00,7,Catalyst
DEF-05770,M006,2025-05-28 09:05:00,12,Aluminum
DEF-05771,M006,2025-05-28 10:15:00,9,Packaging
DEF-05772,M006,2025-05-28 10:25:00,7,Plastic Resin
DEF-05773,M006,2025-05-28 10:45:00,1,Machine Component
DEF-05774,M006,2025-05-28 11:05:00,23,Reprocessed Plastics
DEF-05775,M006,2025-05-28 11:30:00,3,Packaging
DEF-05776,M006,2025-05-28 11:35:00,4,Textiles
DEF-05777,M006,2025-05-28 12:05:00,0,Reprocessed Plastics
DEF-05778,M006,2025-05-28 12:50:00,27,Solvent
DEF-05779,M006,2025-05-28 13:40:00,32,Textiles
DEF-05780,M006,2025-05-28 14:00:00,7,Cotton
DEF-05781,M006,2025-05-28 14:45:00,5,Plastic Resin
DEF-05782,M006,2025-05-28 16:15:00,3,Polypropylene
DEF-05783,M006,2025-05-28 17:10:00,28,Circuit Board
DEF-05784,M006,2025-05-28 17:15:00,3,Textiles
DEF-05785,M006,2025-05-28 17:35:00,14,Catalyst
DEF-05786,M006,2025-05-28 17:45:00,6,Cotton
DEF-05787,M006,2025-05-28 17:50:00,3,Catalyst
DEF-05788,M006,2025-05-28 18:25:00,5,Aluminum
DEF-05789,M006,2025-05-28 18:50:00,12,Scrap Steel
DEF-05790,M006,2025-05-28 19:45:00,26,Reprocessed Plastics
DEF-05791,M006,2025-05-28 22:00:00,7,Cotton
DEF-05792,M006,2025-05-28 22:45:00,38,Solvent
DEF-05793,M006,2025-05-28 23:20:00,8,Reprocessed Plastics
DEF-05794,M006,2025-05-28 23:30:00,3,Catalyst
DEF-05795,M006,2025-05-29 00:40:00,5,Cotton
DEF-05796,M006,2025-05-29 01:25:00,12,Scrap Steel
DEF-05797,M006,2025-05-29 03:45:00,1,Scrap Steel
DEF-05798,M006,2025-05-29 04:10:00,2,Catalyst
DEF-05799,M006,2025-05-29 04:20:00,22,Scrap Steel
DEF-05800,M006,2025-05-29 04:25:00,30,Steel
DEF-05801,M006,2025-05-29 04:40:00,16,Machine Component
DEF-05802,M006,2025-05-29 05:45:00,19,Lead-Based Alloy
DEF-05803,M006,2025-05-29 05:50:00,18,Circuit Board
DEF-05804,M006,2025-05-29 06:00:00,36,Scrap Steel
DEF-05805,M006,2025-05-29 06:25:00,7,Scrap Steel
DEF-05806,M006,2025-05-29 06:30:00,16,Machine Component
DEF-05807,M006,2025-05-29 07:00:00,7,Sheet Metal
DEF-05808,M006,2025-05-29 07:25:00,13,Solvent
DEF-05809,M006,2025-05-29 08:20:00,38,Scrap Steel
DEF-05810,M006,2025-05-29 08:45:00,10,Catalyst
DEF-05811,M006,2025-05-29 09:45:00,36,Catalyst
DEF-05812,M006,2025-05-29 11:15:00,16,Reprocessed Plastics
DEF-05813,M006,2025-05-29 11:55:00,16,Industrial Oil
DEF-05814,M006,2025-05-29 12:50:00,20,Plastic Resin
DEF-05815,M006,2025-05-29 13:30:00,6,Solvent
DEF-05816,M006,2025-05-29 14:05:00,11,Coolant
DEF-05817,M006,2025-05-29 14:15:00,19,Solvent
DEF-05818,M006,2025-05-29 14:25:00,48,Textiles
DEF-05819,M006,2025-05-29 15:45:00,4,Lead-Based Alloy
DEF-05820,M006,2025-05-29 16:20:00,24,Cotton
DEF-05821,M006,2025-05-29 17:30:00,13,Plastic Resin
DEF-05822,M006,2025-05-29 19:00:00,6,Circuit Board
DEF-05823,M006,2025-05-29 19:40:00,2,Reprocessed Plastics
DEF-05824,M006,2025-05-29 20:45:00,2,Reprocessed Plastics
DEF-05825,M006,2025-05-29 20:50:00,22,Solvent
DEF-05826,M006,2025-05-29 21:30:00,18,Packaging
DEF-05827,M006,2025-05-30 00:20:00,2,Solvent
DEF-05828,M006,2025-05-30 01:50:00,40,Polypropylene
DEF-05829,M006,2025-05-30 02:35:00,42,Coolant
DEF-05830,M006,2025-05-30 03:00:00,17,Steel
DEF-05831,M006,2025-05-30 04:15:00,14,Packaging
DEF-05832,M006,2025-05-30 05:40:00,10,Lead-Based Alloy
DEF-05833,M006,2025-05-30 05:45:00,2,Catalyst
DEF-05834,M006,2025-05-30 06:45:00,3,Solvent
DEF-05835,M006,2025-05-30 08:15:00,24,Solvent
DEF-05836,M006,2025-05-30 08:30:00,0,Lead-Based Alloy
DEF-05837,M006,2025-05-30 10:25:00,8,Lead-Based Alloy
DEF-05838,M006,2025-05-30 10:50:00,16,Plastic Resin
DEF-05839,M006,2025-05-30 12:10:00,12,Aluminum
DEF-05840,M006,2025-05-30 12:25:00,4,Packaging
DEF-05841,M006,2025-05-30 12:40:00,35,Plastic Resin
DEF-05842,M006,2025-05-30 16:00:00,27,Solvent
DEF-05843,M006,2025-05-30 18:55:00,10,Plastic Resin
DEF-05844,M006,2025-05-30 19:00:00,23,Circuit Board
DEF-05845,M006,2025-05-30 19:40:00,10,Scrap Steel
DEF-05846,M006,2025-05-30 20:10:00,1,Lead-Based Alloy
DEF-05847,M006,2025-05-30 20:15:00,28,Plastic Resin
DEF-05848,M006,2025-05-30 21:20:00,5,Plastic Resin
DEF-05849,M006,2025-05-30 21:45:00,3,Circuit Board
DEF-05850,M006,2025-05-30 23:10:00,3,Lead-Based Alloy
DEF-05851,M006,2025-05-30 23:15:00,24,Aluminum
DEF-05852,M006,2025-05-31 00:15:00,39,Circuit Board
DEF-05853,M006,2025-05-31 01:00:00,26,Steel
DEF-05854,M006,2025-05-31 01:05:00,12,Cotton
DEF-05855,M006,2025-05-31 01:55:00,8,Lead-Based Alloy
DEF-05856,M006,2025-05-31 02:10:00,27,Catalyst
DEF-05857,M006,2025-05-31 02:30:00,30,Lead-Based Alloy
DEF-05858,M006,2025-05-31 02:55:00,45,Coolant
DEF-05859,M006,2025-05-31 03:20:00,36,Textiles
DEF-05860,M006,2025-05-31 03:30:00,0,Circuit Board
DEF-05861,M006,2025-05-31 03:40:00,18,Lead-Based Alloy
DEF-05862,M006,2025-05-31 04:30:00,8,Sheet Metal
DEF-05863,M006,2025-05-31 05:35:00,9,Machine Component
DEF-05864,M006,2025-05-31 05:40:00,2,Lead-Based Alloy
DEF-05865,M006,2025-05-31 05:55:00,1,Cotton
DEF-05866,M006,2025-05-31 06:00:00,5,Textiles
DEF-05867,M006,2025-05-31 06:25:00,1,Reprocessed Plastics
DEF-05868,M006,2025-05-31 06:50:00,6,Lead-Based Alloy
DEF-05869,M006,2025-05-31 07:45:00,5,Packaging
DEF-05870,M006,2025-05-31 08:45:00,10,Polypropylene
DEF-05871,M006,2025-05-31 08:55:00,5,Coolant
DEF-05872,M006,2025-05-31 09:05:00,26,Lead-Based Alloy
DEF-05873,M006,2025-05-31 09:40:00,12,Sheet Metal
DEF-05874,M006,2025-05-31 09:50:00,6,Reprocessed Plastics
DEF-05875,M006,2025-05-31 10:50:00,0,Aluminum
DEF-05876,M006,2025-05-31 12:40:00,31,Machine Component
DEF-05877,M006,2025-05-31 13:00:00,6,Reprocessed Plastics
DEF-05878,M006,2025-05-31 13:10:00,5,Machine Component
DEF-05879,M006,2025-05-31 13:30:00,8,Aluminum
DEF-05880,M006,2025-05-31 17:15:00,20,Industrial Oil
DEF-05881,M006,2025-05-31 18:25:00,7,Sheet Metal
DEF-05882,M006,2025-05-31 18:50:00,5,Machine Component
DEF-05883,M006,2025-05-31 20:30:00,2,Reprocessed Plastics
DEF-05884,M006,2025-05-31 20:35:00,3,Circuit Board
DEF-05885,M006,2025-05-31 21:35:00,7,Packaging
DEF-05886,M006,2025-05-31 21:50:00,16,Aluminum
DEF-05887,M006,2025-05-31 22:35:00,3,Coolant
DEF-05888,M006,2025-05-31 23:05:00,4,Solvent
DEF-05889,M006,2025-05-31 23:55:00,1,Reprocessed Plastics
DEF-05890,M006,2025-06-01 00:00:00,5,Machine Component
DEF-05891,M006,2025-06-01 00:05:00,23,Reprocessed Plastics
DEF-05892,M006,2025-06-01 00:10:00,15,Industrial Oil
DEF-05893,M006,2025-06-01 00:15:00,13,Plastic Resin
DEF-05894,M006,2025-06-01 02:40:00,1,Coolant
DEF-05895,M006,2025-06-01 03:05:00,3,Packaging
DEF-05896,M006,2025-06-01 03:35:00,7,Machine Component
DEF-05897,M006,2025-06-01 04:10:00,0,Circuit Board
DEF-05898,M006,2025-06-01 05:20:00,6,Reprocessed Plastics
DEF-05899,M006,2025-06-01 05:40:00,12,Sheet Metal
DEF-05900,M006,2025-06-01 05:50:00,2,Reprocessed Plastics
DEF-05901,M006,2025-06-01 06:20:00,10,Packaging
DEF-05902,M006,2025-06-01 06:45:00,28,Industrial Oil
DEF-05903,M006,2025-06-01 09:20:00,6,Industrial Oil
DEF-05904,M006,2025-06-01 10:15:00,10,Packaging
DEF-05905,M006,2025-06-01 10:30:00,6,Circuit Board
DEF-05906,M006,2025-06-01 10:35:00,12,Machine Component
DEF-05907,M006,2025-06-01 11:35:00,23,Machine Component
DEF-05908,M006,2025-06-01 11:55:00,29,Packaging
DEF-05909,M006,2025-06-01 14:30:00,31,Scrap Steel
DEF-05910,M006,2025-06-01 14:40:00,23,Textiles
DEF-05911,M006,2025-06-01 16:40:00,2,Lead-Based Alloy
DEF-05912,M006,2025-06-01 16:55:00,25,Packaging
DEF-05913,M006,2025-06-01 18:30:00,24,Polypropylene
DEF-05914,M006,2025-06-01 18:45:00,2,Circuit Board
DEF-05915,M006,2025-06-01 19:15:00,7,Cotton
DEF-05916,M006,2025-06-01 19:20:00,6,Scrap Steel
DEF-05917,M006,2025-06-01 19:50:00,31,Lead-Based Alloy
DEF-05918,M006,2025-06-01 20:15:00,2,Coolant
DEF-05919,M006,2025-06-01 21:55:00,17,Packaging
DEF-05920,M006,2025-06-02 00:05:00,4,Catalyst
DEF-05921,M006,2025-06-02 03:30:00,18,Textiles
DEF-05922,M006,2025-06-02 05:20:00,4,Coolant
DEF-05923,M006,2025-06-02 06:10:00,30,Lead-Based Alloy
DEF-05924,M006,2025-06-02 06:20:00,14,Polypropylene
DEF-05925,M006,2025-06-02 07:10:00,4,Scrap Steel
DEF-05926,M006,2025-06-02 07:55:00,25,Circuit Board
DEF-05927,M006,2025-06-02 08:25:00,6,Machine Component
DEF-05928,M006,2025-06-02 10:10:00,3,Aluminum
DEF-05929,M006,2025-06-02 12:00:00,5,Packaging
DEF-05930,M006,2025-06-02 12:25:00,8,Scrap Steel
DEF-05931,M006,2025-06-02 14:15:00,2,Plastic Resin
DEF-05932,M006,2025-06-02 15:00:00,20,Catalyst
DEF-05933,M006,2025-06-02 15:25:00,24,Coolant
DEF-05934,M006,2025-06-02 17:00:00,13,Steel
DEF-05935,M006,2025-06-02 19:05:00,9,Cotton
DEF-05936,M006,2025-06-02 19:25:00,5,Reprocessed Plastics
DEF-05937,M006,2025-06-02 21:20:00,31,Scrap Steel
DEF-05938,M006,2025-06-02 23:00:00,8,Industrial Oil
DEF-05939,M006,2025-06-03 00:25:00,5,Lead-Based Alloy
DEF-05940,M006,2025-06-03 03:50:00,15,Polypropylene
DEF-05941,M006,2025-06-03 04:00:00,11,Scrap Steel
DEF-05942,M006,2025-06-03 04:05:00,38,Reprocessed Plastics
DEF-05943,M006,2025-06-03 04:55:00,15,Plastic Resin
DEF-05944,M006,2025-06-03 05:35:00,14,Packaging
DEF-05945,M006,2025-06-03 08:25:00,33,Circuit Board
DEF-05946,M006,2025-06-03 09:45:00,8,Lead-Based Alloy
DEF-05947,M006,2025-06-03 09:50:00,20,Sheet Metal
DEF-05948,M006,2025-06-03 09:55:00,3,Solvent
DEF-05949,M006,2025-06-03 10:10:00,23,Circuit Board
DEF-05950,M006,2025-06-03 11:10:00,5,Cotton
DEF-05951,M006,2025-06-03 12:05:00,2,Cotton
DEF-05952,M006,2025-06-03 12:45:00,35,Aluminum
DEF-05953,M006,2025-06-03 13:10:00,4,Plastic Resin
DEF-05954,M006,2025-06-03 14:45:00,12,Packaging
DEF-05955,M006,2025-06-03 16:55:00,7,Reprocessed Plastics
DEF-05956,M006,2025-06-03 17:55:00,2,Textiles
DEF-05957,M006,2025-06-03 18:10:00,1,Aluminum
DEF-05958,M006,2025-06-03 18:30:00,18,Lead-Based Alloy
DEF-05959,M006,2025-06-03 20:25:00,12,Scrap Steel
DEF-05960,M006,2025-06-03 21:10:00,26,Cotton
DEF-05961,M006,2025-06-03 23:10:00,14,Solvent
DEF-05962,M006,2025-06-03 23:20:00,23,Sheet Metal
DEF-05963,M006,2025-06-03 23:30:00,6,Coolant
DEF-05964,M006,2025-06-04 00:25:00,16,Solvent
DEF-05965,M006,2025-06-04 01:50:00,12,Steel
DEF-05966,M006,2025-06-04 02:20:00,7,Lead-Based Alloy
DEF-05967,M006,2025-06-04 02:55:00,8,Reprocessed Plastics
DEF-05968,M006,2025-06-04 03:40:00,21,Packaging
DEF-05969,M006,2025-06-04 05:50:00,9,Plastic Resin
DEF-05970,M006,2025-06-04 05:55:00,0,Circuit Board
DEF-05971,M006,2025-06-04 07:20:00,13,Coolant
DEF-05972,M006,2025-06-04 08:40:00,32,Scrap Steel
DEF-05973,M006,2025-06-04 09:05:00,15,Coolant
DEF-05974,M006,2025-06-04 09:40:00,7,Packaging
DEF-05975,M006,2025-06-04 11:25:00,16,Scrap Steel
DEF-05976,M006,2025-06-04 11:55:00,20,Reprocessed Plastics
DEF-05977,M006,2025-06-04 14:10:00,14,Lead-Based Alloy
DEF-05978,M006,2025-06-04 14:15:00,6,Coolant
DEF-05979,M006,2025-06-04 15:20:00,0,Solvent
DEF-05980,M006,2025-06-04 15:55:00,2,Lead-Based Alloy
DEF-05981,M006,2025-06-04 17:05:00,42,Aluminum
DEF-05982,M006,2025-06-04 18:05:00,9,Textiles
DEF-05983,M006,2025-06-04 18:15:00,9,Reprocessed Plastics
DEF-05984,M006,2025-06-04 18:30:00,28,Sheet Metal
DEF-05985,M006,2025-06-04 19:50:00,22,Reprocessed Plastics
DEF-05986,M006,2025-06-04 20:10:00,1,Catalyst
DEF-05987,M006,2025-06-04 20:35:00,15,Polypropylene
DEF-05988,M006,2025-06-04 21:15:00,3,Catalyst
DEF-05989,M006,2025-06-04 21:35:00,2,Reprocessed Plastics
DEF-05990,M006,2025-06-04 23:25:00,35,Machine Component
DEF-05991,M006,2025-06-05 00:55:00,9,Lead-Based Alloy
DEF-05992,M007,2025-05-01 09:20:00,4,Reprocessed Plastics
DEF-05993,M007,2025-05-01 09:30:00,11,Plastic Resin
DEF-05994,M007,2025-05-01 12:00:00,37,Industrial Oil
DEF-05995,M007,2025-05-01 12:25:00,13,Lead-Based Alloy
DEF-05996,M007,2025-05-01 13:35:00,8,Solvent
DEF-05997,M007,2025-05-01 13:55:00,37,Reprocessed Plastics
DEF-05998,M007,2025-05-01 15:00:00,5,Plastic Resin
DEF-05999,M007,2025-05-01 15:35:00,7,Scrap Steel
DEF-06000,M007,2025-05-01 15:50:00,20,Scrap Steel
DEF-06001,M007,2025-05-01 15:55:00,29,Textiles
DEF-06002,M007,2025-05-01 16:30:00,16,Circuit Board
DEF-06003,M007,2025-05-01 17:25:00,4,Catalyst
DEF-06004,M007,2025-05-01 19:00:00,18,Reprocessed Plastics
DEF-06005,M007,2025-05-01 19:20:00,6,Reprocessed Plastics
DEF-06006,M007,2025-05-01 19:25:00,18,Polypropylene
DEF-06007,M007,2025-05-01 20:30:00,12,Scrap Steel
DEF-06008,M007,2025-05-01 20:35:00,42,Industrial Oil
DEF-06009,M007,2025-05-01 21:00:00,13,Sheet Metal
DEF-06010,M007,2025-05-01 21:15:00,10,Solvent
DEF-06011,M007,2025-05-01 21:35:00,4,Aluminum
DEF-06012,M007,2025-05-01 22:40:00,3,Scrap Steel
DEF-06013,M007,2025-05-01 22:50:00,8,Solvent
DEF-06014,M007,2025-05-01 23:20:00,2,Circuit Board
DEF-06015,M007,2025-05-02 01:55:00,13,Textiles
DEF-06016,M007,2025-05-02 02:20:00,30,Sheet Metal
DEF-06017,M007,2025-05-02 02:40:00,28,Solvent
DEF-06018,M007,2025-05-02 03:00:00,3,Cotton
DEF-06019,M007,2025-05-02 04:20:00,24,Industrial Oil
DEF-06020,M007,2025-05-02 04:35:00,37,Textiles
DEF-06021,M007,2025-05-02 04:45:00,1,Catalyst
DEF-06022,M007,2025-05-02 05:45:00,4,Lead-Based Alloy
DEF-06023,M007,2025-05-02 07:35:00,17,Solvent
DEF-06024,M007,2025-05-02 07:45:00,25,Solvent
DEF-06025,M007,2025-05-02 08:00:00,4,Textiles
DEF-06026,M007,2025-05-02 10:50:00,9,Coolant
DEF-06027,M007,2025-05-02 11:40:00,25,Solvent
DEF-06028,M007,2025-05-02 12:35:00,31,Aluminum
DEF-06029,M007,2025-05-02 14:15:00,14,Sheet Metal
DEF-06030,M007,2025-05-02 14:25:00,11,Scrap Steel
DEF-06031,M007,2025-05-02 15:25:00,27,Coolant
DEF-06032,M007,2025-05-02 15:50:00,14,Cotton
DEF-06033,M007,2025-05-02 15:55:00,25,Lead-Based Alloy
DEF-06034,M007,2025-05-02 16:10:00,22,Steel
DEF-06035,M007,2025-05-02 16:25:00,7,Steel
DEF-06036,M007,2025-05-02 16:50:00,1,Circuit Board
DEF-06037,M007,2025-05-02 18:20:00,13,Textiles
DEF-06038,M007,2025-05-02 20:05:00,12,Coolant
DEF-06039,M007,2025-05-02 20:30:00,3,Catalyst
DEF-06040,M007,2025-05-02 20:40:00,11,Solvent
DEF-06041,M007,2025-05-02 20:45:00,29,Aluminum
DEF-06042,M007,2025-05-02 21:40:00,6,Plastic Resin
DEF-06043,M007,2025-05-02 22:35:00,20,Circuit Board
DEF-06044,M007,2025-05-02 22:40:00,1,Packaging
DEF-06045,M007,2025-05-02 22:50:00,10,Polypropylene
DEF-06046,M007,2025-05-03 01:55:00,1,Circuit Board
DEF-06047,M007,2025-05-03 03:05:00,14,Solvent
DEF-06048,M007,2025-05-03 03:50:00,3,Machine Component
DEF-06049,M007,2025-05-03 04:10:00,18,Circuit Board
DEF-06050,M007,2025-05-03 05:10:00,9,Reprocessed Plastics
DEF-06051,M007,2025-05-03 05:45:00,2,Solvent
DEF-06052,M007,2025-05-03 06:10:00,5,Steel
DEF-06053,M007,2025-05-03 07:50:00,17,Reprocessed Plastics
DEF-06054,M007,2025-05-03 08:00:00,9,Solvent
DEF-06055,M007,2025-05-03 08:25:00,4,Textiles
DEF-06056,M007,2025-05-03 08:40:00,8,Scrap Steel
DEF-06057,M007,2025-05-03 08:50:00,23,Steel
DEF-06058,M007,2025-05-03 10:15:00,42,Packaging
DEF-06059,M007,2025-05-03 11:25:00,11,Solvent
DEF-06060,M007,2025-05-03 12:40:00,35,Solvent
DEF-06061,M007,2025-05-03 12:55:00,30,Packaging
DEF-06062,M007,2025-05-03 14:30:00,4,Machine Component
DEF-06063,M007,2025-05-03 14:55:00,2,Aluminum
DEF-06064,M007,2025-05-03 15:05:00,13,Lead-Based Alloy
DEF-06065,M007,2025-05-03 15:15:00,9,Lead-Based Alloy
DEF-06066,M007,2025-05-03 15:45:00,14,Solvent
DEF-06067,M007,2025-05-03 15:55:00,4,Plastic Resin
DEF-06068,M007,2025-05-03 16:15:00,19,Solvent
DEF-06069,M007,2025-05-03 16:20:00,8,Solvent
DEF-06070,M007,2025-05-03 17:10:00,8,Lead-Based Alloy
DEF-06071,M007,2025-05-03 18:35:00,3,Lead-Based Alloy
DEF-06072,M007,2025-05-03 18:45:00,19,Plastic Resin
DEF-06073,M007,2025-05-03 20:25:00,13,Solvent
DEF-06074,M007,2025-05-03 20:55:00,29,Circuit Board
DEF-06075,M007,2025-05-03 21:30:00,15,Cotton
DEF-06076,M007,2025-05-03 23:10:00,1,Machine Component
DEF-06077,M007,2025-05-03 23:40:00,18,Circuit Board
DEF-06078,M007,2025-05-03 23:45:00,10,Aluminum
DEF-06079,M007,2025-05-04 00:45:00,5,Polypropylene
DEF-06080,M007,2025-05-04 01:05:00,6,Solvent
DEF-06081,M007,2025-05-04 01:20:00,5,Reprocessed Plastics
DEF-06082,M007,2025-05-04 02:10:00,19,Lead-Based Alloy
DEF-06083,M007,2025-05-04 02:40:00,26,Lead-Based Alloy
DEF-06084,M007,2025-05-04 03:05:00,12,Reprocessed Plastics
DEF-06085,M007,2025-05-04 03:25:00,43,Reprocessed Plastics
DEF-06086,M007,2025-05-04 04:25:00,13,Packaging
DEF-06087,M007,2025-05-04 05:10:00,28,Sheet Metal
DEF-06088,M007,2025-05-04 07:45:00,28,Scrap Steel
DEF-06089,M007,2025-05-04 08:20:00,14,Circuit Board
DEF-06090,M007,2025-05-04 09:40:00,21,Reprocessed Plastics
DEF-06091,M007,2025-05-04 11:00:00,25,Scrap Steel
DEF-06092,M007,2025-05-04 11:15:00,21,Reprocessed Plastics
DEF-06093,M007,2025-05-04 11:25:00,3,Solvent
DEF-06094,M007,2025-05-04 12:20:00,11,Textiles
DEF-06095,M007,2025-05-04 12:50:00,2,Steel
DEF-06096,M007,2025-05-04 13:50:00,4,Industrial Oil
DEF-06097,M007,2025-05-04 14:15:00,10,Machine Component
DEF-06098,M007,2025-05-04 14:45:00,1,Coolant
DEF-06099,M007,2025-05-04 16:15:00,9,Catalyst
DEF-06100,M007,2025-05-04 21:45:00,15,Aluminum
DEF-06101,M007,2025-05-04 23:10:00,1,Solvent
DEF-06102,M007,2025-05-05 00:55:00,8,Sheet Metal
DEF-06103,M007,2025-05-05 01:05:00,11,Scrap Steel
DEF-06104,M007,2025-05-05 01:25:00,5,Coolant
DEF-06105,M007,2025-05-05 05:45:00,30,Packaging
DEF-06106,M007,2025-05-05 06:55:00,45,Packaging
DEF-06107,M007,2025-05-05 08:35:00,19,Scrap Steel
DEF-06108,M007,2025-05-05 08:40:00,18,Plastic Resin
DEF-06109,M007,2025-05-05 09:25:00,7,Scrap Steel
DEF-06110,M007,2025-05-05 09:55:00,5,Steel
DEF-06111,M007,2025-05-05 11:20:00,1,Coolant
DEF-06112,M007,2025-05-05 11:50:00,29,Solvent
DEF-06113,M007,2025-05-05 12:00:00,1,Catalyst
DEF-06114,M007,2025-05-05 12:30:00,40,Solvent
DEF-06115,M007,2025-05-05 13:35:00,2,Solvent
DEF-06116,M007,2025-05-05 13:50:00,7,Polypropylene
DEF-06117,M007,2025-05-05 14:05:00,20,Catalyst
DEF-06118,M007,2025-05-05 14:15:00,30,Scrap Steel
DEF-06119,M007,2025-05-05 16:25:00,12,Plastic Resin
DEF-06120,M007,2025-05-05 17:10:00,11,Scrap Steel
DEF-06121,M007,2025-05-05 17:25:00,3,Plastic Resin
DEF-06122,M007,2025-05-05 17:50:00,18,Plastic Resin
DEF-06123,M007,2025-05-05 18:15:00,33,Sheet Metal
DEF-06124,M007,2025-05-05 20:25:00,39,Packaging
DEF-06125,M007,2025-05-05 21:00:00,14,Machine Component
DEF-06126,M007,2025-05-05 22:00:00,4,Reprocessed Plastics
DEF-06127,M007,2025-05-05 22:40:00,37,Solvent
DEF-06128,M007,2025-05-05 23:00:00,7,Sheet Metal
DEF-06129,M007,2025-05-06 00:45:00,22,Packaging
DEF-06130,M007,2025-05-06 01:05:00,6,Coolant
DEF-06131,M007,2025-05-06 01:45:00,35,Polypropylene
DEF-06132,M007,2025-05-06 01:50:00,40,Aluminum
DEF-06133,M007,2025-05-06 06:15:00,1,Solvent
DEF-06134,M007,2025-05-06 06:50:00,14,Aluminum
DEF-06135,M007,2025-05-06 07:55:00,3,Lead-Based Alloy
DEF-06136,M007,2025-05-06 08:10:00,7,Solvent
DEF-06137,M007,2025-05-06 09:30:00,1,Scrap Steel
DEF-06138,M007,2025-05-06 09:55:00,10,Sheet Metal
DEF-06139,M007,2025-05-06 10:45:00,7,Solvent
DEF-06140,M007,2025-05-06 11:10:00,1,Sheet Metal
DEF-06141,M007,2025-05-06 11:25:00,22,Sheet Metal
DEF-06142,M007,2025-05-06 11:40:00,17,Machine Component
DEF-06143,M007,2025-05-06 11:50:00,42,Lead-Based Alloy
DEF-06144,M007,2025-05-06 13:00:00,7,Sheet Metal
DEF-06145,M007,2025-05-06 14:35:00,26,Catalyst
DEF-06146,M007,2025-05-06 15:50:00,16,Polypropylene
DEF-06147,M007,2025-05-06 16:10:00,7,Cotton
DEF-06148,M007,2025-05-06 16:45:00,8,Catalyst
DEF-06149,M007,2025-05-06 17:05:00,4,Catalyst
DEF-06150,M007,2025-05-06 17:50:00,4,Scrap Steel
DEF-06151,M007,2025-05-06 18:45:00,3,Steel
DEF-06152,M007,2025-05-06 18:50:00,2,Machine Component
DEF-06153,M007,2025-05-06 19:20:00,3,Catalyst
DEF-06154,M007,2025-05-06 20:05:00,20,Sheet Metal
DEF-06155,M007,2025-05-06 20:30:00,10,Plastic Resin
DEF-06156,M007,2025-05-06 21:50:00,16,Industrial Oil
DEF-06157,M007,2025-05-06 22:45:00,12,Reprocessed Plastics
DEF-06158,M007,2025-05-07 01:00:00,8,Scrap Steel
DEF-06159,M007,2025-05-07 01:20:00,36,Steel
DEF-06160,M007,2025-05-07 02:55:00,3,Packaging
DEF-06161,M007,2025-05-07 03:00:00,1,Circuit Board
DEF-06162,M007,2025-05-07 06:30:00,8,Textiles
DEF-06163,M007,2025-05-07 06:35:00,13,Packaging
DEF-06164,M007,2025-05-07 08:55:00,2,Solvent
DEF-06165,M007,2025-05-07 09:15:00,20,Polypropylene
DEF-06166,M007,2025-05-07 09:20:00,14,Reprocessed Plastics
DEF-06167,M007,2025-05-07 09:35:00,2,Polypropylene
DEF-06168,M007,2025-05-07 09:45:00,8,Circuit Board
DEF-06169,M007,2025-05-07 10:05:00,16,Machine Component
DEF-06170,M007,2025-05-07 10:20:00,3,Lead-Based Alloy
DEF-06171,M007,2025-05-07 11:00:00,22,Polypropylene
DEF-06172,M007,2025-05-07 11:20:00,27,Scrap Steel
DEF-06173,M007,2025-05-07 11:25:00,39,Polypropylene
DEF-06174,M007,2025-05-07 12:05:00,10,Solvent
DEF-06175,M007,2025-05-07 16:15:00,29,Solvent
DEF-06176,M007,2025-05-07 16:35:00,1,Plastic Resin
DEF-06177,M007,2025-05-07 16:40:00,5,Sheet Metal
DEF-06178,M007,2025-05-07 17:35:00,6,Sheet Metal
DEF-06179,M007,2025-05-07 18:15:00,0,Textiles
DEF-06180,M007,2025-05-07 18:20:00,44,Circuit Board
DEF-06181,M007,2025-05-07 18:45:00,6,Coolant
DEF-06182,M007,2025-05-07 19:00:00,6,Polypropylene
DEF-06183,M007,2025-05-07 19:15:00,10,Solvent
DEF-06184,M007,2025-05-07 19:40:00,18,Scrap Steel
DEF-06185,M007,2025-05-07 19:55:00,17,Lead-Based Alloy
DEF-06186,M007,2025-05-07 20:20:00,25,Solvent
DEF-06187,M007,2025-05-07 20:30:00,20,Circuit Board
DEF-06188,M007,2025-05-07 22:55:00,14,Machine Component
DEF-06189,M007,2025-05-07 23:20:00,41,Machine Component
DEF-06190,M007,2025-05-07 23:45:00,18,Reprocessed Plastics
DEF-06191,M007,2025-05-08 00:10:00,3,Sheet Metal
DEF-06192,M007,2025-05-08 01:10:00,18,Cotton
DEF-06193,M007,2025-05-08 01:45:00,6,Cotton
DEF-06194,M007,2025-05-08 02:10:00,4,Polypropylene
DEF-06195,M007,2025-05-08 03:45:00,4,Industrial Oil
DEF-06196,M007,2025-05-08 04:15:00,6,Lead-Based Alloy
DEF-06197,M007,2025-05-08 05:30:00,22,Lead-Based Alloy
DEF-06198,M007,2025-05-08 05:50:00,7,Machine Component
DEF-06199,M007,2025-05-08 07:45:00,37,Machine Component
DEF-06200,M007,2025-05-08 07:50:00,12,Coolant
DEF-06201,M007,2025-05-08 08:40:00,0,Textiles
DEF-06202,M007,2025-05-08 11:00:00,11,Textiles
DEF-06203,M007,2025-05-08 11:20:00,11,Reprocessed Plastics
DEF-06204,M007,2025-05-08 11:25:00,5,Cotton
DEF-06205,M007,2025-05-08 13:00:00,10,Packaging
DEF-06206,M007,2025-05-08 13:10:00,7,Reprocessed Plastics
DEF-06207,M007,2025-05-08 14:30:00,17,Reprocessed Plastics
DEF-06208,M007,2025-05-08 15:25:00,7,Reprocessed Plastics
DEF-06209,M007,2025-05-08 16:05:00,11,Catalyst
DEF-06210,M007,2025-05-08 17:10:00,31,Scrap Steel
DEF-06211,M007,2025-05-08 17:15:00,2,Industrial Oil
DEF-06212,M007,2025-05-08 18:50:00,1,Circuit Board
DEF-06213,M007,2025-05-08 18:55:00,6,Polypropylene
DEF-06214,M007,2025-05-08 19:00:00,10,Lead-Based Alloy
DEF-06215,M007,2025-05-08 20:05:00,4,Lead-Based Alloy
DEF-06216,M007,2025-05-08 20:55:00,10,Lead-Based Alloy
DEF-06217,M007,2025-05-08 21:40:00,5,Steel
DEF-06218,M007,2025-05-08 22:40:00,1,Cotton
DEF-06219,M007,2025-05-08 22:55:00,43,Textiles
DEF-06220,M007,2025-05-09 00:10:00,15,Lead-Based Alloy
DEF-06221,M007,2025-05-09 01:05:00,9,Steel
DEF-06222,M007,2025-05-09 01:10:00,6,Polypropylene
DEF-06223,M007,2025-05-09 01:25:00,5,Lead-Based Alloy
DEF-06224,M007,2025-05-09 01:40:00,11,Aluminum
DEF-06225,M007,2025-05-09 02:10:00,22,Packaging
DEF-06226,M007,2025-05-09 02:55:00,11,Reprocessed Plastics
DEF-06227,M007,2025-05-09 03:45:00,6,Textiles
DEF-06228,M007,2025-05-09 04:10:00,14,Solvent
DEF-06229,M007,2025-05-09 04:40:00,6,Machine Component
DEF-06230,M007,2025-05-09 05:50:00,36,Solvent
DEF-06231,M007,2025-05-09 06:25:00,3,Aluminum
DEF-06232,M007,2025-05-09 07:15:00,2,Sheet Metal
DEF-06233,M007,2025-05-09 08:10:00,18,Solvent
DEF-06234,M007,2025-05-09 08:25:00,5,Lead-Based Alloy
DEF-06235,M007,2025-05-09 09:40:00,19,Polypropylene
DEF-06236,M007,2025-05-09 12:05:00,3,Scrap Steel
DEF-06237,M007,2025-05-09 12:25:00,1,Circuit Board
DEF-06238,M007,2025-05-09 12:40:00,14,Industrial Oil
DEF-06239,M007,2025-05-09 12:50:00,8,Polypropylene
DEF-06240,M007,2025-05-09 13:30:00,30,Lead-Based Alloy
DEF-06241,M007,2025-05-09 14:30:00,6,Reprocessed Plastics
DEF-06242,M007,2025-05-09 19:05:00,2,Circuit Board
DEF-06243,M007,2025-05-09 19:35:00,16,Industrial Oil
DEF-06244,M007,2025-05-09 19:45:00,31,Industrial Oil
DEF-06245,M007,2025-05-09 20:00:00,17,Plastic Resin
DEF-06246,M007,2025-05-09 21:30:00,3,Aluminum
DEF-06247,M007,2025-05-09 22:30:00,31,Lead-Based Alloy
DEF-06248,M007,2025-05-09 22:35:00,13,Lead-Based Alloy
DEF-06249,M007,2025-05-09 23:15:00,26,Solvent
DEF-06250,M007,2025-05-10 00:15:00,10,Solvent
DEF-06251,M007,2025-05-10 00:50:00,29,Lead-Based Alloy
DEF-06252,M007,2025-05-10 01:20:00,27,Circuit Board
DEF-06253,M007,2025-05-10 02:35:00,24,Textiles
DEF-06254,M007,2025-05-10 03:20:00,42,Lead-Based Alloy
DEF-06255,M007,2025-05-10 05:20:00,8,Coolant
DEF-06256,M007,2025-05-10 05:25:00,23,Solvent
DEF-06257,M007,2025-05-10 06:25:00,21,Polypropylene
DEF-06258,M007,2025-05-10 08:10:00,3,Textiles
DEF-06259,M007,2025-05-10 10:20:00,1,Scrap Steel
DEF-06260,M007,2025-05-10 10:25:00,1,Scrap Steel
DEF-06261,M007,2025-05-10 10:40:00,34,Reprocessed Plastics
DEF-06262,M007,2025-05-10 12:20:00,42,Lead-Based Alloy
DEF-06263,M007,2025-05-10 13:05:00,11,Plastic Resin
DEF-06264,M007,2025-05-10 13:55:00,3,Reprocessed Plastics
DEF-06265,M007,2025-05-10 14:25:00,30,Aluminum
DEF-06266,M007,2025-05-10 15:20:00,4,Solvent
DEF-06267,M007,2025-05-10 15:40:00,39,Industrial Oil
DEF-06268,M007,2025-05-10 15:45:00,19,Plastic Resin
DEF-06269,M007,2025-05-10 15:55:00,4,Polypropylene
DEF-06270,M007,2025-05-10 17:10:00,27,Scrap Steel
DEF-06271,M007,2025-05-10 18:50:00,3,Reprocessed Plastics
DEF-06272,M007,2025-05-10 20:25:00,1,Sheet Metal
DEF-06273,M007,2025-05-10 21:25:00,19,Sheet Metal
DEF-06274,M007,2025-05-10 21:30:00,13,Machine Component
DEF-06275,M007,2025-05-10 22:00:00,22,Steel
DEF-06276,M007,2025-05-10 22:45:00,7,Reprocessed Plastics
DEF-06277,M007,2025-05-10 23:05:00,23,Lead-Based Alloy
DEF-06278,M007,2025-05-11 00:00:00,10,Industrial Oil
DEF-06279,M007,2025-05-11 01:55:00,14,Lead-Based Alloy
DEF-06280,M007,2025-05-11 02:00:00,16,Scrap Steel
DEF-06281,M007,2025-05-11 02:10:00,2,Machine Component
DEF-06282,M007,2025-05-11 05:00:00,13,Scrap Steel
DEF-06283,M007,2025-05-11 07:40:00,9,Sheet Metal
DEF-06284,M007,2025-05-11 08:05:00,21,Circuit Board
DEF-06285,M007,2025-05-11 08:50:00,21,Packaging
DEF-06286,M007,2025-05-11 09:25:00,0,Coolant
DEF-06287,M007,2025-05-11 09:35:00,12,Polypropylene
DEF-06288,M007,2025-05-11 12:55:00,9,Textiles
DEF-06289,M007,2025-05-11 14:00:00,26,Industrial Oil
DEF-06290,M007,2025-05-11 14:55:00,16,Plastic Resin
DEF-06291,M007,2025-05-11 15:15:00,45,Plastic Resin
DEF-06292,M007,2025-05-11 16:05:00,38,Coolant
DEF-06293,M007,2025-05-11 16:15:00,6,Aluminum
DEF-06294,M007,2025-05-11 16:35:00,13,Aluminum
DEF-06295,M007,2025-05-11 16:50:00,3,Textiles
DEF-06296,M007,2025-05-11 17:05:00,12,Lead-Based Alloy
DEF-06297,M007,2025-05-11 17:30:00,40,Reprocessed Plastics
DEF-06298,M007,2025-05-11 17:55:00,15,Plastic Resin
DEF-06299,M007,2025-05-11 20:15:00,6,Scrap Steel
DEF-06300,M007,2025-05-11 21:45:00,20,Machine Component
DEF-06301,M007,2025-05-11 22:10:00,6,Solvent
DEF-06302,M007,2025-05-11 22:45:00,11,Plastic Resin
DEF-06303,M007,2025-05-11 23:05:00,0,Scrap Steel
DEF-06304,M007,2025-05-12 00:00:00,1,Textiles
DEF-06305,M007,2025-05-12 00:50:00,0,Catalyst
DEF-06306,M007,2025-05-12 01:05:00,26,Catalyst
DEF-06307,M007,2025-05-12 01:35:00,27,Machine Component
DEF-06308,M007,2025-05-12 02:10:00,10,Industrial Oil
DEF-06309,M007,2025-05-12 03:55:00,43,Cotton
DEF-06310,M007,2025-05-12 04:10:00,8,Catalyst
DEF-06311,M007,2025-05-12 06:10:00,3,Steel
DEF-06312,M007,2025-05-12 06:35:00,16,Polypropylene
DEF-06313,M007,2025-05-12 06:40:00,22,Scrap Steel
DEF-06314,M007,2025-05-12 06:45:00,2,Lead-Based Alloy
DEF-06315,M007,2025-05-12 06:55:00,10,Polypropylene
DEF-06316,M007,2025-05-12 07:25:00,19,Steel
DEF-06317,M007,2025-05-12 07:35:00,1,Industrial Oil
DEF-06318,M007,2025-05-12 08:00:00,30,Catalyst
DEF-06319,M007,2025-05-12 08:25:00,40,Lead-Based Alloy
DEF-06320,M007,2025-05-12 10:25:00,6,Lead-Based Alloy
DEF-06321,M007,2025-05-12 11:35:00,7,Solvent
DEF-06322,M007,2025-05-12 15:05:00,13,Cotton
DEF-06323,M007,2025-05-12 15:20:00,32,Sheet Metal
DEF-06324,M007,2025-05-12 15:25:00,28,Solvent
DEF-06325,M007,2025-05-12 15:35:00,20,Polypropylene
DEF-06326,M007,2025-05-12 15:45:00,1,Machine Component
DEF-06327,M007,2025-05-12 15:50:00,6,Catalyst
DEF-06328,M007,2025-05-12 17:50:00,13,Lead-Based Alloy
DEF-06329,M007,2025-05-12 19:00:00,31,Circuit Board
DEF-06330,M007,2025-05-12 19:15:00,16,Polypropylene
DEF-06331,M007,2025-05-12 20:25:00,14,Reprocessed Plastics
DEF-06332,M007,2025-05-12 21:20:00,1,Lead-Based Alloy
DEF-06333,M007,2025-05-12 21:40:00,3,Lead-Based Alloy
DEF-06334,M007,2025-05-12 21:45:00,1,Coolant
DEF-06335,M007,2025-05-12 21:55:00,15,Plastic Resin
DEF-06336,M007,2025-05-13 00:05:00,7,Sheet Metal
DEF-06337,M007,2025-05-13 02:45:00,9,Aluminum
DEF-06338,M007,2025-05-13 02:50:00,24,Cotton
DEF-06339,M007,2025-05-13 02:55:00,0,Industrial Oil
DEF-06340,M007,2025-05-13 03:05:00,15,Circuit Board
DEF-06341,M007,2025-05-13 03:15:00,9,Industrial Oil
DEF-06342,M007,2025-05-13 03:35:00,17,Cotton
DEF-06343,M007,2025-05-13 04:45:00,3,Plastic Resin
DEF-06344,M007,2025-05-13 05:20:00,11,Scrap Steel
DEF-06345,M007,2025-05-13 05:45:00,1,Polypropylene
DEF-06346,M007,2025-05-13 07:00:00,11,Machine Component
DEF-06347,M007,2025-05-13 07:30:00,14,Lead-Based Alloy
DEF-06348,M007,2025-05-13 07:50:00,0,Aluminum
DEF-06349,M007,2025-05-13 09:35:00,5,Solvent
DEF-06350,M007,2025-05-13 09:40:00,1,Polypropylene
DEF-06351,M007,2025-05-13 10:00:00,14,Textiles
DEF-06352,M007,2025-05-13 10:20:00,6,Industrial Oil
DEF-06353,M007,2025-05-13 10:50:00,4,Scrap Steel
DEF-06354,M007,2025-05-13 13:00:00,4,Scrap Steel
DEF-06355,M007,2025-05-13 13:15:00,12,Steel
DEF-06356,M007,2025-05-13 13:25:00,39,Polypropylene
DEF-06357,M007,2025-05-13 13:55:00,25,Plastic Resin
DEF-06358,M007,2025-05-13 15:20:00,20,Aluminum
DEF-06359,M007,2025-05-13 16:45:00,4,Coolant
DEF-06360,M007,2025-05-13 17:45:00,10,Packaging
DEF-06361,M007,2025-05-13 18:10:00,14,Reprocessed Plastics
DEF-06362,M007,2025-05-13 19:40:00,32,Coolant
DEF-06363,M007,2025-05-13 21:25:00,3,Machine Component
DEF-06364,M007,2025-05-13 22:25:00,28,Polypropylene
DEF-06365,M007,2025-05-13 22:55:00,11,Sheet Metal
DEF-06366,M007,2025-05-14 00:05:00,8,Scrap Steel
DEF-06367,M007,2025-05-14 00:25:00,16,Lead-Based Alloy
DEF-06368,M007,2025-05-14 01:05:00,24,Lead-Based Alloy
DEF-06369,M007,2025-05-14 01:25:00,4,Machine Component
DEF-06370,M007,2025-05-14 02:55:00,11,Reprocessed Plastics
DEF-06371,M007,2025-05-14 03:15:00,27,Lead-Based Alloy
DEF-06372,M007,2025-05-14 03:45:00,7,Solvent
DEF-06373,M007,2025-05-14 06:20:00,33,Scrap Steel
DEF-06374,M007,2025-05-14 07:05:00,17,Textiles
DEF-06375,M007,2025-05-14 07:20:00,6,Textiles
DEF-06376,M007,2025-05-14 07:50:00,0,Cotton
DEF-06377,M007,2025-05-14 08:45:00,1,Aluminum
DEF-06378,M007,2025-05-14 09:15:00,26,Polypropylene
DEF-06379,M007,2025-05-14 10:20:00,0,Textiles
DEF-06380,M007,2025-05-14 11:35:00,22,Plastic Resin
DEF-06381,M007,2025-05-14 13:45:00,12,Aluminum
DEF-06382,M007,2025-05-14 15:50:00,25,Packaging
DEF-06383,M007,2025-05-14 16:10:00,18,Machine Component
DEF-06384,M007,2025-05-14 16:15:00,3,Aluminum
DEF-06385,M007,2025-05-14 17:20:00,6,Industrial Oil
DEF-06386,M007,2025-05-14 17:35:00,14,Solvent
DEF-06387,M007,2025-05-14 18:00:00,14,Machine Component
DEF-06388,M007,2025-05-14 18:45:00,16,Reprocessed Plastics
DEF-06389,M007,2025-05-14 20:20:00,18,Reprocessed Plastics
DEF-06390,M007,2025-05-14 20:50:00,20,Circuit Board
DEF-06391,M007,2025-05-14 21:00:00,41,Solvent
DEF-06392,M007,2025-05-14 22:10:00,15,Reprocessed Plastics
DEF-06393,M007,2025-05-14 22:50:00,13,Steel
DEF-06394,M007,2025-05-15 00:20:00,1,Scrap Steel
DEF-06395,M007,2025-05-15 00:55:00,18,Lead-Based Alloy
DEF-06396,M007,2025-05-15 02:50:00,27,Packaging
DEF-06397,M007,2025-05-15 03:20:00,9,Catalyst
DEF-06398,M007,2025-05-15 03:30:00,7,Circuit Board
DEF-06399,M007,2025-05-15 03:35:00,32,Catalyst
DEF-06400,M007,2025-05-15 04:55:00,12,Textiles
DEF-06401,M007,2025-05-15 05:35:00,8,Industrial Oil
DEF-06402,M007,2025-05-15 05:45:00,0,Lead-Based Alloy
DEF-06403,M007,2025-05-15 07:35:00,1,Packaging
DEF-06404,M007,2025-05-15 08:10:00,0,Steel
DEF-06405,M007,2025-05-15 09:05:00,9,Solvent
DEF-06406,M007,2025-05-15 09:25:00,3,Scrap Steel
DEF-06407,M007,2025-05-15 10:00:00,8,Coolant
DEF-06408,M007,2025-05-15 10:25:00,1,Catalyst
DEF-06409,M007,2025-05-15 10:40:00,18,Circuit Board
DEF-06410,M007,2025-05-15 11:10:00,2,Sheet Metal
DEF-06411,M007,2025-05-15 14:10:00,4,Reprocessed Plastics
DEF-06412,M007,2025-05-15 14:15:00,26,Polypropylene
DEF-06413,M007,2025-05-15 15:30:00,2,Reprocessed Plastics
DEF-06414,M007,2025-05-15 15:55:00,10,Steel
DEF-06415,M007,2025-05-15 16:05:00,6,Solvent
DEF-06416,M007,2025-05-15 16:35:00,20,Catalyst
DEF-06417,M007,2025-05-15 17:10:00,4,Sheet Metal
DEF-06418,M007,2025-05-15 17:35:00,17,Textiles
DEF-06419,M007,2025-05-15 18:25:00,13,Coolant
DEF-06420,M007,2025-05-15 18:35:00,13,Industrial Oil
DEF-06421,M007,2025-05-15 18:55:00,17,Steel
DEF-06422,M007,2025-05-15 19:00:00,11,Industrial Oil
DEF-06423,M007,2025-05-15 19:10:00,14,Cotton
DEF-06424,M007,2025-05-15 19:35:00,10,Industrial Oil
DEF-06425,M007,2025-05-15 20:25:00,34,Catalyst
DEF-06426,M007,2025-05-15 21:00:00,8,Plastic Resin
DEF-06427,M007,2025-05-15 21:40:00,2,Textiles
DEF-06428,M007,2025-05-15 22:00:00,39,Packaging
DEF-06429,M007,2025-05-15 22:10:00,2,Lead-Based Alloy
DEF-06430,M007,2025-05-15 22:20:00,9,Solvent
DEF-06431,M007,2025-05-16 00:40:00,7,Reprocessed Plastics
DEF-06432,M007,2025-05-16 02:20:00,12,Packaging
DEF-06433,M007,2025-05-16 02:55:00,5,Cotton
DEF-06434,M007,2025-05-16 03:35:00,28,Lead-Based Alloy
DEF-06435,M007,2025-05-16 05:30:00,13,Circuit Board
DEF-06436,M007,2025-05-16 06:15:00,3,Catalyst
DEF-06437,M007,2025-05-16 06:30:00,11,Lead-Based Alloy
DEF-06438,M007,2025-05-16 06:40:00,19,Steel
DEF-06439,M007,2025-05-16 07:15:00,17,Solvent
DEF-06440,M007,2025-05-16 07:50:00,5,Machine Component
DEF-06441,M007,2025-05-16 09:10:00,0,Lead-Based Alloy
DEF-06442,M007,2025-05-16 10:45:00,4,Coolant
DEF-06443,M007,2025-05-16 10:50:00,18,Packaging
DEF-06444,M007,2025-05-16 11:10:00,24,Solvent
DEF-06445,M007,2025-05-16 11:20:00,13,Plastic Resin
DEF-06446,M007,2025-05-16 11:35:00,10,Lead-Based Alloy
DEF-06447,M007,2025-05-16 11:45:00,40,Cotton
DEF-06448,M007,2025-05-16 11:50:00,2,Solvent
DEF-06449,M007,2025-05-16 12:30:00,1,Solvent
DEF-06450,M007,2025-05-16 13:55:00,5,Steel
DEF-06451,M007,2025-05-16 14:10:00,5,Reprocessed Plastics
DEF-06452,M007,2025-05-16 15:15:00,26,Machine Component
DEF-06453,M007,2025-05-16 17:00:00,33,Lead-Based Alloy
DEF-06454,M007,2025-05-16 17:35:00,8,Aluminum
DEF-06455,M007,2025-05-16 18:25:00,14,Sheet Metal
DEF-06456,M007,2025-05-16 18:30:00,2,Plastic Resin
DEF-06457,M007,2025-05-16 18:40:00,13,Solvent
DEF-06458,M007,2025-05-16 18:55:00,5,Circuit Board
DEF-06459,M007,2025-05-16 19:05:00,4,Circuit Board
DEF-06460,M007,2025-05-16 19:55:00,22,Reprocessed Plastics
DEF-06461,M007,2025-05-16 21:15:00,14,Sheet Metal
DEF-06462,M007,2025-05-16 21:40:00,3,Reprocessed Plastics
DEF-06463,M007,2025-05-16 22:20:00,4,Steel
DEF-06464,M007,2025-05-16 23:15:00,6,Coolant
DEF-06465,M007,2025-05-16 23:40:00,10,Aluminum
DEF-06466,M007,2025-05-16 23:55:00,23,Aluminum
DEF-06467,M007,2025-05-17 01:05:00,26,Industrial Oil
DEF-06468,M007,2025-05-17 01:15:00,6,Circuit Board
DEF-06469,M007,2025-05-17 02:10:00,2,Scrap Steel
DEF-06470,M007,2025-05-17 03:20:00,23,Lead-Based Alloy
DEF-06471,M007,2025-05-17 03:55:00,48,Packaging
DEF-06472,M007,2025-05-17 04:15:00,2,Circuit Board
DEF-06473,M007,2025-05-17 04:25:00,41,Plastic Resin
DEF-06474,M007,2025-05-17 04:30:00,9,Circuit Board
DEF-06475,M007,2025-05-17 04:55:00,9,Scrap Steel
DEF-06476,M007,2025-05-17 05:40:00,21,Packaging
DEF-06477,M007,2025-05-17 06:05:00,1,Cotton
DEF-06478,M007,2025-05-17 06:25:00,16,Sheet Metal
DEF-06479,M007,2025-05-17 06:50:00,2,Circuit Board
DEF-06480,M007,2025-05-17 07:50:00,36,Polypropylene
DEF-06481,M007,2025-05-17 11:25:00,29,Cotton
DEF-06482,M007,2025-05-17 13:15:00,8,Coolant
DEF-06483,M007,2025-05-17 13:40:00,9,Packaging
DEF-06484,M007,2025-05-17 13:45:00,15,Reprocessed Plastics
DEF-06485,M007,2025-05-17 14:10:00,7,Scrap Steel
DEF-06486,M007,2025-05-17 16:15:00,29,Aluminum
DEF-06487,M007,2025-05-17 16:25:00,20,Industrial Oil
DEF-06488,M007,2025-05-17 17:05:00,27,Solvent
DEF-06489,M007,2025-05-17 18:40:00,7,Scrap Steel
DEF-06490,M007,2025-05-17 19:05:00,37,Reprocessed Plastics
DEF-06491,M007,2025-05-17 20:45:00,12,Sheet Metal
DEF-06492,M007,2025-05-17 22:35:00,4,Plastic Resin
DEF-06493,M007,2025-05-17 22:55:00,5,Steel
DEF-06494,M007,2025-05-17 23:50:00,36,Machine Component
DEF-06495,M007,2025-05-18 00:25:00,10,Circuit Board
DEF-06496,M007,2025-05-18 00:50:00,11,Scrap Steel
DEF-06497,M007,2025-05-18 01:05:00,1,Sheet Metal
DEF-06498,M007,2025-05-18 01:10:00,22,Catalyst
DEF-06499,M007,2025-05-18 02:05:00,3,Steel
DEF-06500,M007,2025-05-18 02:35:00,46,Lead-Based Alloy
DEF-06501,M007,2025-05-18 02:50:00,6,Scrap Steel
DEF-06502,M007,2025-05-18 02:55:00,16,Circuit Board
DEF-06503,M007,2025-05-18 03:00:00,4,Solvent
DEF-06504,M007,2025-05-18 04:05:00,7,Circuit Board
DEF-06505,M007,2025-05-18 04:50:00,20,Coolant
DEF-06506,M007,2025-05-18 05:10:00,30,Packaging
DEF-06507,M007,2025-05-18 05:50:00,13,Catalyst
DEF-06508,M007,2025-05-18 06:15:00,38,Lead-Based Alloy
DEF-06509,M007,2025-05-18 06:25:00,9,Reprocessed Plastics
DEF-06510,M007,2025-05-18 06:35:00,16,Coolant
DEF-06511,M007,2025-05-18 08:55:00,1,Coolant
DEF-06512,M007,2025-05-18 09:05:00,6,Packaging
DEF-06513,M007,2025-05-18 09:15:00,3,Sheet Metal
DEF-06514,M007,2025-05-18 10:15:00,37,Packaging
DEF-06515,M007,2025-05-18 10:20:00,25,Coolant
DEF-06516,M007,2025-05-18 11:25:00,4,Coolant
DEF-06517,M007,2025-05-18 11:45:00,12,Solvent
DEF-06518,M007,2025-05-18 12:20:00,16,Steel
DEF-06519,M007,2025-05-18 12:45:00,3,Packaging
DEF-06520,M007,2025-05-18 13:10:00,7,Aluminum
DEF-06521,M007,2025-05-18 14:30:00,3,Steel
DEF-06522,M007,2025-05-18 14:50:00,13,Scrap Steel
DEF-06523,M007,2025-05-18 15:05:00,20,Plastic Resin
DEF-06524,M007,2025-05-18 15:15:00,3,Coolant
DEF-06525,M007,2025-05-18 15:30:00,8,Scrap Steel
DEF-06526,M007,2025-05-18 15:40:00,23,Scrap Steel
DEF-06527,M007,2025-05-18 16:45:00,35,Lead-Based Alloy
DEF-06528,M007,2025-05-18 16:55:00,15,Plastic Resin
DEF-06529,M007,2025-05-18 17:50:00,34,Solvent
DEF-06530,M007,2025-05-18 18:05:00,28,Polypropylene
DEF-06531,M007,2025-05-18 18:50:00,30,Textiles
DEF-06532,M007,2025-05-18 19:10:00,24,Solvent
DEF-06533,M007,2025-05-18 19:45:00,10,Lead-Based Alloy
DEF-06534,M007,2025-05-18 19:50:00,2,Polypropylene
DEF-06535,M007,2025-05-18 20:05:00,0,Industrial Oil
DEF-06536,M007,2025-05-18 20:10:00,22,Circuit Board
DEF-06537,M007,2025-05-18 20:35:00,7,Textiles
DEF-06538,M007,2025-05-18 22:05:00,23,Cotton
DEF-06539,M007,2025-05-18 22:30:00,14,Catalyst
DEF-06540,M007,2025-05-18 23:45:00,6,Scrap Steel
DEF-06541,M007,2025-05-19 00:00:00,30,Cotton
DEF-06542,M007,2025-05-19 01:20:00,14,Catalyst
DEF-06543,M007,2025-05-19 02:30:00,28,Lead-Based Alloy
DEF-06544,M007,2025-05-19 03:10:00,2,Lead-Based Alloy
DEF-06545,M007,2025-05-19 04:55:00,8,Sheet Metal
DEF-06546,M007,2025-05-19 06:00:00,39,Reprocessed Plastics
DEF-06547,M007,2025-05-19 06:10:00,6,Reprocessed Plastics
DEF-06548,M007,2025-05-19 07:05:00,8,Solvent
DEF-06549,M007,2025-05-19 07:40:00,3,Sheet Metal
DEF-06550,M007,2025-05-19 07:45:00,1,Industrial Oil
DEF-06551,M007,2025-05-19 09:20:00,2,Reprocessed Plastics
DEF-06552,M007,2025-05-19 09:25:00,3,Coolant
DEF-06553,M007,2025-05-19 11:25:00,34,Catalyst
DEF-06554,M007,2025-05-19 13:00:00,4,Machine Component
DEF-06555,M007,2025-05-19 13:30:00,7,Scrap Steel
DEF-06556,M007,2025-05-19 15:35:00,45,Catalyst
DEF-06557,M007,2025-05-19 16:40:00,4,Machine Component
DEF-06558,M007,2025-05-19 17:50:00,8,Lead-Based Alloy
DEF-06559,M007,2025-05-19 18:00:00,17,Plastic Resin
DEF-06560,M007,2025-05-19 18:15:00,8,Polypropylene
DEF-06561,M007,2025-05-19 20:15:00,5,Plastic Resin
DEF-06562,M007,2025-05-19 21:45:00,17,Industrial Oil
DEF-06563,M007,2025-05-19 22:15:00,14,Reprocessed Plastics
DEF-06564,M007,2025-05-19 22:35:00,34,Lead-Based Alloy
DEF-06565,M007,2025-05-19 23:10:00,3,Scrap Steel
DEF-06566,M007,2025-05-20 00:25:00,38,Solvent
DEF-06567,M007,2025-05-20 01:25:00,20,Packaging
DEF-06568,M007,2025-05-20 01:50:00,7,Circuit Board
DEF-06569,M007,2025-05-20 02:40:00,18,Industrial Oil
DEF-06570,M007,2025-05-20 03:10:00,8,Aluminum
DEF-06571,M007,2025-05-20 03:40:00,19,Cotton
DEF-06572,M007,2025-05-20 04:40:00,15,Reprocessed Plastics
DEF-06573,M007,2025-05-20 05:55:00,18,Aluminum
DEF-06574,M007,2025-05-20 06:20:00,22,Reprocessed Plastics
DEF-06575,M007,2025-05-20 06:50:00,8,Sheet Metal
DEF-06576,M007,2025-05-20 07:00:00,23,Reprocessed Plastics
DEF-06577,M007,2025-05-20 07:05:00,3,Solvent
DEF-06578,M007,2025-05-20 07:15:00,22,Industrial Oil
DEF-06579,M007,2025-05-20 07:45:00,5,Lead-Based Alloy
DEF-06580,M007,2025-05-20 08:50:00,13,Textiles
DEF-06581,M007,2025-05-20 09:40:00,18,Lead-Based Alloy
DEF-06582,M007,2025-05-20 09:55:00,40,Polypropylene
DEF-06583,M007,2025-05-20 10:25:00,4,Machine Component
DEF-06584,M007,2025-05-20 10:30:00,2,Scrap Steel
DEF-06585,M007,2025-05-20 11:10:00,23,Textiles
DEF-06586,M007,2025-05-20 11:30:00,13,Plastic Resin
DEF-06587,M007,2025-05-20 11:35:00,37,Circuit Board
DEF-06588,M007,2025-05-20 12:10:00,18,Plastic Resin
DEF-06589,M007,2025-05-20 13:10:00,6,Cotton
DEF-06590,M007,2025-05-20 13:20:00,35,Scrap Steel
DEF-06591,M007,2025-05-20 14:15:00,13,Industrial Oil
DEF-06592,M007,2025-05-20 14:50:00,8,Machine Component
DEF-06593,M007,2025-05-20 15:25:00,14,Catalyst
DEF-06594,M007,2025-05-20 15:30:00,41,Steel
DEF-06595,M007,2025-05-20 15:40:00,0,Machine Component
DEF-06596,M007,2025-05-20 16:25:00,9,Packaging
DEF-06597,M007,2025-05-20 16:40:00,25,Reprocessed Plastics
DEF-06598,M007,2025-05-20 16:55:00,14,Textiles
DEF-06599,M007,2025-05-20 18:20:00,0,Packaging
DEF-06600,M007,2025-05-20 19:00:00,7,Lead-Based Alloy
DEF-06601,M007,2025-05-20 19:55:00,2,Circuit Board
DEF-06602,M007,2025-05-20 20:25:00,12,Reprocessed Plastics
DEF-06603,M007,2025-05-20 20:35:00,7,Catalyst
DEF-06604,M007,2025-05-20 21:40:00,1,Polypropylene
DEF-06605,M007,2025-05-20 22:25:00,10,Machine Component
DEF-06606,M007,2025-05-20 22:30:00,7,Catalyst
DEF-06607,M007,2025-05-20 22:55:00,35,Scrap Steel
DEF-06608,M007,2025-05-20 23:40:00,12,Coolant
DEF-06609,M007,2025-05-21 01:20:00,6,Solvent
DEF-06610,M007,2025-05-21 02:15:00,19,Scrap Steel
DEF-06611,M007,2025-05-21 02:20:00,1,Cotton
DEF-06612,M007,2025-05-21 04:00:00,11,Catalyst
DEF-06613,M007,2025-05-21 04:10:00,31,Aluminum
DEF-06614,M007,2025-05-21 04:20:00,4,Machine Component
DEF-06615,M007,2025-05-21 06:00:00,14,Machine Component
DEF-06616,M007,2025-05-21 06:40:00,12,Aluminum
DEF-06617,M007,2025-05-21 07:10:00,33,Machine Component
DEF-06618,M007,2025-05-21 08:15:00,25,Plastic Resin
DEF-06619,M007,2025-05-21 08:25:00,15,Plastic Resin
DEF-06620,M007,2025-05-21 08:55:00,0,Steel
DEF-06621,M007,2025-05-21 10:25:00,8,Industrial Oil
DEF-06622,M007,2025-05-21 10:30:00,23,Polypropylene
DEF-06623,M007,2025-05-21 10:45:00,21,Scrap Steel
DEF-06624,M007,2025-05-21 11:35:00,6,Coolant
DEF-06625,M007,2025-05-21 14:30:00,13,Catalyst
DEF-06626,M007,2025-05-21 15:55:00,18,Circuit Board
DEF-06627,M007,2025-05-21 16:20:00,36,Plastic Resin
DEF-06628,M007,2025-05-21 16:50:00,18,Coolant
DEF-06629,M007,2025-05-21 16:55:00,34,Circuit Board
DEF-06630,M007,2025-05-21 18:10:00,12,Circuit Board
DEF-06631,M007,2025-05-21 21:00:00,41,Lead-Based Alloy
DEF-06632,M007,2025-05-21 22:20:00,1,Lead-Based Alloy
DEF-06633,M007,2025-05-21 22:40:00,3,Lead-Based Alloy
DEF-06634,M007,2025-05-21 23:30:00,5,Solvent
DEF-06635,M007,2025-05-22 01:00:00,1,Reprocessed Plastics
DEF-06636,M007,2025-05-22 01:15:00,5,Polypropylene
DEF-06637,M007,2025-05-22 01:40:00,7,Reprocessed Plastics
DEF-06638,M007,2025-05-22 02:55:00,20,Circuit Board
DEF-06639,M007,2025-05-22 03:00:00,33,Catalyst
DEF-06640,M007,2025-05-22 03:05:00,33,Industrial Oil
DEF-06641,M007,2025-05-22 05:35:00,7,Plastic Resin
DEF-06642,M007,2025-05-22 07:00:00,10,Aluminum
DEF-06643,M007,2025-05-22 07:05:00,15,Packaging
DEF-06644,M007,2025-05-22 09:35:00,10,Solvent
DEF-06645,M007,2025-05-22 09:55:00,4,Scrap Steel
DEF-06646,M007,2025-05-22 10:10:00,7,Polypropylene
DEF-06647,M007,2025-05-22 10:15:00,12,Circuit Board
DEF-06648,M007,2025-05-22 10:30:00,4,Sheet Metal
DEF-06649,M007,2025-05-22 12:00:00,7,Sheet Metal
DEF-06650,M007,2025-05-22 13:05:00,7,Sheet Metal
DEF-06651,M007,2025-05-22 13:10:00,0,Textiles
DEF-06652,M007,2025-05-22 13:35:00,4,Scrap Steel
DEF-06653,M007,2025-05-22 13:45:00,11,Industrial Oil
DEF-06654,M007,2025-05-22 14:15:00,25,Steel
DEF-06655,M007,2025-05-22 14:50:00,13,Industrial Oil
DEF-06656,M007,2025-05-22 15:25:00,25,Scrap Steel
DEF-06657,M007,2025-05-22 16:50:00,12,Circuit Board
DEF-06658,M007,2025-05-22 17:00:00,13,Lead-Based Alloy
DEF-06659,M007,2025-05-22 18:15:00,32,Machine Component
DEF-06660,M007,2025-05-22 19:00:00,6,Cotton
DEF-06661,M007,2025-05-22 20:40:00,17,Circuit Board
DEF-06662,M007,2025-05-22 20:55:00,26,Lead-Based Alloy
DEF-06663,M007,2025-05-22 21:40:00,13,Reprocessed Plastics
DEF-06664,M007,2025-05-22 21:45:00,12,Machine Component
DEF-06665,M007,2025-05-23 00:55:00,2,Polypropylene
DEF-06666,M007,2025-05-23 01:25:00,36,Plastic Resin
DEF-06667,M007,2025-05-23 02:25:00,2,Solvent
DEF-06668,M007,2025-05-23 03:50:00,7,Polypropylene
DEF-06669,M007,2025-05-23 05:00:00,30,Lead-Based Alloy
DEF-06670,M007,2025-05-23 06:25:00,6,Circuit Board
DEF-06671,M007,2025-05-23 08:10:00,4,Industrial Oil
DEF-06672,M007,2025-05-23 08:20:00,6,Sheet Metal
DEF-06673,M007,2025-05-23 08:50:00,3,Plastic Resin
DEF-06674,M007,2025-05-23 09:40:00,24,Machine Component
DEF-06675,M007,2025-05-23 10:20:00,8,Scrap Steel
DEF-06676,M007,2025-05-23 11:00:00,7,Cotton
DEF-06677,M007,2025-05-23 11:05:00,33,Coolant
DEF-06678,M007,2025-05-23 13:05:00,0,Sheet Metal
DEF-06679,M007,2025-05-23 13:35:00,27,Machine Component
DEF-06680,M007,2025-05-23 13:45:00,39,Cotton
DEF-06681,M007,2025-05-23 15:45:00,12,Scrap Steel
DEF-06682,M007,2025-05-23 17:00:00,31,Sheet Metal
DEF-06683,M007,2025-05-23 17:15:00,9,Aluminum
DEF-06684,M007,2025-05-23 17:50:00,3,Plastic Resin
DEF-06685,M007,2025-05-23 18:30:00,0,Scrap Steel
DEF-06686,M007,2025-05-23 18:40:00,1,Solvent
DEF-06687,M007,2025-05-23 19:05:00,10,Circuit Board
DEF-06688,M007,2025-05-23 20:05:00,1,Sheet Metal
DEF-06689,M007,2025-05-23 22:25:00,12,Lead-Based Alloy
DEF-06690,M007,2025-05-23 23:00:00,8,Industrial Oil
DEF-06691,M007,2025-05-23 23:10:00,11,Lead-Based Alloy
DEF-06692,M007,2025-05-23 23:35:00,27,Aluminum
DEF-06693,M007,2025-05-23 23:50:00,19,Aluminum
DEF-06694,M007,2025-05-23 23:55:00,6,Plastic Resin
DEF-06695,M007,2025-05-24 00:15:00,7,Plastic Resin
DEF-06696,M007,2025-05-24 02:30:00,12,Reprocessed Plastics
DEF-06697,M007,2025-05-24 03:15:00,4,Polypropylene
DEF-06698,M007,2025-05-24 03:50:00,20,Lead-Based Alloy
DEF-06699,M007,2025-05-24 03:55:00,36,Steel
DEF-06700,M007,2025-05-24 04:10:00,1,Industrial Oil
DEF-06701,M007,2025-05-24 06:15:00,2,Catalyst
DEF-06702,M007,2025-05-24 12:55:00,12,Sheet Metal
DEF-06703,M007,2025-05-24 13:45:00,13,Coolant
DEF-06704,M007,2025-05-24 14:40:00,27,Textiles
DEF-06705,M007,2025-05-24 15:05:00,20,Coolant
DEF-06706,M007,2025-05-24 15:20:00,23,Aluminum
DEF-06707,M007,2025-05-24 15:25:00,9,Cotton
DEF-06708,M007,2025-05-24 15:50:00,24,Solvent
DEF-06709,M007,2025-05-24 16:20:00,22,Lead-Based Alloy
DEF-06710,M007,2025-05-24 16:35:00,6,Textiles
DEF-06711,M007,2025-05-24 18:20:00,16,Cotton
DEF-06712,M007,2025-05-24 19:35:00,20,Circuit Board
DEF-06713,M007,2025-05-24 21:20:00,5,Reprocessed Plastics
DEF-06714,M007,2025-05-24 22:15:00,30,Lead-Based Alloy
DEF-06715,M007,2025-05-24 23:40:00,11,Steel
DEF-06716,M007,2025-05-24 23:55:00,5,Coolant
DEF-06717,M007,2025-05-25 00:00:00,8,Solvent
DEF-06718,M007,2025-05-25 00:20:00,2,Circuit Board
DEF-06719,M007,2025-05-25 01:25:00,2,Packaging
DEF-06720,M007,2025-05-25 02:00:00,33,Steel
DEF-06721,M007,2025-05-25 02:35:00,32,Cotton
DEF-06722,M007,2025-05-25 03:45:00,18,Lead-Based Alloy
DEF-06723,M007,2025-05-25 04:30:00,3,Cotton
DEF-06724,M007,2025-05-25 04:55:00,1,Lead-Based Alloy
DEF-06725,M007,2025-05-25 06:25:00,3,Solvent
DEF-06726,M007,2025-05-25 06:30:00,19,Reprocessed Plastics
DEF-06727,M007,2025-05-25 07:40:00,2,Machine Component
DEF-06728,M007,2025-05-25 09:15:00,10,Industrial Oil
DEF-06729,M007,2025-05-25 09:50:00,3,Packaging
DEF-06730,M007,2025-05-25 10:15:00,1,Machine Component
DEF-06731,M007,2025-05-25 10:20:00,18,Steel
DEF-06732,M007,2025-05-25 11:05:00,20,Textiles
DEF-06733,M007,2025-05-25 12:35:00,23,Reprocessed Plastics
DEF-06734,M007,2025-05-25 13:15:00,3,Machine Component
DEF-06735,M007,2025-05-25 13:20:00,27,Cotton
DEF-06736,M007,2025-05-25 15:10:00,21,Scrap Steel
DEF-06737,M007,2025-05-25 15:15:00,26,Solvent
DEF-06738,M007,2025-05-25 16:05:00,35,Steel
DEF-06739,M007,2025-05-25 16:25:00,18,Scrap Steel
DEF-06740,M007,2025-05-25 16:35:00,16,Plastic Resin
DEF-06741,M007,2025-05-25 16:45:00,5,Reprocessed Plastics
DEF-06742,M007,2025-05-25 19:15:00,3,Coolant
DEF-06743,M007,2025-05-25 19:50:00,47,Sheet Metal
DEF-06744,M007,2025-05-25 21:15:00,20,Catalyst
DEF-06745,M007,2025-05-25 21:55:00,15,Machine Component
DEF-06746,M007,2025-05-25 22:20:00,30,Plastic Resin
DEF-06747,M007,2025-05-25 22:50:00,8,Catalyst
DEF-06748,M007,2025-05-25 23:55:00,15,Solvent
DEF-06749,M007,2025-05-26 00:25:00,1,Polypropylene
DEF-06750,M007,2025-05-26 01:10:00,2,Sheet Metal
DEF-06751,M007,2025-05-26 02:50:00,36,Coolant
DEF-06752,M007,2025-05-26 03:20:00,14,Aluminum
DEF-06753,M007,2025-05-26 03:55:00,17,Cotton
DEF-06754,M007,2025-05-26 05:55:00,5,Industrial Oil
DEF-06755,M007,2025-05-26 06:15:00,28,Reprocessed Plastics
DEF-06756,M007,2025-05-26 06:25:00,16,Industrial Oil
DEF-06757,M007,2025-05-26 06:35:00,3,Circuit Board
DEF-06758,M007,2025-05-26 07:05:00,11,Coolant
DEF-06759,M007,2025-05-26 07:40:00,1,Industrial Oil
DEF-06760,M007,2025-05-26 08:45:00,5,Circuit Board
DEF-06761,M007,2025-05-26 09:45:00,36,Reprocessed Plastics
DEF-06762,M007,2025-05-26 10:05:00,7,Circuit Board
DEF-06763,M007,2025-05-26 10:40:00,8,Machine Component
DEF-06764,M007,2025-05-26 11:45:00,13,Aluminum
DEF-06765,M007,2025-05-26 12:55:00,7,Catalyst
DEF-06766,M007,2025-05-26 14:20:00,13,Scrap Steel
DEF-06767,M007,2025-05-26 14:40:00,28,Steel
DEF-06768,M007,2025-05-26 15:20:00,6,Circuit Board
DEF-06769,M007,2025-05-26 15:25:00,2,Polypropylene
DEF-06770,M007,2025-05-26 15:50:00,4,Polypropylene
DEF-06771,M007,2025-05-26 16:25:00,12,Industrial Oil
DEF-06772,M007,2025-05-26 16:30:00,33,Plastic Resin
DEF-06773,M007,2025-05-26 18:05:00,26,Plastic Resin
DEF-06774,M007,2025-05-26 19:45:00,40,Scrap Steel
DEF-06775,M007,2025-05-26 19:55:00,8,Sheet Metal
DEF-06776,M007,2025-05-26 22:55:00,4,Solvent
DEF-06777,M007,2025-05-26 23:10:00,10,Cotton
DEF-06778,M007,2025-05-26 23:30:00,5,Plastic Resin
DEF-06779,M007,2025-05-27 00:00:00,35,Packaging
DEF-06780,M007,2025-05-27 00:15:00,24,Machine Component
DEF-06781,M007,2025-05-27 01:50:00,29,Solvent
DEF-06782,M007,2025-05-27 02:40:00,12,Packaging
DEF-06783,M007,2025-05-27 02:45:00,36,Solvent
DEF-06784,M007,2025-05-27 03:10:00,13,Packaging
DEF-06785,M007,2025-05-27 05:40:00,3,Sheet Metal
DEF-06786,M007,2025-05-27 06:15:00,26,Steel
DEF-06787,M007,2025-05-27 06:50:00,5,Packaging
DEF-06788,M007,2025-05-27 07:10:00,2,Packaging
DEF-06789,M007,2025-05-27 07:20:00,39,Scrap Steel
DEF-06790,M007,2025-05-27 07:30:00,20,Polypropylene
DEF-06791,M007,2025-05-27 08:20:00,12,Circuit Board
DEF-06792,M007,2025-05-27 08:25:00,31,Solvent
DEF-06793,M007,2025-05-27 09:50:00,0,Catalyst
DEF-06794,M007,2025-05-27 09:55:00,5,Plastic Resin
DEF-06795,M007,2025-05-27 12:20:00,6,Cotton
DEF-06796,M007,2025-05-27 13:20:00,2,Reprocessed Plastics
DEF-06797,M007,2025-05-27 13:40:00,13,Scrap Steel
DEF-06798,M007,2025-05-27 14:00:00,1,Plastic Resin
DEF-06799,M007,2025-05-27 14:20:00,6,Sheet Metal
DEF-06800,M007,2025-05-27 14:40:00,12,Reprocessed Plastics
DEF-06801,M007,2025-05-27 15:05:00,6,Packaging
DEF-06802,M007,2025-05-27 15:15:00,31,Polypropylene
DEF-06803,M007,2025-05-27 16:35:00,4,Circuit Board
DEF-06804,M007,2025-05-27 16:40:00,26,Scrap Steel
DEF-06805,M007,2025-05-27 20:15:00,4,Plastic Resin
DEF-06806,M007,2025-05-27 22:10:00,31,Lead-Based Alloy
DEF-06807,M007,2025-05-28 03:10:00,3,Sheet Metal
DEF-06808,M007,2025-05-28 04:20:00,28,Sheet Metal
DEF-06809,M007,2025-05-28 05:00:00,43,Industrial Oil
DEF-06810,M007,2025-05-28 05:10:00,12,Circuit Board
DEF-06811,M007,2025-05-28 05:30:00,36,Industrial Oil
DEF-06812,M007,2025-05-28 06:00:00,12,Lead-Based Alloy
DEF-06813,M007,2025-05-28 06:25:00,21,Solvent
DEF-06814,M007,2025-05-28 07:45:00,6,Scrap Steel
DEF-06815,M007,2025-05-28 08:50:00,11,Industrial Oil
DEF-06816,M007,2025-05-28 08:55:00,24,Cotton
DEF-06817,M007,2025-05-28 10:05:00,2,Machine Component
DEF-06818,M007,2025-05-28 11:10:00,6,Coolant
DEF-06819,M007,2025-05-28 13:15:00,15,Steel
DEF-06820,M007,2025-05-28 13:30:00,11,Lead-Based Alloy
DEF-06821,M007,2025-05-28 13:45:00,29,Circuit Board
DEF-06822,M007,2025-05-28 14:30:00,5,Industrial Oil
DEF-06823,M007,2025-05-28 15:15:00,13,Packaging
DEF-06824,M007,2025-05-28 15:20:00,6,Sheet Metal
DEF-06825,M007,2025-05-28 15:50:00,4,Machine Component
DEF-06826,M007,2025-05-28 16:05:00,17,Scrap Steel
DEF-06827,M007,2025-05-28 17:20:00,1,Reprocessed Plastics
DEF-06828,M007,2025-05-28 18:00:00,31,Cotton
DEF-06829,M007,2025-05-28 18:30:00,15,Industrial Oil
DEF-06830,M007,2025-05-28 18:55:00,2,Coolant
DEF-06831,M007,2025-05-28 19:00:00,11,Scrap Steel
DEF-06832,M007,2025-05-28 20:05:00,10,Reprocessed Plastics
DEF-06833,M007,2025-05-28 20:30:00,14,Aluminum
DEF-06834,M007,2025-05-28 20:45:00,13,Aluminum
DEF-06835,M007,2025-05-28 22:30:00,14,Textiles
DEF-06836,M007,2025-05-28 22:50:00,11,Solvent
DEF-06837,M007,2025-05-28 23:10:00,41,Industrial Oil
DEF-06838,M007,2025-05-29 00:05:00,18,Lead-Based Alloy
DEF-06839,M007,2025-05-29 00:15:00,11,Lead-Based Alloy
DEF-06840,M007,2025-05-29 00:45:00,11,Textiles
DEF-06841,M007,2025-05-29 01:05:00,10,Plastic Resin
DEF-06842,M007,2025-05-29 01:20:00,6,Aluminum
DEF-06843,M007,2025-05-29 02:00:00,4,Catalyst
DEF-06844,M007,2025-05-29 02:50:00,15,Industrial Oil
DEF-06845,M007,2025-05-29 03:20:00,9,Steel
DEF-06846,M007,2025-05-29 03:50:00,43,Polypropylene
DEF-06847,M007,2025-05-29 04:15:00,2,Sheet Metal
DEF-06848,M007,2025-05-29 05:15:00,13,Machine Component
DEF-06849,M007,2025-05-29 05:40:00,28,Solvent
DEF-06850,M007,2025-05-29 09:10:00,0,Coolant
DEF-06851,M007,2025-05-29 09:25:00,5,Textiles
DEF-06852,M007,2025-05-29 10:00:00,20,Cotton
DEF-06853,M007,2025-05-29 10:55:00,0,Reprocessed Plastics
DEF-06854,M007,2025-05-29 11:35:00,21,Cotton
DEF-06855,M007,2025-05-29 11:45:00,0,Steel
DEF-06856,M007,2025-05-29 13:10:00,30,Reprocessed Plastics
DEF-06857,M007,2025-05-29 14:00:00,1,Machine Component
DEF-06858,M007,2025-05-29 14:55:00,11,Plastic Resin
DEF-06859,M007,2025-05-29 15:20:00,37,Solvent
DEF-06860,M007,2025-05-29 15:25:00,21,Lead-Based Alloy
DEF-06861,M007,2025-05-29 16:40:00,8,Reprocessed Plastics
DEF-06862,M007,2025-05-29 17:10:00,33,Industrial Oil
DEF-06863,M007,2025-05-29 17:35:00,2,Industrial Oil
DEF-06864,M007,2025-05-29 17:40:00,12,Catalyst
DEF-06865,M007,2025-05-29 18:15:00,33,Circuit Board
DEF-06866,M007,2025-05-29 19:35:00,23,Industrial Oil
DEF-06867,M007,2025-05-29 21:05:00,2,Solvent
DEF-06868,M007,2025-05-29 21:40:00,1,Sheet Metal
DEF-06869,M007,2025-05-29 22:45:00,17,Scrap Steel
DEF-06870,M007,2025-05-29 22:50:00,22,Solvent
DEF-06871,M007,2025-05-29 23:15:00,0,Sheet Metal
DEF-06872,M007,2025-05-30 00:10:00,10,Plastic Resin
DEF-06873,M007,2025-05-30 00:25:00,11,Packaging
DEF-06874,M007,2025-05-30 00:50:00,22,Catalyst
DEF-06875,M007,2025-05-30 02:45:00,28,Solvent
DEF-06876,M007,2025-05-30 03:55:00,27,Reprocessed Plastics
DEF-06877,M007,2025-05-30 04:05:00,2,Packaging
DEF-06878,M007,2025-05-30 04:25:00,32,Lead-Based Alloy
DEF-06879,M007,2025-05-30 06:40:00,20,Solvent
DEF-06880,M007,2025-05-30 07:00:00,6,Scrap Steel
DEF-06881,M007,2025-05-30 07:40:00,0,Machine Component
DEF-06882,M007,2025-05-30 10:30:00,21,Reprocessed Plastics
DEF-06883,M007,2025-05-30 10:45:00,8,Sheet Metal
DEF-06884,M007,2025-05-30 11:00:00,7,Reprocessed Plastics
DEF-06885,M007,2025-05-30 12:00:00,14,Sheet Metal
DEF-06886,M007,2025-05-30 13:25:00,18,Lead-Based Alloy
DEF-06887,M007,2025-05-30 13:30:00,11,Solvent
DEF-06888,M007,2025-05-30 15:15:00,7,Catalyst
DEF-06889,M007,2025-05-30 17:30:00,22,Scrap Steel
DEF-06890,M007,2025-05-30 17:40:00,3,Scrap Steel
DEF-06891,M007,2025-05-30 18:40:00,29,Machine Component
DEF-06892,M007,2025-05-30 19:30:00,8,Sheet Metal
DEF-06893,M007,2025-05-30 19:35:00,27,Plastic Resin
DEF-06894,M007,2025-05-30 20:55:00,6,Plastic Resin
DEF-06895,M007,2025-05-30 22:00:00,30,Polypropylene
DEF-06896,M007,2025-05-31 00:20:00,13,Scrap Steel
DEF-06897,M007,2025-05-31 00:35:00,4,Catalyst
DEF-06898,M007,2025-05-31 00:40:00,20,Reprocessed Plastics
DEF-06899,M007,2025-05-31 01:35:00,12,Industrial Oil
DEF-06900,M007,2025-05-31 01:45:00,3,Industrial Oil
DEF-06901,M007,2025-05-31 02:45:00,16,Reprocessed Plastics
DEF-06902,M007,2025-05-31 03:15:00,5,Textiles
DEF-06903,M007,2025-05-31 03:55:00,4,Scrap Steel
DEF-06904,M007,2025-05-31 04:00:00,5,Steel
DEF-06905,M007,2025-05-31 04:05:00,2,Coolant
DEF-06906,M007,2025-05-31 04:10:00,10,Aluminum
DEF-06907,M007,2025-05-31 04:25:00,44,Reprocessed Plastics
DEF-06908,M007,2025-05-31 08:00:00,22,Solvent
DEF-06909,M007,2025-05-31 08:35:00,5,Textiles
DEF-06910,M007,2025-05-31 09:20:00,5,Lead-Based Alloy
DEF-06911,M007,2025-05-31 09:25:00,34,Reprocessed Plastics
DEF-06912,M007,2025-05-31 10:25:00,39,Scrap Steel
DEF-06913,M007,2025-05-31 11:55:00,19,Machine Component
DEF-06914,M007,2025-05-31 14:00:00,25,Circuit Board
DEF-06915,M007,2025-05-31 14:55:00,8,Cotton
DEF-06916,M007,2025-05-31 15:00:00,11,Sheet Metal
DEF-06917,M007,2025-05-31 15:45:00,11,Packaging
DEF-06918,M007,2025-05-31 18:35:00,19,Scrap Steel
DEF-06919,M007,2025-05-31 19:10:00,5,Polypropylene
DEF-06920,M007,2025-05-31 20:25:00,25,Plastic Resin
DEF-06921,M007,2025-05-31 21:20:00,0,Scrap Steel
DEF-06922,M007,2025-05-31 22:10:00,15,Reprocessed Plastics
DEF-06923,M007,2025-05-31 22:20:00,3,Scrap Steel
DEF-06924,M007,2025-05-31 23:40:00,6,Lead-Based Alloy
DEF-06925,M007,2025-06-01 00:20:00,18,Plastic Resin
DEF-06926,M007,2025-06-01 01:25:00,13,Industrial Oil
DEF-06927,M007,2025-06-01 01:45:00,3,Plastic Resin
DEF-06928,M007,2025-06-01 02:25:00,19,Lead-Based Alloy
DEF-06929,M007,2025-06-01 05:10:00,11,Solvent
DEF-06930,M007,2025-06-01 07:05:00,4,Lead-Based Alloy
DEF-06931,M007,2025-06-01 07:20:00,29,Lead-Based Alloy
DEF-06932,M007,2025-06-01 07:55:00,19,Sheet Metal
DEF-06933,M007,2025-06-01 11:10:00,10,Reprocessed Plastics
DEF-06934,M007,2025-06-01 11:45:00,7,Lead-Based Alloy
DEF-06935,M007,2025-06-01 13:35:00,14,Industrial Oil
DEF-06936,M007,2025-06-01 14:00:00,7,Plastic Resin
DEF-06937,M007,2025-06-01 14:35:00,13,Reprocessed Plastics
DEF-06938,M007,2025-06-01 14:50:00,45,Polypropylene
DEF-06939,M007,2025-06-01 15:15:00,15,Scrap Steel
DEF-06940,M007,2025-06-01 16:15:00,28,Solvent
DEF-06941,M007,2025-06-01 16:20:00,1,Lead-Based Alloy
DEF-06942,M007,2025-06-01 16:35:00,2,Polypropylene
DEF-06943,M007,2025-06-01 18:05:00,3,Packaging
DEF-06944,M007,2025-06-01 18:25:00,11,Industrial Oil
DEF-06945,M007,2025-06-01 20:35:00,5,Aluminum
DEF-06946,M007,2025-06-01 20:55:00,29,Sheet Metal
DEF-06947,M007,2025-06-01 22:10:00,19,Solvent
DEF-06948,M007,2025-06-01 22:30:00,9,Sheet Metal
DEF-06949,M007,2025-06-01 23:05:00,15,Textiles
DEF-06950,M007,2025-06-02 01:40:00,12,Scrap Steel
DEF-06951,M007,2025-06-02 02:05:00,6,Solvent
DEF-06952,M007,2025-06-02 02:35:00,16,Packaging
DEF-06953,M007,2025-06-02 03:10:00,10,Packaging
DEF-06954,M007,2025-06-02 03:15:00,0,Plastic Resin
DEF-06955,M007,2025-06-02 03:40:00,11,Aluminum
DEF-06956,M007,2025-06-02 03:55:00,15,Industrial Oil
DEF-06957,M007,2025-06-02 04:00:00,2,Plastic Resin
DEF-06958,M007,2025-06-02 05:25:00,8,Coolant
DEF-06959,M007,2025-06-02 07:20:00,27,Cotton
DEF-06960,M007,2025-06-02 08:15:00,6,Scrap Steel
DEF-06961,M007,2025-06-02 08:20:00,22,Textiles
DEF-06962,M007,2025-06-02 08:40:00,1,Reprocessed Plastics
DEF-06963,M007,2025-06-02 10:55:00,7,Solvent
DEF-06964,M007,2025-06-02 11:35:00,28,Solvent
DEF-06965,M007,2025-06-02 11:55:00,1,Lead-Based Alloy
DEF-06966,M007,2025-06-02 13:30:00,31,Coolant
DEF-06967,M007,2025-06-02 13:45:00,25,Coolant
DEF-06968,M007,2025-06-02 13:50:00,3,Sheet Metal
DEF-06969,M007,2025-06-02 14:25:00,5,Scrap Steel
DEF-06970,M007,2025-06-02 15:40:00,3,Polypropylene
DEF-06971,M007,2025-06-02 17:10:00,24,Plastic Resin
DEF-06972,M007,2025-06-02 18:20:00,8,Packaging
DEF-06973,M007,2025-06-02 18:35:00,2,Sheet Metal
DEF-06974,M007,2025-06-02 18:50:00,7,Catalyst
DEF-06975,M007,2025-06-02 18:55:00,41,Circuit Board
DEF-06976,M007,2025-06-02 20:55:00,1,Circuit Board
DEF-06977,M007,2025-06-02 21:40:00,2,Scrap Steel
DEF-06978,M007,2025-06-03 01:15:00,6,Solvent
DEF-06979,M007,2025-06-03 01:45:00,12,Machine Component
DEF-06980,M007,2025-06-03 02:45:00,7,Coolant
DEF-06981,M007,2025-06-03 06:05:00,1,Lead-Based Alloy
DEF-06982,M007,2025-06-03 06:25:00,12,Polypropylene
DEF-06983,M007,2025-06-03 08:00:00,4,Polypropylene
DEF-06984,M007,2025-06-03 08:15:00,23,Catalyst
DEF-06985,M007,2025-06-03 10:50:00,4,Reprocessed Plastics
DEF-06986,M007,2025-06-03 11:45:00,25,Scrap Steel
DEF-06987,M007,2025-06-03 12:25:00,10,Solvent
DEF-06988,M007,2025-06-03 12:35:00,42,Solvent
DEF-06989,M007,2025-06-03 13:05:00,43,Textiles
DEF-06990,M007,2025-06-03 13:50:00,0,Plastic Resin
DEF-06991,M007,2025-06-03 14:55:00,3,Machine Component
DEF-06992,M007,2025-06-03 16:10:00,30,Machine Component
DEF-06993,M007,2025-06-03 18:35:00,1,Reprocessed Plastics
DEF-06994,M007,2025-06-03 19:25:00,33,Textiles
DEF-06995,M007,2025-06-03 19:35:00,5,Steel
DEF-06996,M007,2025-06-03 20:30:00,8,Circuit Board
DEF-06997,M007,2025-06-03 20:55:00,8,Polypropylene
DEF-06998,M007,2025-06-03 21:20:00,6,Circuit Board
DEF-06999,M007,2025-06-03 21:40:00,31,Catalyst
DEF-07000,M007,2025-06-03 23:05:00,1,Circuit Board
DEF-07001,M007,2025-06-04 00:05:00,32,Sheet Metal
DEF-07002,M007,2025-06-04 00:55:00,19,Catalyst
DEF-07003,M007,2025-06-04 02:30:00,6,Cotton
DEF-07004,M007,2025-06-04 02:35:00,10,Solvent
DEF-07005,M007,2025-06-04 03:50:00,0,Textiles
DEF-07006,M007,2025-06-04 05:05:00,10,Scrap Steel
DEF-07007,M007,2025-06-04 05:20:00,20,Textiles
DEF-07008,M007,2025-06-04 05:35:00,28,Solvent
DEF-07009,M007,2025-06-04 06:20:00,4,Polypropylene
DEF-07010,M007,2025-06-04 06:45:00,22,Reprocessed Plastics
DEF-07011,M007,2025-06-04 06:50:00,4,Steel
DEF-07012,M007,2025-06-04 07:50:00,37,Steel
DEF-07013,M007,2025-06-04 08:20:00,33,Steel
DEF-07014,M007,2025-06-04 10:00:00,5,Aluminum
DEF-07015,M007,2025-06-04 10:25:00,21,Coolant
DEF-07016,M007,2025-06-04 11:20:00,22,Reprocessed Plastics
DEF-07017,M007,2025-06-04 11:35:00,17,Cotton
DEF-07018,M007,2025-06-04 11:50:00,9,Circuit Board
DEF-07019,M007,2025-06-04 14:30:00,27,Machine Component
DEF-07020,M007,2025-06-04 16:30:00,23,Steel
DEF-07021,M007,2025-06-04 17:45:00,2,Machine Component
DEF-07022,M007,2025-06-04 18:20:00,11,Scrap Steel
DEF-07023,M007,2025-06-04 19:15:00,23,Catalyst
DEF-07024,M007,2025-06-04 20:30:00,16,Circuit Board
DEF-07025,M007,2025-06-04 20:55:00,27,Sheet Metal
DEF-07026,M007,2025-06-04 21:00:00,23,Coolant
DEF-07027,M007,2025-06-04 21:20:00,9,Machine Component
DEF-07028,M007,2025-06-04 22:35:00,18,Coolant
DEF-07029,M007,2025-06-04 23:05:00,8,Catalyst
DEF-07030,M007,2025-06-04 23:10:00,4,Reprocessed Plastics
DEF-07031,M007,2025-06-05 00:00:00,20,Solvent
DEF-07032,M007,2025-06-05 01:10:00,6,Plastic Resin
DEF-07033,M008,2025-05-01 09:05:00,9,Reprocessed Plastics
DEF-07034,M008,2025-05-01 09:55:00,5,Aluminum
DEF-07035,M008,2025-05-01 12:40:00,17,Sheet Metal
DEF-07036,M008,2025-05-01 13:50:00,7,Lead-Based Alloy
DEF-07037,M008,2025-05-01 14:10:00,10,Solvent
DEF-07038,M008,2025-05-01 14:15:00,23,Reprocessed Plastics
DEF-07039,M008,2025-05-01 15:20:00,10,Circuit Board
DEF-07040,M008,2025-05-01 16:25:00,3,Packaging
DEF-07041,M008,2025-05-01 17:05:00,23,Industrial Oil
DEF-07042,M008,2025-05-01 18:15:00,23,Industrial Oil
DEF-07043,M008,2025-05-01 18:25:00,1,Catalyst
DEF-07044,M008,2025-05-01 18:40:00,4,Machine Component
DEF-07045,M008,2025-05-01 18:55:00,22,Aluminum
DEF-07046,M008,2025-05-01 19:15:00,25,Plastic Resin
DEF-07047,M008,2025-05-01 19:35:00,32,Cotton
DEF-07048,M008,2025-05-01 19:50:00,37,Lead-Based Alloy
DEF-07049,M008,2025-05-01 20:15:00,7,Lead-Based Alloy
DEF-07050,M008,2025-05-01 21:20:00,20,Catalyst
DEF-07051,M008,2025-05-01 23:00:00,19,Plastic Resin
DEF-07052,M008,2025-05-02 00:10:00,2,Solvent
DEF-07053,M008,2025-05-02 01:10:00,11,Cotton
DEF-07054,M008,2025-05-02 01:35:00,10,Lead-Based Alloy
DEF-07055,M008,2025-05-02 02:30:00,9,Solvent
DEF-07056,M008,2025-05-02 05:15:00,12,Sheet Metal
DEF-07057,M008,2025-05-02 05:20:00,18,Polypropylene
DEF-07058,M008,2025-05-02 07:05:00,10,Catalyst
DEF-07059,M008,2025-05-02 08:10:00,9,Packaging
DEF-07060,M008,2025-05-02 08:15:00,11,Solvent
DEF-07061,M008,2025-05-02 09:05:00,7,Scrap Steel
DEF-07062,M008,2025-05-02 10:15:00,7,Solvent
DEF-07063,M008,2025-05-02 12:20:00,10,Textiles
DEF-07064,M008,2025-05-02 12:30:00,6,Cotton
DEF-07065,M008,2025-05-02 12:50:00,23,Textiles
DEF-07066,M008,2025-05-02 13:50:00,17,Industrial Oil
DEF-07067,M008,2025-05-02 14:40:00,12,Coolant
DEF-07068,M008,2025-05-02 15:05:00,18,Polypropylene
DEF-07069,M008,2025-05-02 15:45:00,9,Textiles
DEF-07070,M008,2025-05-02 16:30:00,20,Textiles
DEF-07071,M008,2025-05-02 16:35:00,0,Industrial Oil
DEF-07072,M008,2025-05-02 17:15:00,19,Lead-Based Alloy
DEF-07073,M008,2025-05-02 17:30:00,8,Packaging
DEF-07074,M008,2025-05-02 17:35:00,2,Industrial Oil
DEF-07075,M008,2025-05-02 17:45:00,5,Reprocessed Plastics
DEF-07076,M008,2025-05-02 18:10:00,49,Coolant
DEF-07077,M008,2025-05-02 19:45:00,1,Aluminum
DEF-07078,M008,2025-05-02 23:10:00,6,Lead-Based Alloy
DEF-07079,M008,2025-05-02 23:25:00,3,Sheet Metal
DEF-07080,M008,2025-05-02 23:30:00,17,Aluminum
DEF-07081,M008,2025-05-03 00:25:00,2,Solvent
DEF-07082,M008,2025-05-03 01:35:00,28,Reprocessed Plastics
DEF-07083,M008,2025-05-03 02:30:00,10,Industrial Oil
DEF-07084,M008,2025-05-03 02:45:00,35,Lead-Based Alloy
DEF-07085,M008,2025-05-03 04:40:00,29,Industrial Oil
DEF-07086,M008,2025-05-03 07:25:00,4,Sheet Metal
DEF-07087,M008,2025-05-03 08:45:00,1,Industrial Oil
DEF-07088,M008,2025-05-03 09:30:00,0,Packaging
DEF-07089,M008,2025-05-03 10:50:00,26,Textiles
DEF-07090,M008,2025-05-03 12:35:00,2,Reprocessed Plastics
DEF-07091,M008,2025-05-03 15:40:00,5,Circuit Board
DEF-07092,M008,2025-05-03 15:50:00,23,Reprocessed Plastics
DEF-07093,M008,2025-05-03 16:55:00,4,Scrap Steel
DEF-07094,M008,2025-05-03 17:35:00,19,Reprocessed Plastics
DEF-07095,M008,2025-05-03 18:10:00,6,Lead-Based Alloy
DEF-07096,M008,2025-05-03 18:20:00,4,Textiles
DEF-07097,M008,2025-05-03 18:50:00,14,Textiles
DEF-07098,M008,2025-05-03 19:30:00,11,Cotton
DEF-07099,M008,2025-05-03 20:30:00,0,Coolant
DEF-07100,M008,2025-05-03 20:40:00,8,Industrial Oil
DEF-07101,M008,2025-05-03 21:45:00,40,Reprocessed Plastics
DEF-07102,M008,2025-05-03 22:05:00,3,Packaging
DEF-07103,M008,2025-05-03 22:30:00,6,Solvent
DEF-07104,M008,2025-05-04 00:05:00,3,Reprocessed Plastics
DEF-07105,M008,2025-05-04 02:00:00,33,Circuit Board
DEF-07106,M008,2025-05-04 03:20:00,14,Textiles
DEF-07107,M008,2025-05-04 03:35:00,8,Solvent
DEF-07108,M008,2025-05-04 04:00:00,21,Plastic Resin
DEF-07109,M008,2025-05-04 04:50:00,11,Sheet Metal
DEF-07110,M008,2025-05-04 05:45:00,8,Solvent
DEF-07111,M008,2025-05-04 06:15:00,26,Scrap Steel
DEF-07112,M008,2025-05-04 06:45:00,19,Industrial Oil
DEF-07113,M008,2025-05-04 08:00:00,21,Cotton
DEF-07114,M008,2025-05-04 08:15:00,6,Plastic Resin
DEF-07115,M008,2025-05-04 08:25:00,11,Reprocessed Plastics
DEF-07116,M008,2025-05-04 08:50:00,11,Packaging
DEF-07117,M008,2025-05-04 09:00:00,27,Sheet Metal
DEF-07118,M008,2025-05-04 09:25:00,20,Sheet Metal
DEF-07119,M008,2025-05-04 09:35:00,8,Machine Component
DEF-07120,M008,2025-05-04 10:05:00,8,Lead-Based Alloy
DEF-07121,M008,2025-05-04 11:10:00,8,Coolant
DEF-07122,M008,2025-05-04 12:30:00,15,Textiles
DEF-07123,M008,2025-05-04 12:40:00,5,Reprocessed Plastics
DEF-07124,M008,2025-05-04 12:55:00,16,Catalyst
DEF-07125,M008,2025-05-04 13:05:00,42,Circuit Board
DEF-07126,M008,2025-05-04 13:15:00,2,Steel
DEF-07127,M008,2025-05-04 13:30:00,2,Circuit Board
DEF-07128,M008,2025-05-04 13:40:00,5,Lead-Based Alloy
DEF-07129,M008,2025-05-04 13:45:00,18,Lead-Based Alloy
DEF-07130,M008,2025-05-04 14:20:00,10,Scrap Steel
DEF-07131,M008,2025-05-04 14:40:00,7,Scrap Steel
DEF-07132,M008,2025-05-04 16:05:00,15,Scrap Steel
DEF-07133,M008,2025-05-04 17:10:00,4,Coolant
DEF-07134,M008,2025-05-04 19:20:00,13,Polypropylene
DEF-07135,M008,2025-05-04 19:25:00,5,Circuit Board
DEF-07136,M008,2025-05-04 22:00:00,2,Textiles
DEF-07137,M008,2025-05-04 23:55:00,40,Catalyst
DEF-07138,M008,2025-05-05 02:30:00,14,Machine Component
DEF-07139,M008,2025-05-05 02:50:00,16,Steel
DEF-07140,M008,2025-05-05 03:40:00,1,Industrial Oil
DEF-07141,M008,2025-05-05 04:15:00,24,Reprocessed Plastics
DEF-07142,M008,2025-05-05 04:20:00,26,Catalyst
DEF-07143,M008,2025-05-05 04:50:00,22,Reprocessed Plastics
DEF-07144,M008,2025-05-05 05:00:00,16,Circuit Board
DEF-07145,M008,2025-05-05 05:25:00,23,Sheet Metal
DEF-07146,M008,2025-05-05 06:15:00,19,Lead-Based Alloy
DEF-07147,M008,2025-05-05 07:10:00,2,Industrial Oil
DEF-07148,M008,2025-05-05 07:35:00,46,Scrap Steel
DEF-07149,M008,2025-05-05 07:55:00,5,Scrap Steel
DEF-07150,M008,2025-05-05 09:05:00,14,Catalyst
DEF-07151,M008,2025-05-05 09:40:00,6,Machine Component
DEF-07152,M008,2025-05-05 09:45:00,9,Textiles
DEF-07153,M008,2025-05-05 09:50:00,7,Aluminum
DEF-07154,M008,2025-05-05 10:10:00,3,Steel
DEF-07155,M008,2025-05-05 13:30:00,2,Reprocessed Plastics
DEF-07156,M008,2025-05-05 14:45:00,3,Catalyst
DEF-07157,M008,2025-05-05 15:00:00,19,Packaging
DEF-07158,M008,2025-05-05 16:15:00,35,Machine Component
DEF-07159,M008,2025-05-05 16:40:00,1,Reprocessed Plastics
DEF-07160,M008,2025-05-05 18:20:00,8,Textiles
DEF-07161,M008,2025-05-05 18:25:00,7,Industrial Oil
DEF-07162,M008,2025-05-05 19:15:00,4,Reprocessed Plastics
DEF-07163,M008,2025-05-05 20:20:00,21,Aluminum
DEF-07164,M008,2025-05-05 21:15:00,2,Aluminum
DEF-07165,M008,2025-05-05 21:40:00,12,Cotton
DEF-07166,M008,2025-05-06 01:35:00,8,Machine Component
DEF-07167,M008,2025-05-06 04:10:00,9,Polypropylene
DEF-07168,M008,2025-05-06 04:50:00,6,Cotton
DEF-07169,M008,2025-05-06 06:10:00,16,Solvent
DEF-07170,M008,2025-05-06 10:35:00,3,Steel
DEF-07171,M008,2025-05-06 12:20:00,5,Steel
DEF-07172,M008,2025-05-06 13:05:00,29,Steel
DEF-07173,M008,2025-05-06 13:20:00,11,Coolant
DEF-07174,M008,2025-05-06 13:25:00,30,Polypropylene
DEF-07175,M008,2025-05-06 14:00:00,4,Polypropylene
DEF-07176,M008,2025-05-06 17:35:00,43,Reprocessed Plastics
DEF-07177,M008,2025-05-06 17:45:00,4,Reprocessed Plastics
DEF-07178,M008,2025-05-06 18:35:00,1,Textiles
DEF-07179,M008,2025-05-06 19:35:00,3,Sheet Metal
DEF-07180,M008,2025-05-06 19:45:00,18,Aluminum
DEF-07181,M008,2025-05-06 19:50:00,16,Polypropylene
DEF-07182,M008,2025-05-06 20:35:00,17,Solvent
DEF-07183,M008,2025-05-06 21:35:00,24,Polypropylene
DEF-07184,M008,2025-05-06 22:15:00,12,Circuit Board
DEF-07185,M008,2025-05-06 23:10:00,1,Coolant
DEF-07186,M008,2025-05-07 01:25:00,4,Catalyst
DEF-07187,M008,2025-05-07 01:30:00,9,Scrap Steel
DEF-07188,M008,2025-05-07 02:35:00,16,Steel
DEF-07189,M008,2025-05-07 02:45:00,16,Lead-Based Alloy
DEF-07190,M008,2025-05-07 04:35:00,31,Circuit Board
DEF-07191,M008,2025-05-07 05:10:00,24,Sheet Metal
DEF-07192,M008,2025-05-07 06:50:00,1,Circuit Board
DEF-07193,M008,2025-05-07 07:10:00,5,Reprocessed Plastics
DEF-07194,M008,2025-05-07 09:10:00,9,Solvent
DEF-07195,M008,2025-05-07 11:05:00,15,Catalyst
DEF-07196,M008,2025-05-07 12:25:00,1,Sheet Metal
DEF-07197,M008,2025-05-07 13:25:00,32,Solvent
DEF-07198,M008,2025-05-07 15:10:00,7,Coolant
DEF-07199,M008,2025-05-07 15:15:00,17,Lead-Based Alloy
DEF-07200,M008,2025-05-07 16:55:00,9,Packaging
DEF-07201,M008,2025-05-07 17:20:00,9,Reprocessed Plastics
DEF-07202,M008,2025-05-07 17:40:00,43,Reprocessed Plastics
DEF-07203,M008,2025-05-07 19:30:00,16,Sheet Metal
DEF-07204,M008,2025-05-07 19:35:00,23,Circuit Board
DEF-07205,M008,2025-05-07 19:50:00,32,Circuit Board
DEF-07206,M008,2025-05-07 20:35:00,26,Scrap Steel
DEF-07207,M008,2025-05-07 20:45:00,4,Plastic Resin
DEF-07208,M008,2025-05-07 20:50:00,17,Plastic Resin
DEF-07209,M008,2025-05-07 22:25:00,8,Catalyst
DEF-07210,M008,2025-05-07 22:30:00,20,Circuit Board
DEF-07211,M008,2025-05-07 22:40:00,26,Solvent
DEF-07212,M008,2025-05-08 00:30:00,5,Coolant
DEF-07213,M008,2025-05-08 01:50:00,1,Reprocessed Plastics
DEF-07214,M008,2025-05-08 02:50:00,19,Aluminum
DEF-07215,M008,2025-05-08 04:00:00,17,Solvent
DEF-07216,M008,2025-05-08 05:20:00,1,Industrial Oil
DEF-07217,M008,2025-05-08 05:55:00,10,Textiles
DEF-07218,M008,2025-05-08 06:00:00,15,Solvent
DEF-07219,M008,2025-05-08 06:45:00,39,Polypropylene
DEF-07220,M008,2025-05-08 07:00:00,2,Industrial Oil
DEF-07221,M008,2025-05-08 07:25:00,0,Aluminum
DEF-07222,M008,2025-05-08 07:40:00,21,Scrap Steel
DEF-07223,M008,2025-05-08 08:15:00,3,Solvent
DEF-07224,M008,2025-05-08 09:10:00,23,Aluminum
DEF-07225,M008,2025-05-08 09:45:00,43,Steel
DEF-07226,M008,2025-05-08 10:20:00,10,Plastic Resin
DEF-07227,M008,2025-05-08 10:25:00,14,Cotton
DEF-07228,M008,2025-05-08 10:30:00,1,Catalyst
DEF-07229,M008,2025-05-08 11:55:00,36,Circuit Board
DEF-07230,M008,2025-05-08 12:15:00,9,Cotton
DEF-07231,M008,2025-05-08 12:40:00,25,Solvent
DEF-07232,M008,2025-05-08 13:50:00,27,Catalyst
DEF-07233,M008,2025-05-08 14:10:00,5,Reprocessed Plastics
DEF-07234,M008,2025-05-08 14:35:00,29,Lead-Based Alloy
DEF-07235,M008,2025-05-08 16:10:00,31,Lead-Based Alloy
DEF-07236,M008,2025-05-08 16:45:00,16,Steel
DEF-07237,M008,2025-05-08 16:55:00,33,Coolant
DEF-07238,M008,2025-05-08 17:05:00,4,Coolant
DEF-07239,M008,2025-05-08 17:30:00,6,Solvent
DEF-07240,M008,2025-05-08 18:05:00,8,Catalyst
DEF-07241,M008,2025-05-08 19:05:00,8,Industrial Oil
DEF-07242,M008,2025-05-08 20:10:00,12,Polypropylene
DEF-07243,M008,2025-05-08 22:20:00,6,Packaging
DEF-07244,M008,2025-05-08 23:45:00,4,Cotton
DEF-07245,M008,2025-05-08 23:55:00,12,Reprocessed Plastics
DEF-07246,M008,2025-05-09 00:00:00,7,Textiles
DEF-07247,M008,2025-05-09 00:15:00,3,Industrial Oil
DEF-07248,M008,2025-05-09 01:20:00,2,Sheet Metal
DEF-07249,M008,2025-05-09 02:45:00,13,Lead-Based Alloy
DEF-07250,M008,2025-05-09 03:15:00,35,Reprocessed Plastics
DEF-07251,M008,2025-05-09 03:55:00,2,Lead-Based Alloy
DEF-07252,M008,2025-05-09 04:15:00,21,Reprocessed Plastics
DEF-07253,M008,2025-05-09 04:35:00,0,Circuit Board
DEF-07254,M008,2025-05-09 06:00:00,20,Sheet Metal
DEF-07255,M008,2025-05-09 06:40:00,5,Polypropylene
DEF-07256,M008,2025-05-09 07:00:00,32,Reprocessed Plastics
DEF-07257,M008,2025-05-09 07:30:00,19,Aluminum
DEF-07258,M008,2025-05-09 07:40:00,35,Catalyst
DEF-07259,M008,2025-05-09 09:00:00,2,Polypropylene
DEF-07260,M008,2025-05-09 10:05:00,19,Industrial Oil
DEF-07261,M008,2025-05-09 11:20:00,3,Steel
DEF-07262,M008,2025-05-09 12:10:00,31,Lead-Based Alloy
DEF-07263,M008,2025-05-09 12:15:00,14,Solvent
DEF-07264,M008,2025-05-09 14:25:00,18,Sheet Metal
DEF-07265,M008,2025-05-09 14:45:00,3,Solvent
DEF-07266,M008,2025-05-09 15:00:00,5,Reprocessed Plastics
DEF-07267,M008,2025-05-09 15:05:00,1,Scrap Steel
DEF-07268,M008,2025-05-09 17:40:00,6,Scrap Steel
DEF-07269,M008,2025-05-09 17:55:00,3,Sheet Metal
DEF-07270,M008,2025-05-09 19:30:00,21,Scrap Steel
DEF-07271,M008,2025-05-09 20:15:00,33,Reprocessed Plastics
DEF-07272,M008,2025-05-09 20:30:00,14,Lead-Based Alloy
DEF-07273,M008,2025-05-09 21:05:00,20,Coolant
DEF-07274,M008,2025-05-09 21:25:00,11,Catalyst
DEF-07275,M008,2025-05-09 22:45:00,36,Plastic Resin
DEF-07276,M008,2025-05-10 00:25:00,12,Scrap Steel
DEF-07277,M008,2025-05-10 01:15:00,9,Reprocessed Plastics
DEF-07278,M008,2025-05-10 01:25:00,7,Packaging
DEF-07279,M008,2025-05-10 02:30:00,29,Lead-Based Alloy
DEF-07280,M008,2025-05-10 04:10:00,14,Reprocessed Plastics
DEF-07281,M008,2025-05-10 06:15:00,16,Polypropylene
DEF-07282,M008,2025-05-10 06:30:00,6,Solvent
DEF-07283,M008,2025-05-10 07:20:00,7,Plastic Resin
DEF-07284,M008,2025-05-10 07:25:00,1,Machine Component
DEF-07285,M008,2025-05-10 07:55:00,13,Industrial Oil
DEF-07286,M008,2025-05-10 08:15:00,10,Scrap Steel
DEF-07287,M008,2025-05-10 08:50:00,18,Packaging
DEF-07288,M008,2025-05-10 09:00:00,40,Lead-Based Alloy
DEF-07289,M008,2025-05-10 09:30:00,31,Solvent
DEF-07290,M008,2025-05-10 11:30:00,7,Cotton
DEF-07291,M008,2025-05-10 11:35:00,20,Industrial Oil
DEF-07292,M008,2025-05-10 12:00:00,3,Coolant
DEF-07293,M008,2025-05-10 12:25:00,3,Plastic Resin
DEF-07294,M008,2025-05-10 12:35:00,3,Aluminum
DEF-07295,M008,2025-05-10 12:40:00,41,Circuit Board
DEF-07296,M008,2025-05-10 13:15:00,11,Steel
DEF-07297,M008,2025-05-10 13:25:00,1,Solvent
DEF-07298,M008,2025-05-10 14:20:00,1,Cotton
DEF-07299,M008,2025-05-10 15:35:00,8,Catalyst
DEF-07300,M008,2025-05-10 17:00:00,11,Circuit Board
DEF-07301,M008,2025-05-10 17:40:00,2,Industrial Oil
DEF-07302,M008,2025-05-10 19:10:00,21,Lead-Based Alloy
DEF-07303,M008,2025-05-10 20:10:00,26,Reprocessed Plastics
DEF-07304,M008,2025-05-10 22:35:00,21,Scrap Steel
DEF-07305,M008,2025-05-10 23:20:00,2,Solvent
DEF-07306,M008,2025-05-11 00:15:00,4,Polypropylene
DEF-07307,M008,2025-05-11 01:00:00,38,Steel
DEF-07308,M008,2025-05-11 01:10:00,5,Cotton
DEF-07309,M008,2025-05-11 01:25:00,5,Scrap Steel
DEF-07310,M008,2025-05-11 01:30:00,29,Cotton
DEF-07311,M008,2025-05-11 03:20:00,2,Circuit Board
DEF-07312,M008,2025-05-11 04:30:00,5,Plastic Resin
DEF-07313,M008,2025-05-11 05:05:00,9,Catalyst
DEF-07314,M008,2025-05-11 05:25:00,1,Scrap Steel
DEF-07315,M008,2025-05-11 06:25:00,37,Catalyst
DEF-07316,M008,2025-05-11 07:05:00,7,Reprocessed Plastics
DEF-07317,M008,2025-05-11 07:50:00,11,Reprocessed Plastics
DEF-07318,M008,2025-05-11 11:30:00,13,Packaging
DEF-07319,M008,2025-05-11 11:40:00,6,Scrap Steel
DEF-07320,M008,2025-05-11 12:00:00,10,Packaging
DEF-07321,M008,2025-05-11 12:35:00,2,Sheet Metal
DEF-07322,M008,2025-05-11 12:40:00,12,Industrial Oil
DEF-07323,M008,2025-05-11 13:20:00,24,Solvent
DEF-07324,M008,2025-05-11 16:25:00,14,Coolant
DEF-07325,M008,2025-05-11 16:55:00,0,Industrial Oil
DEF-07326,M008,2025-05-11 18:35:00,8,Packaging
DEF-07327,M008,2025-05-11 19:10:00,22,Lead-Based Alloy
DEF-07328,M008,2025-05-11 19:55:00,19,Polypropylene
DEF-07329,M008,2025-05-11 22:05:00,4,Lead-Based Alloy
DEF-07330,M008,2025-05-12 00:05:00,5,Plastic Resin
DEF-07331,M008,2025-05-12 00:25:00,26,Solvent
DEF-07332,M008,2025-05-12 00:30:00,16,Catalyst
DEF-07333,M008,2025-05-12 01:30:00,14,Industrial Oil
DEF-07334,M008,2025-05-12 02:30:00,8,Polypropylene
DEF-07335,M008,2025-05-12 03:00:00,10,Scrap Steel
DEF-07336,M008,2025-05-12 03:45:00,7,Lead-Based Alloy
DEF-07337,M008,2025-05-12 04:20:00,7,Plastic Resin
DEF-07338,M008,2025-05-12 04:25:00,15,Machine Component
DEF-07339,M008,2025-05-12 06:05:00,2,Circuit Board
DEF-07340,M008,2025-05-12 07:45:00,3,Scrap Steel
DEF-07341,M008,2025-05-12 08:20:00,0,Plastic Resin
DEF-07342,M008,2025-05-12 09:55:00,10,Packaging
DEF-07343,M008,2025-05-12 10:30:00,6,Sheet Metal
DEF-07344,M008,2025-05-12 11:45:00,6,Packaging
DEF-07345,M008,2025-05-12 11:50:00,8,Catalyst
DEF-07346,M008,2025-05-12 12:15:00,0,Packaging
DEF-07347,M008,2025-05-12 13:25:00,5,Coolant
DEF-07348,M008,2025-05-12 13:50:00,13,Catalyst
DEF-07349,M008,2025-05-12 14:00:00,10,Steel
DEF-07350,M008,2025-05-12 15:30:00,0,Scrap Steel
DEF-07351,M008,2025-05-12 17:15:00,4,Solvent
DEF-07352,M008,2025-05-12 17:45:00,3,Aluminum
DEF-07353,M008,2025-05-12 18:15:00,20,Coolant
DEF-07354,M008,2025-05-12 19:45:00,14,Steel
DEF-07355,M008,2025-05-12 20:15:00,17,Reprocessed Plastics
DEF-07356,M008,2025-05-12 20:45:00,13,Textiles
DEF-07357,M008,2025-05-12 20:50:00,14,Reprocessed Plastics
DEF-07358,M008,2025-05-12 20:55:00,22,Cotton
DEF-07359,M008,2025-05-12 22:30:00,28,Circuit Board
DEF-07360,M008,2025-05-13 00:35:00,29,Sheet Metal
DEF-07361,M008,2025-05-13 04:30:00,7,Packaging
DEF-07362,M008,2025-05-13 05:25:00,23,Solvent
DEF-07363,M008,2025-05-13 06:55:00,45,Packaging
DEF-07364,M008,2025-05-13 11:10:00,26,Industrial Oil
DEF-07365,M008,2025-05-13 11:40:00,18,Reprocessed Plastics
DEF-07366,M008,2025-05-13 12:05:00,14,Coolant
DEF-07367,M008,2025-05-13 12:40:00,25,Lead-Based Alloy
DEF-07368,M008,2025-05-13 12:55:00,28,Coolant
DEF-07369,M008,2025-05-13 13:35:00,29,Coolant
DEF-07370,M008,2025-05-13 14:50:00,22,Catalyst
DEF-07371,M008,2025-05-13 16:55:00,22,Textiles
DEF-07372,M008,2025-05-13 18:05:00,8,Machine Component
DEF-07373,M008,2025-05-13 19:10:00,23,Scrap Steel
DEF-07374,M008,2025-05-13 19:20:00,24,Packaging
DEF-07375,M008,2025-05-13 19:55:00,26,Sheet Metal
DEF-07376,M008,2025-05-13 20:20:00,28,Catalyst
DEF-07377,M008,2025-05-13 21:15:00,2,Plastic Resin
DEF-07378,M008,2025-05-13 21:30:00,1,Packaging
DEF-07379,M008,2025-05-13 22:35:00,28,Textiles
DEF-07380,M008,2025-05-13 22:45:00,20,Lead-Based Alloy
DEF-07381,M008,2025-05-13 23:10:00,11,Polypropylene
DEF-07382,M008,2025-05-14 00:55:00,30,Steel
DEF-07383,M008,2025-05-14 01:10:00,3,Solvent
DEF-07384,M008,2025-05-14 01:20:00,14,Solvent
DEF-07385,M008,2025-05-14 03:50:00,15,Reprocessed Plastics
DEF-07386,M008,2025-05-14 07:45:00,7,Steel
DEF-07387,M008,2025-05-14 08:10:00,34,Scrap Steel
DEF-07388,M008,2025-05-14 08:20:00,22,Textiles
DEF-07389,M008,2025-05-14 09:00:00,5,Circuit Board
DEF-07390,M008,2025-05-14 09:10:00,3,Lead-Based Alloy
DEF-07391,M008,2025-05-14 10:00:00,27,Circuit Board
DEF-07392,M008,2025-05-14 10:25:00,3,Catalyst
DEF-07393,M008,2025-05-14 11:20:00,10,Plastic Resin
DEF-07394,M008,2025-05-14 12:25:00,11,Sheet Metal
DEF-07395,M008,2025-05-14 13:15:00,0,Industrial Oil
DEF-07396,M008,2025-05-14 13:55:00,31,Machine Component
DEF-07397,M008,2025-05-14 16:35:00,5,Polypropylene
DEF-07398,M008,2025-05-14 20:10:00,11,Reprocessed Plastics
DEF-07399,M008,2025-05-14 20:40:00,17,Circuit Board
DEF-07400,M008,2025-05-14 21:10:00,27,Plastic Resin
DEF-07401,M008,2025-05-14 21:55:00,19,Textiles
DEF-07402,M008,2025-05-14 22:00:00,25,Scrap Steel
DEF-07403,M008,2025-05-14 22:35:00,7,Polypropylene
DEF-07404,M008,2025-05-14 23:05:00,17,Aluminum
DEF-07405,M008,2025-05-14 23:20:00,3,Circuit Board
DEF-07406,M008,2025-05-15 02:00:00,7,Lead-Based Alloy
DEF-07407,M008,2025-05-15 02:45:00,14,Circuit Board
DEF-07408,M008,2025-05-15 03:40:00,10,Reprocessed Plastics
DEF-07409,M008,2025-05-15 04:15:00,15,Textiles
DEF-07410,M008,2025-05-15 05:25:00,4,Coolant
DEF-07411,M008,2025-05-15 08:35:00,13,Packaging
DEF-07412,M008,2025-05-15 09:50:00,4,Scrap Steel
DEF-07413,M008,2025-05-15 11:15:00,37,Coolant
DEF-07414,M008,2025-05-15 13:05:00,9,Cotton
DEF-07415,M008,2025-05-15 17:05:00,6,Reprocessed Plastics
DEF-07416,M008,2025-05-15 17:40:00,30,Solvent
DEF-07417,M008,2025-05-15 18:15:00,2,Textiles
DEF-07418,M008,2025-05-15 19:05:00,10,Coolant
DEF-07419,M008,2025-05-15 21:30:00,18,Scrap Steel
DEF-07420,M008,2025-05-15 22:25:00,8,Lead-Based Alloy
DEF-07421,M008,2025-05-15 23:05:00,35,Coolant
DEF-07422,M008,2025-05-15 23:25:00,19,Solvent
DEF-07423,M008,2025-05-15 23:45:00,3,Steel
DEF-07424,M008,2025-05-16 04:10:00,14,Industrial Oil
DEF-07425,M008,2025-05-16 04:45:00,20,Packaging
DEF-07426,M008,2025-05-16 04:50:00,12,Packaging
DEF-07427,M008,2025-05-16 05:40:00,4,Cotton
DEF-07428,M008,2025-05-16 05:55:00,22,Machine Component
DEF-07429,M008,2025-05-16 06:50:00,17,Catalyst
DEF-07430,M008,2025-05-16 07:40:00,13,Steel
DEF-07431,M008,2025-05-16 08:35:00,20,Cotton
DEF-07432,M008,2025-05-16 09:05:00,20,Plastic Resin
DEF-07433,M008,2025-05-16 09:55:00,4,Machine Component
DEF-07434,M008,2025-05-16 11:15:00,30,Reprocessed Plastics
DEF-07435,M008,2025-05-16 11:25:00,17,Steel
DEF-07436,M008,2025-05-16 13:00:00,0,Packaging
DEF-07437,M008,2025-05-16 14:35:00,21,Polypropylene
DEF-07438,M008,2025-05-16 14:40:00,19,Catalyst
DEF-07439,M008,2025-05-16 15:55:00,9,Sheet Metal
DEF-07440,M008,2025-05-16 17:15:00,33,Plastic Resin
DEF-07441,M008,2025-05-16 17:25:00,11,Industrial Oil
DEF-07442,M008,2025-05-16 17:30:00,20,Sheet Metal
DEF-07443,M008,2025-05-16 17:40:00,28,Circuit Board
DEF-07444,M008,2025-05-16 18:00:00,46,Lead-Based Alloy
DEF-07445,M008,2025-05-16 19:35:00,7,Plastic Resin
DEF-07446,M008,2025-05-16 20:10:00,1,Textiles
DEF-07447,M008,2025-05-16 20:20:00,22,Scrap Steel
DEF-07448,M008,2025-05-16 21:05:00,17,Solvent
DEF-07449,M008,2025-05-16 23:20:00,1,Solvent
DEF-07450,M008,2025-05-17 01:10:00,30,Sheet Metal
DEF-07451,M008,2025-05-17 01:45:00,3,Lead-Based Alloy
DEF-07452,M008,2025-05-17 04:40:00,9,Scrap Steel
DEF-07453,M008,2025-05-17 04:50:00,9,Catalyst
DEF-07454,M008,2025-05-17 05:00:00,36,Scrap Steel
DEF-07455,M008,2025-05-17 05:25:00,11,Textiles
DEF-07456,M008,2025-05-17 08:05:00,4,Coolant
DEF-07457,M008,2025-05-17 08:15:00,9,Coolant
DEF-07458,M008,2025-05-17 09:50:00,3,Coolant
DEF-07459,M008,2025-05-17 10:05:00,14,Scrap Steel
DEF-07460,M008,2025-05-17 10:40:00,4,Scrap Steel
DEF-07461,M008,2025-05-17 11:55:00,1,Steel
DEF-07462,M008,2025-05-17 12:05:00,22,Sheet Metal
DEF-07463,M008,2025-05-17 12:35:00,12,Packaging
DEF-07464,M008,2025-05-17 13:05:00,14,Plastic Resin
DEF-07465,M008,2025-05-17 14:20:00,8,Solvent
DEF-07466,M008,2025-05-17 15:00:00,3,Machine Component
DEF-07467,M008,2025-05-17 15:20:00,11,Reprocessed Plastics
DEF-07468,M008,2025-05-17 16:50:00,40,Packaging
DEF-07469,M008,2025-05-17 17:50:00,6,Cotton
DEF-07470,M008,2025-05-17 18:05:00,9,Cotton
DEF-07471,M008,2025-05-17 19:40:00,16,Scrap Steel
DEF-07472,M008,2025-05-17 19:45:00,12,Sheet Metal
DEF-07473,M008,2025-05-17 20:20:00,17,Textiles
DEF-07474,M008,2025-05-17 21:25:00,20,Textiles
DEF-07475,M008,2025-05-17 22:15:00,6,Machine Component
DEF-07476,M008,2025-05-17 23:05:00,16,Aluminum
DEF-07477,M008,2025-05-18 00:45:00,23,Steel
DEF-07478,M008,2025-05-18 01:40:00,22,Lead-Based Alloy
DEF-07479,M008,2025-05-18 01:55:00,4,Machine Component
DEF-07480,M008,2025-05-18 03:05:00,12,Circuit Board
DEF-07481,M008,2025-05-18 03:30:00,11,Scrap Steel
DEF-07482,M008,2025-05-18 05:20:00,28,Textiles
DEF-07483,M008,2025-05-18 06:45:00,1,Solvent
DEF-07484,M008,2025-05-18 07:40:00,17,Sheet Metal
DEF-07485,M008,2025-05-18 07:55:00,9,Polypropylene
DEF-07486,M008,2025-05-18 08:45:00,1,Packaging
DEF-07487,M008,2025-05-18 09:30:00,10,Industrial Oil
DEF-07488,M008,2025-05-18 10:00:00,9,Textiles
DEF-07489,M008,2025-05-18 10:50:00,21,Textiles
DEF-07490,M008,2025-05-18 11:40:00,19,Steel
DEF-07491,M008,2025-05-18 12:35:00,18,Steel
DEF-07492,M008,2025-05-18 12:55:00,0,Cotton
DEF-07493,M008,2025-05-18 15:10:00,1,Reprocessed Plastics
DEF-07494,M008,2025-05-18 16:40:00,9,Scrap Steel
DEF-07495,M008,2025-05-18 17:35:00,18,Reprocessed Plastics
DEF-07496,M008,2025-05-18 17:40:00,2,Coolant
DEF-07497,M008,2025-05-18 18:40:00,41,Solvent
DEF-07498,M008,2025-05-18 20:40:00,25,Reprocessed Plastics
DEF-07499,M008,2025-05-18 21:00:00,2,Scrap Steel
DEF-07500,M008,2025-05-18 21:55:00,25,Steel
DEF-07501,M008,2025-05-18 22:00:00,35,Machine Component
DEF-07502,M008,2025-05-18 22:45:00,3,Coolant
DEF-07503,M008,2025-05-19 00:10:00,1,Textiles
DEF-07504,M008,2025-05-19 02:45:00,30,Solvent
DEF-07505,M008,2025-05-19 03:55:00,17,Coolant
DEF-07506,M008,2025-05-19 04:15:00,4,Catalyst
DEF-07507,M008,2025-05-19 04:30:00,3,Catalyst
DEF-07508,M008,2025-05-19 04:45:00,8,Circuit Board
DEF-07509,M008,2025-05-19 06:20:00,29,Solvent
DEF-07510,M008,2025-05-19 07:15:00,11,Catalyst
DEF-07511,M008,2025-05-19 08:20:00,2,Packaging
DEF-07512,M008,2025-05-19 08:45:00,9,Aluminum
DEF-07513,M008,2025-05-19 10:45:00,46,Aluminum
DEF-07514,M008,2025-05-19 11:00:00,9,Cotton
DEF-07515,M008,2025-05-19 12:50:00,5,Catalyst
DEF-07516,M008,2025-05-19 13:40:00,4,Lead-Based Alloy
DEF-07517,M008,2025-05-19 13:45:00,6,Industrial Oil
DEF-07518,M008,2025-05-19 14:15:00,21,Catalyst
DEF-07519,M008,2025-05-19 14:20:00,9,Machine Component
DEF-07520,M008,2025-05-19 15:55:00,22,Textiles
DEF-07521,M008,2025-05-19 16:20:00,12,Coolant
DEF-07522,M008,2025-05-19 18:25:00,25,Industrial Oil
DEF-07523,M008,2025-05-19 19:25:00,49,Circuit Board
DEF-07524,M008,2025-05-19 20:45:00,12,Packaging
DEF-07525,M008,2025-05-19 20:55:00,4,Sheet Metal
DEF-07526,M008,2025-05-19 21:40:00,1,Industrial Oil
DEF-07527,M008,2025-05-19 22:05:00,3,Textiles
DEF-07528,M008,2025-05-19 22:25:00,15,Packaging
DEF-07529,M008,2025-05-19 22:50:00,4,Catalyst
DEF-07530,M008,2025-05-20 00:00:00,3,Cotton
DEF-07531,M008,2025-05-20 01:35:00,9,Circuit Board
DEF-07532,M008,2025-05-20 01:55:00,8,Catalyst
DEF-07533,M008,2025-05-20 02:20:00,3,Industrial Oil
DEF-07534,M008,2025-05-20 02:25:00,18,Plastic Resin
DEF-07535,M008,2025-05-20 03:15:00,37,Lead-Based Alloy
DEF-07536,M008,2025-05-20 03:50:00,8,Packaging
DEF-07537,M008,2025-05-20 04:10:00,5,Scrap Steel
DEF-07538,M008,2025-05-20 04:50:00,7,Lead-Based Alloy
DEF-07539,M008,2025-05-20 05:35:00,1,Machine Component
DEF-07540,M008,2025-05-20 05:45:00,30,Aluminum
DEF-07541,M008,2025-05-20 06:35:00,30,Textiles
DEF-07542,M008,2025-05-20 07:35:00,3,Lead-Based Alloy
DEF-07543,M008,2025-05-20 08:40:00,7,Steel
DEF-07544,M008,2025-05-20 08:45:00,6,Coolant
DEF-07545,M008,2025-05-20 09:50:00,12,Reprocessed Plastics
DEF-07546,M008,2025-05-20 11:20:00,15,Packaging
DEF-07547,M008,2025-05-20 13:55:00,7,Catalyst
DEF-07548,M008,2025-05-20 14:35:00,33,Solvent
DEF-07549,M008,2025-05-20 15:15:00,3,Coolant
DEF-07550,M008,2025-05-20 15:55:00,8,Reprocessed Plastics
DEF-07551,M008,2025-05-20 16:05:00,4,Sheet Metal
DEF-07552,M008,2025-05-20 17:10:00,27,Polypropylene
DEF-07553,M008,2025-05-20 18:55:00,21,Polypropylene
DEF-07554,M008,2025-05-20 19:45:00,11,Circuit Board
DEF-07555,M008,2025-05-20 20:30:00,4,Steel
DEF-07556,M008,2025-05-20 21:15:00,9,Solvent
DEF-07557,M008,2025-05-20 21:45:00,7,Aluminum
DEF-07558,M008,2025-05-20 21:50:00,1,Scrap Steel
DEF-07559,M008,2025-05-20 23:50:00,23,Circuit Board
DEF-07560,M008,2025-05-20 23:55:00,15,Catalyst
DEF-07561,M008,2025-05-21 00:40:00,39,Catalyst
DEF-07562,M008,2025-05-21 01:30:00,30,Plastic Resin
DEF-07563,M008,2025-05-21 01:45:00,21,Machine Component
DEF-07564,M008,2025-05-21 02:45:00,38,Packaging
DEF-07565,M008,2025-05-21 03:05:00,26,Industrial Oil
DEF-07566,M008,2025-05-21 04:35:00,11,Reprocessed Plastics
DEF-07567,M008,2025-05-21 05:35:00,12,Plastic Resin
DEF-07568,M008,2025-05-21 06:35:00,13,Circuit Board
DEF-07569,M008,2025-05-21 06:45:00,22,Lead-Based Alloy
DEF-07570,M008,2025-05-21 07:40:00,19,Machine Component
DEF-07571,M008,2025-05-21 07:45:00,24,Solvent
DEF-07572,M008,2025-05-21 08:30:00,27,Coolant
DEF-07573,M008,2025-05-21 09:40:00,29,Industrial Oil
DEF-07574,M008,2025-05-21 11:50:00,25,Textiles
DEF-07575,M008,2025-05-21 12:00:00,12,Circuit Board
DEF-07576,M008,2025-05-21 12:15:00,2,Lead-Based Alloy
DEF-07577,M008,2025-05-21 13:20:00,35,Reprocessed Plastics
DEF-07578,M008,2025-05-21 13:50:00,11,Polypropylene
DEF-07579,M008,2025-05-21 14:00:00,32,Reprocessed Plastics
DEF-07580,M008,2025-05-21 14:20:00,4,Solvent
DEF-07581,M008,2025-05-21 16:05:00,9,Circuit Board
DEF-07582,M008,2025-05-21 18:45:00,22,Steel
DEF-07583,M008,2025-05-21 20:45:00,10,Plastic Resin
DEF-07584,M008,2025-05-21 20:55:00,0,Industrial Oil
DEF-07585,M008,2025-05-21 21:15:00,19,Reprocessed Plastics
DEF-07586,M008,2025-05-21 21:30:00,13,Reprocessed Plastics
DEF-07587,M008,2025-05-21 22:00:00,34,Scrap Steel
DEF-07588,M008,2025-05-21 22:05:00,18,Lead-Based Alloy
DEF-07589,M008,2025-05-21 22:55:00,10,Circuit Board
DEF-07590,M008,2025-05-22 00:00:00,39,Lead-Based Alloy
DEF-07591,M008,2025-05-22 00:10:00,27,Machine Component
DEF-07592,M008,2025-05-22 00:25:00,28,Scrap Steel
DEF-07593,M008,2025-05-22 00:30:00,5,Industrial Oil
DEF-07594,M008,2025-05-22 00:40:00,11,Reprocessed Plastics
DEF-07595,M008,2025-05-22 00:45:00,41,Solvent
DEF-07596,M008,2025-05-22 04:15:00,31,Reprocessed Plastics
DEF-07597,M008,2025-05-22 05:25:00,7,Solvent
DEF-07598,M008,2025-05-22 06:50:00,13,Plastic Resin
DEF-07599,M008,2025-05-22 07:20:00,12,Cotton
DEF-07600,M008,2025-05-22 07:35:00,17,Solvent
DEF-07601,M008,2025-05-22 07:55:00,2,Sheet Metal
DEF-07602,M008,2025-05-22 09:10:00,5,Plastic Resin
DEF-07603,M008,2025-05-22 10:05:00,2,Reprocessed Plastics
DEF-07604,M008,2025-05-22 10:20:00,30,Coolant
DEF-07605,M008,2025-05-22 10:40:00,17,Packaging
DEF-07606,M008,2025-05-22 11:10:00,15,Aluminum
DEF-07607,M008,2025-05-22 12:10:00,5,Solvent
DEF-07608,M008,2025-05-22 12:25:00,0,Circuit Board
DEF-07609,M008,2025-05-22 13:50:00,21,Catalyst
DEF-07610,M008,2025-05-22 14:45:00,6,Aluminum
DEF-07611,M008,2025-05-22 15:15:00,4,Plastic Resin
DEF-07612,M008,2025-05-22 15:20:00,22,Scrap Steel
DEF-07613,M008,2025-05-22 15:35:00,32,Circuit Board
DEF-07614,M008,2025-05-22 16:00:00,7,Plastic Resin
DEF-07615,M008,2025-05-22 17:20:00,15,Scrap Steel
DEF-07616,M008,2025-05-22 18:55:00,4,Circuit Board
DEF-07617,M008,2025-05-22 19:05:00,29,Steel
DEF-07618,M008,2025-05-22 19:30:00,12,Scrap Steel
DEF-07619,M008,2025-05-22 19:35:00,7,Packaging
DEF-07620,M008,2025-05-22 20:15:00,7,Scrap Steel
DEF-07621,M008,2025-05-22 21:35:00,41,Catalyst
DEF-07622,M008,2025-05-22 23:35:00,9,Lead-Based Alloy
DEF-07623,M008,2025-05-22 23:45:00,1,Packaging
DEF-07624,M008,2025-05-23 00:20:00,6,Machine Component
DEF-07625,M008,2025-05-23 01:35:00,1,Steel
DEF-07626,M008,2025-05-23 01:55:00,4,Packaging
DEF-07627,M008,2025-05-23 02:00:00,12,Lead-Based Alloy
DEF-07628,M008,2025-05-23 02:05:00,2,Polypropylene
DEF-07629,M008,2025-05-23 02:20:00,3,Machine Component
DEF-07630,M008,2025-05-23 02:35:00,2,Scrap Steel
DEF-07631,M008,2025-05-23 02:50:00,0,Solvent
DEF-07632,M008,2025-05-23 03:15:00,3,Coolant
DEF-07633,M008,2025-05-23 04:10:00,23,Machine Component
DEF-07634,M008,2025-05-23 04:35:00,7,Industrial Oil
DEF-07635,M008,2025-05-23 04:45:00,8,Catalyst
DEF-07636,M008,2025-05-23 05:30:00,8,Scrap Steel
DEF-07637,M008,2025-05-23 05:45:00,5,Textiles
DEF-07638,M008,2025-05-23 06:15:00,7,Lead-Based Alloy
DEF-07639,M008,2025-05-23 06:20:00,26,Solvent
DEF-07640,M008,2025-05-23 06:35:00,1,Industrial Oil
DEF-07641,M008,2025-05-23 06:55:00,3,Polypropylene
DEF-07642,M008,2025-05-23 07:20:00,26,Solvent
DEF-07643,M008,2025-05-23 08:35:00,8,Lead-Based Alloy
DEF-07644,M008,2025-05-23 10:25:00,3,Solvent
DEF-07645,M008,2025-05-23 10:40:00,11,Cotton
DEF-07646,M008,2025-05-23 10:45:00,37,Packaging
DEF-07647,M008,2025-05-23 11:50:00,7,Reprocessed Plastics
DEF-07648,M008,2025-05-23 12:05:00,3,Reprocessed Plastics
DEF-07649,M008,2025-05-23 12:40:00,4,Scrap Steel
DEF-07650,M008,2025-05-23 13:15:00,31,Machine Component
DEF-07651,M008,2025-05-23 13:20:00,23,Reprocessed Plastics
DEF-07652,M008,2025-05-23 14:20:00,30,Industrial Oil
DEF-07653,M008,2025-05-23 16:40:00,10,Catalyst
DEF-07654,M008,2025-05-23 16:50:00,24,Plastic Resin
DEF-07655,M008,2025-05-23 19:15:00,0,Industrial Oil
DEF-07656,M008,2025-05-23 19:20:00,12,Reprocessed Plastics
DEF-07657,M008,2025-05-23 19:30:00,38,Textiles
DEF-07658,M008,2025-05-23 20:50:00,8,Textiles
DEF-07659,M008,2025-05-23 21:30:00,12,Packaging
DEF-07660,M008,2025-05-23 22:50:00,8,Textiles
DEF-07661,M008,2025-05-23 23:40:00,14,Polypropylene
DEF-07662,M008,2025-05-24 01:05:00,2,Packaging
DEF-07663,M008,2025-05-24 01:55:00,2,Lead-Based Alloy
DEF-07664,M008,2025-05-24 02:05:00,4,Solvent
DEF-07665,M008,2025-05-24 02:15:00,4,Solvent
DEF-07666,M008,2025-05-24 02:25:00,5,Textiles
DEF-07667,M008,2025-05-24 05:10:00,13,Textiles
DEF-07668,M008,2025-05-24 05:40:00,24,Lead-Based Alloy
DEF-07669,M008,2025-05-24 05:55:00,32,Circuit Board
DEF-07670,M008,2025-05-24 06:05:00,20,Solvent
DEF-07671,M008,2025-05-24 06:25:00,1,Cotton
DEF-07672,M008,2025-05-24 08:20:00,11,Lead-Based Alloy
DEF-07673,M008,2025-05-24 09:20:00,29,Textiles
DEF-07674,M008,2025-05-24 10:50:00,35,Polypropylene
DEF-07675,M008,2025-05-24 13:00:00,7,Reprocessed Plastics
DEF-07676,M008,2025-05-24 14:10:00,14,Cotton
DEF-07677,M008,2025-05-24 14:30:00,16,Circuit Board
DEF-07678,M008,2025-05-24 15:45:00,0,Steel
DEF-07679,M008,2025-05-24 18:00:00,5,Sheet Metal
DEF-07680,M008,2025-05-24 19:25:00,25,Industrial Oil
DEF-07681,M008,2025-05-24 20:05:00,14,Coolant
DEF-07682,M008,2025-05-24 22:55:00,5,Aluminum
DEF-07683,M008,2025-05-25 00:35:00,43,Sheet Metal
DEF-07684,M008,2025-05-25 01:20:00,3,Scrap Steel
DEF-07685,M008,2025-05-25 03:00:00,8,Machine Component
DEF-07686,M008,2025-05-25 04:15:00,2,Packaging
DEF-07687,M008,2025-05-25 06:00:00,8,Solvent
DEF-07688,M008,2025-05-25 07:00:00,30,Industrial Oil
DEF-07689,M008,2025-05-25 07:20:00,23,Cotton
DEF-07690,M008,2025-05-25 07:30:00,32,Solvent
DEF-07691,M008,2025-05-25 08:10:00,6,Scrap Steel
DEF-07692,M008,2025-05-25 08:50:00,4,Packaging
DEF-07693,M008,2025-05-25 09:00:00,12,Reprocessed Plastics
DEF-07694,M008,2025-05-25 10:25:00,0,Textiles
DEF-07695,M008,2025-05-25 11:10:00,9,Lead-Based Alloy
DEF-07696,M008,2025-05-25 11:45:00,26,Aluminum
DEF-07697,M008,2025-05-25 13:00:00,17,Industrial Oil
DEF-07698,M008,2025-05-25 13:30:00,18,Textiles
DEF-07699,M008,2025-05-25 13:50:00,15,Machine Component
DEF-07700,M008,2025-05-25 14:15:00,21,Steel
DEF-07701,M008,2025-05-25 15:05:00,3,Reprocessed Plastics
DEF-07702,M008,2025-05-25 15:30:00,22,Reprocessed Plastics
DEF-07703,M008,2025-05-25 17:10:00,3,Scrap Steel
DEF-07704,M008,2025-05-25 17:20:00,9,Machine Component
DEF-07705,M008,2025-05-25 17:55:00,6,Lead-Based Alloy
DEF-07706,M008,2025-05-25 19:30:00,23,Lead-Based Alloy
DEF-07707,M008,2025-05-25 20:00:00,33,Circuit Board
DEF-07708,M008,2025-05-25 21:25:00,10,Industrial Oil
DEF-07709,M008,2025-05-25 23:45:00,21,Industrial Oil
DEF-07710,M008,2025-05-26 01:00:00,33,Steel
DEF-07711,M008,2025-05-26 04:30:00,31,Machine Component
DEF-07712,M008,2025-05-26 07:00:00,18,Coolant
DEF-07713,M008,2025-05-26 07:10:00,2,Packaging
DEF-07714,M008,2025-05-26 08:10:00,13,Scrap Steel
DEF-07715,M008,2025-05-26 08:20:00,4,Polypropylene
DEF-07716,M008,2025-05-26 08:30:00,1,Plastic Resin
DEF-07717,M008,2025-05-26 10:30:00,15,Plastic Resin
DEF-07718,M008,2025-05-26 13:30:00,5,Solvent
DEF-07719,M008,2025-05-26 16:15:00,8,Polypropylene
DEF-07720,M008,2025-05-26 17:50:00,13,Plastic Resin
DEF-07721,M008,2025-05-26 17:55:00,14,Sheet Metal
DEF-07722,M008,2025-05-26 19:25:00,24,Catalyst
DEF-07723,M008,2025-05-26 22:15:00,7,Machine Component
DEF-07724,M008,2025-05-27 01:10:00,9,Plastic Resin
DEF-07725,M008,2025-05-27 01:45:00,12,Scrap Steel
DEF-07726,M008,2025-05-27 02:25:00,22,Polypropylene
DEF-07727,M008,2025-05-27 02:55:00,4,Sheet Metal
DEF-07728,M008,2025-05-27 03:45:00,12,Circuit Board
DEF-07729,M008,2025-05-27 03:50:00,12,Solvent
DEF-07730,M008,2025-05-27 04:10:00,17,Solvent
DEF-07731,M008,2025-05-27 04:40:00,15,Reprocessed Plastics
DEF-07732,M008,2025-05-27 05:45:00,8,Industrial Oil
DEF-07733,M008,2025-05-27 06:05:00,20,Catalyst
DEF-07734,M008,2025-05-27 07:45:00,7,Solvent
DEF-07735,M008,2025-05-27 07:50:00,9,Textiles
DEF-07736,M008,2025-05-27 08:00:00,12,Coolant
DEF-07737,M008,2025-05-27 08:05:00,20,Sheet Metal
DEF-07738,M008,2025-05-27 08:30:00,0,Solvent
DEF-07739,M008,2025-05-27 08:40:00,7,Aluminum
DEF-07740,M008,2025-05-27 09:35:00,21,Sheet Metal
DEF-07741,M008,2025-05-27 10:05:00,13,Industrial Oil
DEF-07742,M008,2025-05-27 10:10:00,8,Steel
DEF-07743,M008,2025-05-27 10:15:00,4,Sheet Metal
DEF-07744,M008,2025-05-27 12:55:00,13,Solvent
DEF-07745,M008,2025-05-27 14:50:00,1,Packaging
DEF-07746,M008,2025-05-27 15:00:00,3,Solvent
DEF-07747,M008,2025-05-27 15:20:00,5,Aluminum
DEF-07748,M008,2025-05-27 15:35:00,8,Textiles
DEF-07749,M008,2025-05-27 16:50:00,10,Aluminum
DEF-07750,M008,2025-05-27 18:10:00,11,Catalyst
DEF-07751,M008,2025-05-27 18:35:00,9,Solvent
DEF-07752,M008,2025-05-27 19:30:00,1,Solvent
DEF-07753,M008,2025-05-27 20:00:00,0,Industrial Oil
DEF-07754,M008,2025-05-27 20:50:00,3,Packaging
DEF-07755,M008,2025-05-27 22:20:00,4,Scrap Steel
DEF-07756,M008,2025-05-27 22:45:00,17,Packaging
DEF-07757,M008,2025-05-27 23:00:00,6,Cotton
DEF-07758,M008,2025-05-27 23:05:00,23,Solvent
DEF-07759,M008,2025-05-27 23:55:00,5,Lead-Based Alloy
DEF-07760,M008,2025-05-28 00:10:00,5,Solvent
DEF-07761,M008,2025-05-28 01:40:00,6,Scrap Steel
DEF-07762,M008,2025-05-28 02:05:00,10,Steel
DEF-07763,M008,2025-05-28 02:55:00,0,Circuit Board
DEF-07764,M008,2025-05-28 03:15:00,27,Plastic Resin
DEF-07765,M008,2025-05-28 03:55:00,4,Reprocessed Plastics
DEF-07766,M008,2025-05-28 04:10:00,27,Circuit Board
DEF-07767,M008,2025-05-28 05:15:00,16,Catalyst
DEF-07768,M008,2025-05-28 05:40:00,9,Sheet Metal
DEF-07769,M008,2025-05-28 06:15:00,8,Industrial Oil
DEF-07770,M008,2025-05-28 06:35:00,3,Plastic Resin
DEF-07771,M008,2025-05-28 07:10:00,1,Coolant
DEF-07772,M008,2025-05-28 08:00:00,0,Industrial Oil
DEF-07773,M008,2025-05-28 08:15:00,0,Steel
DEF-07774,M008,2025-05-28 08:40:00,11,Steel
DEF-07775,M008,2025-05-28 09:45:00,23,Coolant
DEF-07776,M008,2025-05-28 10:00:00,32,Scrap Steel
DEF-07777,M008,2025-05-28 10:10:00,19,Cotton
DEF-07778,M008,2025-05-28 10:20:00,17,Circuit Board
DEF-07779,M008,2025-05-28 10:35:00,11,Reprocessed Plastics
DEF-07780,M008,2025-05-28 10:40:00,19,Catalyst
DEF-07781,M008,2025-05-28 11:20:00,16,Machine Component
DEF-07782,M008,2025-05-28 11:25:00,10,Steel
DEF-07783,M008,2025-05-28 11:40:00,3,Machine Component
DEF-07784,M008,2025-05-28 12:15:00,7,Scrap Steel
DEF-07785,M008,2025-05-28 12:20:00,43,Industrial Oil
DEF-07786,M008,2025-05-28 12:25:00,6,Polypropylene
DEF-07787,M008,2025-05-28 13:25:00,11,Packaging
DEF-07788,M008,2025-05-28 14:15:00,8,Aluminum
DEF-07789,M008,2025-05-28 14:40:00,10,Solvent
DEF-07790,M008,2025-05-28 14:50:00,22,Machine Component
DEF-07791,M008,2025-05-28 15:45:00,34,Machine Component
DEF-07792,M008,2025-05-28 16:10:00,14,Machine Component
DEF-07793,M008,2025-05-28 19:05:00,22,Reprocessed Plastics
DEF-07794,M008,2025-05-28 19:25:00,2,Textiles
DEF-07795,M008,2025-05-28 21:35:00,1,Reprocessed Plastics
DEF-07796,M008,2025-05-28 22:15:00,13,Aluminum
DEF-07797,M008,2025-05-28 22:25:00,16,Circuit Board
DEF-07798,M008,2025-05-28 23:05:00,21,Solvent
DEF-07799,M008,2025-05-29 00:50:00,12,Solvent
DEF-07800,M008,2025-05-29 00:55:00,22,Steel
DEF-07801,M008,2025-05-29 02:15:00,7,Aluminum
DEF-07802,M008,2025-05-29 02:20:00,15,Reprocessed Plastics
DEF-07803,M008,2025-05-29 05:05:00,4,Reprocessed Plastics
DEF-07804,M008,2025-05-29 06:35:00,22,Reprocessed Plastics
DEF-07805,M008,2025-05-29 07:20:00,12,Scrap Steel
DEF-07806,M008,2025-05-29 07:35:00,1,Industrial Oil
DEF-07807,M008,2025-05-29 07:40:00,3,Textiles
DEF-07808,M008,2025-05-29 07:45:00,28,Coolant
DEF-07809,M008,2025-05-29 08:10:00,6,Cotton
DEF-07810,M008,2025-05-29 10:05:00,2,Plastic Resin
DEF-07811,M008,2025-05-29 11:05:00,3,Industrial Oil
DEF-07812,M008,2025-05-29 12:20:00,13,Scrap Steel
DEF-07813,M008,2025-05-29 12:45:00,7,Sheet Metal
DEF-07814,M008,2025-05-29 13:20:00,3,Coolant
DEF-07815,M008,2025-05-29 15:50:00,4,Aluminum
DEF-07816,M008,2025-05-29 16:00:00,7,Catalyst
DEF-07817,M008,2025-05-29 16:05:00,4,Sheet Metal
DEF-07818,M008,2025-05-29 16:15:00,8,Industrial Oil
DEF-07819,M008,2025-05-29 17:50:00,8,Circuit Board
DEF-07820,M008,2025-05-29 18:05:00,12,Cotton
DEF-07821,M008,2025-05-29 18:25:00,4,Solvent
DEF-07822,M008,2025-05-29 19:20:00,6,Textiles
DEF-07823,M008,2025-05-29 19:25:00,3,Reprocessed Plastics
DEF-07824,M008,2025-05-29 20:20:00,1,Aluminum
DEF-07825,M008,2025-05-29 21:45:00,29,Cotton
DEF-07826,M008,2025-05-29 22:00:00,0,Machine Component
DEF-07827,M008,2025-05-29 23:55:00,1,Steel
DEF-07828,M008,2025-05-30 00:35:00,8,Solvent
DEF-07829,M008,2025-05-30 02:05:00,3,Cotton
DEF-07830,M008,2025-05-30 02:30:00,1,Sheet Metal
DEF-07831,M008,2025-05-30 03:45:00,12,Sheet Metal
DEF-07832,M008,2025-05-30 04:10:00,16,Reprocessed Plastics
DEF-07833,M008,2025-05-30 04:45:00,1,Scrap Steel
DEF-07834,M008,2025-05-30 04:55:00,21,Solvent
DEF-07835,M008,2025-05-30 05:10:00,3,Solvent
DEF-07836,M008,2025-05-30 06:20:00,2,Machine Component
DEF-07837,M008,2025-05-30 08:50:00,2,Catalyst
DEF-07838,M008,2025-05-30 09:20:00,22,Plastic Resin
DEF-07839,M008,2025-05-30 10:35:00,2,Machine Component
DEF-07840,M008,2025-05-30 11:15:00,21,Solvent
DEF-07841,M008,2025-05-30 12:35:00,0,Scrap Steel
DEF-07842,M008,2025-05-30 12:45:00,1,Aluminum
DEF-07843,M008,2025-05-30 13:10:00,27,Catalyst
DEF-07844,M008,2025-05-30 13:50:00,13,Coolant
DEF-07845,M008,2025-05-30 14:20:00,7,Scrap Steel
DEF-07846,M008,2025-05-30 14:25:00,21,Plastic Resin
DEF-07847,M008,2025-05-30 15:35:00,10,Solvent
DEF-07848,M008,2025-05-30 17:10:00,1,Polypropylene
DEF-07849,M008,2025-05-30 17:15:00,28,Plastic Resin
DEF-07850,M008,2025-05-30 18:45:00,16,Scrap Steel
DEF-07851,M008,2025-05-30 20:00:00,30,Scrap Steel
DEF-07852,M008,2025-05-30 20:30:00,19,Cotton
DEF-07853,M008,2025-05-30 21:05:00,5,Solvent
DEF-07854,M008,2025-05-30 22:45:00,34,Lead-Based Alloy
DEF-07855,M008,2025-05-31 00:00:00,4,Steel
DEF-07856,M008,2025-05-31 01:40:00,1,Industrial Oil
DEF-07857,M008,2025-05-31 02:00:00,22,Catalyst
DEF-07858,M008,2025-05-31 03:45:00,16,Scrap Steel
DEF-07859,M008,2025-05-31 05:25:00,5,Reprocessed Plastics
DEF-07860,M008,2025-05-31 05:30:00,2,Steel
DEF-07861,M008,2025-05-31 06:45:00,4,Reprocessed Plastics
DEF-07862,M008,2025-05-31 07:05:00,10,Lead-Based Alloy
DEF-07863,M008,2025-05-31 07:25:00,4,Textiles
DEF-07864,M008,2025-05-31 07:55:00,9,Lead-Based Alloy
DEF-07865,M008,2025-05-31 09:30:00,5,Scrap Steel
DEF-07866,M008,2025-05-31 10:55:00,24,Lead-Based Alloy
DEF-07867,M008,2025-05-31 11:10:00,14,Solvent
DEF-07868,M008,2025-05-31 11:20:00,38,Solvent
DEF-07869,M008,2025-05-31 11:35:00,11,Scrap Steel
DEF-07870,M008,2025-05-31 11:50:00,8,Industrial Oil
DEF-07871,M008,2025-05-31 12:15:00,14,Lead-Based Alloy
DEF-07872,M008,2025-05-31 13:55:00,23,Industrial Oil
DEF-07873,M008,2025-05-31 15:05:00,1,Machine Component
DEF-07874,M008,2025-05-31 15:15:00,33,Steel
DEF-07875,M008,2025-05-31 15:25:00,39,Sheet Metal
DEF-07876,M008,2025-05-31 16:10:00,4,Scrap Steel
DEF-07877,M008,2025-05-31 16:25:00,1,Circuit Board
DEF-07878,M008,2025-05-31 16:35:00,12,Reprocessed Plastics
DEF-07879,M008,2025-05-31 18:40:00,17,Plastic Resin
DEF-07880,M008,2025-05-31 19:20:00,25,Lead-Based Alloy
DEF-07881,M008,2025-05-31 19:30:00,5,Packaging
DEF-07882,M008,2025-05-31 21:10:00,21,Industrial Oil
DEF-07883,M008,2025-05-31 23:25:00,6,Packaging
DEF-07884,M008,2025-05-31 23:35:00,4,Solvent
DEF-07885,M008,2025-06-01 01:55:00,31,Reprocessed Plastics
DEF-07886,M008,2025-06-01 03:00:00,19,Polypropylene
DEF-07887,M008,2025-06-01 03:15:00,16,Cotton
DEF-07888,M008,2025-06-01 05:45:00,9,Polypropylene
DEF-07889,M008,2025-06-01 06:05:00,9,Reprocessed Plastics
DEF-07890,M008,2025-06-01 06:40:00,14,Industrial Oil
DEF-07891,M008,2025-06-01 08:00:00,10,Steel
DEF-07892,M008,2025-06-01 08:25:00,4,Cotton
DEF-07893,M008,2025-06-01 08:55:00,32,Plastic Resin
DEF-07894,M008,2025-06-01 09:15:00,4,Steel
DEF-07895,M008,2025-06-01 09:45:00,12,Aluminum
DEF-07896,M008,2025-06-01 09:50:00,2,Packaging
DEF-07897,M008,2025-06-01 12:20:00,2,Circuit Board
DEF-07898,M008,2025-06-01 12:45:00,11,Industrial Oil
DEF-07899,M008,2025-06-01 13:00:00,33,Machine Component
DEF-07900,M008,2025-06-01 13:25:00,25,Polypropylene
DEF-07901,M008,2025-06-01 13:30:00,2,Lead-Based Alloy
DEF-07902,M008,2025-06-01 14:10:00,4,Polypropylene
DEF-07903,M008,2025-06-01 15:40:00,3,Circuit Board
DEF-07904,M008,2025-06-01 15:45:00,21,Packaging
DEF-07905,M008,2025-06-01 15:50:00,8,Packaging
DEF-07906,M008,2025-06-01 17:10:00,1,Catalyst
DEF-07907,M008,2025-06-01 18:00:00,7,Reprocessed Plastics
DEF-07908,M008,2025-06-01 21:20:00,17,Machine Component
DEF-07909,M008,2025-06-01 21:25:00,6,Packaging
DEF-07910,M008,2025-06-01 22:40:00,9,Coolant
DEF-07911,M008,2025-06-01 22:50:00,17,Circuit Board
DEF-07912,M008,2025-06-01 23:15:00,6,Polypropylene
DEF-07913,M008,2025-06-02 00:00:00,38,Textiles
DEF-07914,M008,2025-06-02 01:05:00,6,Coolant
DEF-07915,M008,2025-06-02 01:10:00,3,Plastic Resin
DEF-07916,M008,2025-06-02 01:45:00,4,Steel
DEF-07917,M008,2025-06-02 01:50:00,27,Sheet Metal
DEF-07918,M008,2025-06-02 01:55:00,9,Catalyst
DEF-07919,M008,2025-06-02 03:20:00,9,Coolant
DEF-07920,M008,2025-06-02 04:20:00,19,Industrial Oil
DEF-07921,M008,2025-06-02 04:50:00,0,Reprocessed Plastics
DEF-07922,M008,2025-06-02 06:15:00,24,Lead-Based Alloy
DEF-07923,M008,2025-06-02 07:05:00,9,Sheet Metal
DEF-07924,M008,2025-06-02 07:30:00,28,Plastic Resin
DEF-07925,M008,2025-06-02 07:35:00,5,Coolant
DEF-07926,M008,2025-06-02 08:00:00,6,Textiles
DEF-07927,M008,2025-06-02 08:10:00,7,Packaging
DEF-07928,M008,2025-06-02 08:55:00,19,Solvent
DEF-07929,M008,2025-06-02 09:30:00,4,Sheet Metal
DEF-07930,M008,2025-06-02 09:40:00,5,Scrap Steel
DEF-07931,M008,2025-06-02 10:30:00,13,Sheet Metal
DEF-07932,M008,2025-06-02 11:40:00,44,Sheet Metal
DEF-07933,M008,2025-06-02 13:20:00,13,Sheet Metal
DEF-07934,M008,2025-06-02 14:00:00,5,Solvent
DEF-07935,M008,2025-06-02 16:00:00,32,Coolant
DEF-07936,M008,2025-06-02 16:20:00,19,Textiles
DEF-07937,M008,2025-06-02 18:10:00,3,Machine Component
DEF-07938,M008,2025-06-02 21:05:00,13,Aluminum
DEF-07939,M008,2025-06-02 21:15:00,14,Aluminum
DEF-07940,M008,2025-06-02 22:45:00,13,Packaging
DEF-07941,M008,2025-06-02 23:40:00,1,Coolant
DEF-07942,M008,2025-06-03 00:15:00,31,Aluminum
DEF-07943,M008,2025-06-03 00:20:00,10,Textiles
DEF-07944,M008,2025-06-03 01:35:00,5,Textiles
DEF-07945,M008,2025-06-03 02:55:00,3,Cotton
DEF-07946,M008,2025-06-03 03:20:00,10,Cotton
DEF-07947,M008,2025-06-03 03:25:00,6,Plastic Resin
DEF-07948,M008,2025-06-03 04:45:00,18,Plastic Resin
DEF-07949,M008,2025-06-03 05:25:00,3,Lead-Based Alloy
DEF-07950,M008,2025-06-03 07:00:00,20,Cotton
DEF-07951,M008,2025-06-03 07:30:00,43,Plastic Resin
DEF-07952,M008,2025-06-03 09:05:00,9,Catalyst
DEF-07953,M008,2025-06-03 09:25:00,15,Sheet Metal
DEF-07954,M008,2025-06-03 10:25:00,2,Cotton
DEF-07955,M008,2025-06-03 10:45:00,24,Reprocessed Plastics
DEF-07956,M008,2025-06-03 11:25:00,1,Solvent
DEF-07957,M008,2025-06-03 11:35:00,25,Cotton
DEF-07958,M008,2025-06-03 13:40:00,4,Polypropylene
DEF-07959,M008,2025-06-03 13:55:00,18,Sheet Metal
DEF-07960,M008,2025-06-03 16:00:00,4,Cotton
DEF-07961,M008,2025-06-03 17:05:00,10,Catalyst
DEF-07962,M008,2025-06-03 17:10:00,16,Coolant
DEF-07963,M008,2025-06-03 17:15:00,4,Reprocessed Plastics
DEF-07964,M008,2025-06-03 20:00:00,21,Machine Component
DEF-07965,M008,2025-06-03 20:35:00,2,Coolant
DEF-07966,M008,2025-06-03 21:00:00,11,Scrap Steel
DEF-07967,M008,2025-06-03 21:30:00,19,Coolant
DEF-07968,M008,2025-06-03 22:35:00,23,Catalyst
DEF-07969,M008,2025-06-03 22:45:00,7,Aluminum
DEF-07970,M008,2025-06-03 23:45:00,9,Sheet Metal
DEF-07971,M008,2025-06-04 00:00:00,4,Scrap Steel
DEF-07972,M008,2025-06-04 00:10:00,16,Catalyst
DEF-07973,M008,2025-06-04 00:35:00,0,Scrap Steel
DEF-07974,M008,2025-06-04 01:40:00,3,Reprocessed Plastics
DEF-07975,M008,2025-06-04 03:15:00,23,Scrap Steel
DEF-07976,M008,2025-06-04 03:25:00,6,Polypropylene
DEF-07977,M008,2025-06-04 04:25:00,5,Machine Component
DEF-07978,M008,2025-06-04 04:40:00,39,Sheet Metal
DEF-07979,M008,2025-06-04 05:10:00,35,Aluminum
DEF-07980,M008,2025-06-04 07:15:00,10,Sheet Metal
DEF-07981,M008,2025-06-04 07:45:00,18,Machine Component
DEF-07982,M008,2025-06-04 08:55:00,16,Reprocessed Plastics
DEF-07983,M008,2025-06-04 09:30:00,12,Sheet Metal
DEF-07984,M008,2025-06-04 10:40:00,12,Coolant
DEF-07985,M008,2025-06-04 11:05:00,5,Lead-Based Alloy
DEF-07986,M008,2025-06-04 11:15:00,12,Catalyst
DEF-07987,M008,2025-06-04 12:30:00,2,Machine Component
DEF-07988,M008,2025-06-04 13:25:00,6,Scrap Steel
DEF-07989,M008,2025-06-04 13:35:00,17,Plastic Resin
DEF-07990,M008,2025-06-04 13:40:00,17,Plastic Resin
DEF-07991,M008,2025-06-04 14:40:00,29,Lead-Based Alloy
DEF-07992,M008,2025-06-04 15:50:00,4,Industrial Oil
DEF-07993,M008,2025-06-04 16:00:00,3,Circuit Board
DEF-07994,M008,2025-06-04 16:15:00,38,Packaging
DEF-07995,M008,2025-06-04 17:20:00,40,Solvent
DEF-07996,M008,2025-06-04 18:35:00,14,Cotton
DEF-07997,M008,2025-06-04 19:10:00,2,Lead-Based Alloy
DEF-07998,M008,2025-06-04 20:25:00,29,Industrial Oil
DEF-07999,M008,2025-06-04 21:30:00,42,Reprocessed Plastics
DEF-08000,M008,2025-06-04 22:10:00,3,Solvent
DEF-08001,M008,2025-06-04 22:50:00,11,Plastic Resin
DEF-08002,M008,2025-06-04 23:00:00,30,Plastic Resin
DEF-08003,M008,2025-06-04 23:30:00,16,Reprocessed Plastics
DEF-08004,M008,2025-06-04 23:50:00,32,Polypropylene
DEF-08005,M008,2025-06-05 00:35:00,11,Catalyst
DEF-08006,M008,2025-06-05 01:05:00,27,Packaging
DEF-08007,M009,2025-05-01 08:05:00,9,Cotton
DEF-08008,M009,2025-05-01 09:35:00,17,Textiles
DEF-08009,M009,2025-05-01 09:40:00,31,Lead-Based Alloy
DEF-08010,M009,2025-05-01 09:45:00,21,Polypropylene
DEF-08011,M009,2025-05-01 10:00:00,32,Solvent
DEF-08012,M009,2025-05-01 10:10:00,8,Scrap Steel
DEF-08013,M009,2025-05-01 11:00:00,16,Packaging
DEF-08014,M009,2025-05-01 11:10:00,9,Lead-Based Alloy
DEF-08015,M009,2025-05-01 11:45:00,7,Polypropylene
DEF-08016,M009,2025-05-01 13:10:00,5,Packaging
DEF-08017,M009,2025-05-01 14:25:00,9,Aluminum
DEF-08018,M009,2025-05-01 14:45:00,1,Lead-Based Alloy
DEF-08019,M009,2025-05-01 16:00:00,12,Reprocessed Plastics
DEF-08020,M009,2025-05-01 16:20:00,25,Sheet Metal
DEF-08021,M009,2025-05-01 16:55:00,14,Plastic Resin
DEF-08022,M009,2025-05-01 19:10:00,20,Industrial Oil
DEF-08023,M009,2025-05-01 21:45:00,15,Scrap Steel
DEF-08024,M009,2025-05-01 23:25:00,4,Sheet Metal
DEF-08025,M009,2025-05-01 23:30:00,20,Industrial Oil
DEF-08026,M009,2025-05-01 23:35:00,11,Lead-Based Alloy
DEF-08027,M009,2025-05-01 23:50:00,7,Plastic Resin
DEF-08028,M009,2025-05-02 02:50:00,25,Polypropylene
DEF-08029,M009,2025-05-02 03:30:00,3,Lead-Based Alloy
DEF-08030,M009,2025-05-02 05:30:00,14,Sheet Metal
DEF-08031,M009,2025-05-02 05:50:00,22,Industrial Oil
DEF-08032,M009,2025-05-02 06:05:00,5,Industrial Oil
DEF-08033,M009,2025-05-02 08:55:00,16,Textiles
DEF-08034,M009,2025-05-02 09:25:00,14,Solvent
DEF-08035,M009,2025-05-02 10:00:00,7,Machine Component
DEF-08036,M009,2025-05-02 10:10:00,4,Scrap Steel
DEF-08037,M009,2025-05-02 10:20:00,25,Textiles
DEF-08038,M009,2025-05-02 10:55:00,13,Textiles
DEF-08039,M009,2025-05-02 11:05:00,4,Reprocessed Plastics
DEF-08040,M009,2025-05-02 11:45:00,4,Catalyst
DEF-08041,M009,2025-05-02 11:50:00,21,Scrap Steel
DEF-08042,M009,2025-05-02 12:05:00,22,Circuit Board
DEF-08043,M009,2025-05-02 14:45:00,3,Solvent
DEF-08044,M009,2025-05-02 14:55:00,2,Textiles
DEF-08045,M009,2025-05-02 15:35:00,19,Textiles
DEF-08046,M009,2025-05-02 18:00:00,18,Catalyst
DEF-08047,M009,2025-05-02 20:25:00,41,Polypropylene
DEF-08048,M009,2025-05-02 21:50:00,15,Cotton
DEF-08049,M009,2025-05-02 23:50:00,26,Cotton
DEF-08050,M009,2025-05-03 01:50:00,21,Polypropylene
DEF-08051,M009,2025-05-03 02:25:00,2,Scrap Steel
DEF-08052,M009,2025-05-03 02:40:00,22,Cotton
DEF-08053,M009,2025-05-03 02:50:00,13,Lead-Based Alloy
DEF-08054,M009,2025-05-03 03:20:00,21,Coolant
DEF-08055,M009,2025-05-03 04:50:00,5,Packaging
DEF-08056,M009,2025-05-03 06:15:00,4,Sheet Metal
DEF-08057,M009,2025-05-03 07:00:00,43,Catalyst
DEF-08058,M009,2025-05-03 07:05:00,5,Packaging
DEF-08059,M009,2025-05-03 08:55:00,8,Lead-Based Alloy
DEF-08060,M009,2025-05-03 10:35:00,24,Textiles
DEF-08061,M009,2025-05-03 11:05:00,2,Industrial Oil
DEF-08062,M009,2025-05-03 11:35:00,16,Circuit Board
DEF-08063,M009,2025-05-03 11:50:00,7,Solvent
DEF-08064,M009,2025-05-03 11:55:00,17,Steel
DEF-08065,M009,2025-05-03 12:25:00,35,Steel
DEF-08066,M009,2025-05-03 12:50:00,14,Polypropylene
DEF-08067,M009,2025-05-03 13:05:00,24,Scrap Steel
DEF-08068,M009,2025-05-03 13:50:00,6,Solvent
DEF-08069,M009,2025-05-03 14:00:00,25,Aluminum
DEF-08070,M009,2025-05-03 14:05:00,22,Plastic Resin
DEF-08071,M009,2025-05-03 14:25:00,19,Machine Component
DEF-08072,M009,2025-05-03 15:00:00,7,Aluminum
DEF-08073,M009,2025-05-03 15:20:00,17,Industrial Oil
DEF-08074,M009,2025-05-03 15:30:00,7,Machine Component
DEF-08075,M009,2025-05-03 16:35:00,1,Reprocessed Plastics
DEF-08076,M009,2025-05-03 16:50:00,37,Catalyst
DEF-08077,M009,2025-05-03 17:15:00,8,Catalyst
DEF-08078,M009,2025-05-03 18:25:00,34,Reprocessed Plastics
DEF-08079,M009,2025-05-03 19:05:00,29,Machine Component
DEF-08080,M009,2025-05-03 19:25:00,23,Plastic Resin
DEF-08081,M009,2025-05-03 20:20:00,33,Textiles
DEF-08082,M009,2025-05-03 21:50:00,21,Polypropylene
DEF-08083,M009,2025-05-03 22:40:00,12,Sheet Metal
DEF-08084,M009,2025-05-03 23:35:00,25,Circuit Board
DEF-08085,M009,2025-05-04 00:50:00,24,Circuit Board
DEF-08086,M009,2025-05-04 01:50:00,20,Scrap Steel
DEF-08087,M009,2025-05-04 02:35:00,5,Industrial Oil
DEF-08088,M009,2025-05-04 03:45:00,42,Lead-Based Alloy
DEF-08089,M009,2025-05-04 04:10:00,6,Plastic Resin
DEF-08090,M009,2025-05-04 05:25:00,13,Polypropylene
DEF-08091,M009,2025-05-04 05:30:00,42,Scrap Steel
DEF-08092,M009,2025-05-04 05:35:00,45,Cotton
DEF-08093,M009,2025-05-04 06:05:00,8,Solvent
DEF-08094,M009,2025-05-04 07:00:00,18,Circuit Board
DEF-08095,M009,2025-05-04 07:05:00,29,Steel
DEF-08096,M009,2025-05-04 07:55:00,42,Cotton
DEF-08097,M009,2025-05-04 09:15:00,7,Industrial Oil
DEF-08098,M009,2025-05-04 11:35:00,0,Catalyst
DEF-08099,M009,2025-05-04 13:25:00,5,Textiles
DEF-08100,M009,2025-05-04 14:30:00,7,Polypropylene
DEF-08101,M009,2025-05-04 15:30:00,18,Scrap Steel
DEF-08102,M009,2025-05-04 15:45:00,32,Cotton
DEF-08103,M009,2025-05-04 16:30:00,12,Circuit Board
DEF-08104,M009,2025-05-04 18:00:00,19,Solvent
DEF-08105,M009,2025-05-04 18:20:00,22,Plastic Resin
DEF-08106,M009,2025-05-04 19:00:00,1,Scrap Steel
DEF-08107,M009,2025-05-04 20:05:00,9,Lead-Based Alloy
DEF-08108,M009,2025-05-04 22:20:00,24,Lead-Based Alloy
DEF-08109,M009,2025-05-04 22:40:00,34,Textiles
DEF-08110,M009,2025-05-04 23:50:00,35,Textiles
DEF-08111,M009,2025-05-05 00:30:00,23,Textiles
DEF-08112,M009,2025-05-05 01:45:00,5,Machine Component
DEF-08113,M009,2025-05-05 03:00:00,23,Steel
DEF-08114,M009,2025-05-05 03:15:00,14,Reprocessed Plastics
DEF-08115,M009,2025-05-05 03:55:00,35,Catalyst
DEF-08116,M009,2025-05-05 05:05:00,22,Polypropylene
DEF-08117,M009,2025-05-05 06:05:00,12,Sheet Metal
DEF-08118,M009,2025-05-05 07:40:00,14,Steel
DEF-08119,M009,2025-05-05 08:05:00,27,Scrap Steel
DEF-08120,M009,2025-05-05 08:10:00,0,Machine Component
DEF-08121,M009,2025-05-05 08:15:00,7,Steel
DEF-08122,M009,2025-05-05 08:25:00,29,Coolant
DEF-08123,M009,2025-05-05 09:20:00,1,Lead-Based Alloy
DEF-08124,M009,2025-05-05 10:40:00,20,Circuit Board
DEF-08125,M009,2025-05-05 10:50:00,33,Sheet Metal
DEF-08126,M009,2025-05-05 11:40:00,8,Circuit Board
DEF-08127,M009,2025-05-05 11:45:00,11,Sheet Metal
DEF-08128,M009,2025-05-05 12:05:00,9,Lead-Based Alloy
DEF-08129,M009,2025-05-05 12:10:00,15,Coolant
DEF-08130,M009,2025-05-05 13:05:00,20,Textiles
DEF-08131,M009,2025-05-05 13:15:00,27,Machine Component
DEF-08132,M009,2025-05-05 14:40:00,7,Machine Component
DEF-08133,M009,2025-05-05 16:10:00,13,Reprocessed Plastics
DEF-08134,M009,2025-05-05 16:50:00,1,Lead-Based Alloy
DEF-08135,M009,2025-05-05 17:05:00,18,Industrial Oil
DEF-08136,M009,2025-05-05 17:20:00,21,Reprocessed Plastics
DEF-08137,M009,2025-05-05 19:00:00,1,Coolant
DEF-08138,M009,2025-05-05 19:25:00,4,Machine Component
DEF-08139,M009,2025-05-05 20:00:00,24,Circuit Board
DEF-08140,M009,2025-05-05 20:35:00,1,Packaging
DEF-08141,M009,2025-05-05 21:50:00,6,Solvent
DEF-08142,M009,2025-05-05 23:05:00,1,Cotton
DEF-08143,M009,2025-05-05 23:30:00,9,Coolant
DEF-08144,M009,2025-05-06 00:20:00,8,Scrap Steel
DEF-08145,M009,2025-05-06 02:50:00,35,Lead-Based Alloy
DEF-08146,M009,2025-05-06 03:15:00,14,Scrap Steel
DEF-08147,M009,2025-05-06 03:20:00,1,Textiles
DEF-08148,M009,2025-05-06 03:55:00,12,Scrap Steel
DEF-08149,M009,2025-05-06 04:20:00,4,Solvent
DEF-08150,M009,2025-05-06 04:55:00,0,Packaging
DEF-08151,M009,2025-05-06 05:05:00,9,Packaging
DEF-08152,M009,2025-05-06 05:10:00,11,Sheet Metal
DEF-08153,M009,2025-05-06 05:20:00,0,Polypropylene
DEF-08154,M009,2025-05-06 05:50:00,4,Industrial Oil
DEF-08155,M009,2025-05-06 07:50:00,2,Coolant
DEF-08156,M009,2025-05-06 08:05:00,26,Aluminum
DEF-08157,M009,2025-05-06 08:50:00,23,Packaging
DEF-08158,M009,2025-05-06 09:50:00,2,Steel
DEF-08159,M009,2025-05-06 10:50:00,25,Reprocessed Plastics
DEF-08160,M009,2025-05-06 10:55:00,1,Lead-Based Alloy
DEF-08161,M009,2025-05-06 13:35:00,2,Reprocessed Plastics
DEF-08162,M009,2025-05-06 13:50:00,19,Scrap Steel
DEF-08163,M009,2025-05-06 15:15:00,8,Reprocessed Plastics
DEF-08164,M009,2025-05-06 16:25:00,0,Plastic Resin
DEF-08165,M009,2025-05-06 17:20:00,0,Aluminum
DEF-08166,M009,2025-05-06 18:00:00,9,Coolant
DEF-08167,M009,2025-05-06 20:20:00,13,Polypropylene
DEF-08168,M009,2025-05-06 21:25:00,3,Lead-Based Alloy
DEF-08169,M009,2025-05-06 22:35:00,8,Sheet Metal
DEF-08170,M009,2025-05-06 23:15:00,16,Cotton
DEF-08171,M009,2025-05-06 23:45:00,32,Machine Component
DEF-08172,M009,2025-05-07 00:10:00,5,Catalyst
DEF-08173,M009,2025-05-07 00:20:00,6,Packaging
DEF-08174,M009,2025-05-07 00:50:00,11,Scrap Steel
DEF-08175,M009,2025-05-07 03:30:00,11,Plastic Resin
DEF-08176,M009,2025-05-07 03:50:00,0,Sheet Metal
DEF-08177,M009,2025-05-07 04:30:00,13,Reprocessed Plastics
DEF-08178,M009,2025-05-07 05:00:00,17,Plastic Resin
DEF-08179,M009,2025-05-07 05:05:00,12,Industrial Oil
DEF-08180,M009,2025-05-07 06:10:00,6,Cotton
DEF-08181,M009,2025-05-07 07:25:00,5,Packaging
DEF-08182,M009,2025-05-07 08:20:00,3,Circuit Board
DEF-08183,M009,2025-05-07 08:25:00,31,Industrial Oil
DEF-08184,M009,2025-05-07 09:55:00,6,Cotton
DEF-08185,M009,2025-05-07 11:15:00,0,Circuit Board
DEF-08186,M009,2025-05-07 12:40:00,17,Aluminum
DEF-08187,M009,2025-05-07 13:30:00,6,Steel
DEF-08188,M009,2025-05-07 15:00:00,11,Packaging
DEF-08189,M009,2025-05-07 15:40:00,17,Textiles
DEF-08190,M009,2025-05-07 17:05:00,24,Industrial Oil
DEF-08191,M009,2025-05-07 17:15:00,1,Solvent
DEF-08192,M009,2025-05-07 17:45:00,1,Solvent
DEF-08193,M009,2025-05-07 18:50:00,7,Industrial Oil
DEF-08194,M009,2025-05-07 19:05:00,4,Plastic Resin
DEF-08195,M009,2025-05-07 20:25:00,2,Steel
DEF-08196,M009,2025-05-07 21:20:00,8,Reprocessed Plastics
DEF-08197,M009,2025-05-07 21:25:00,19,Catalyst
DEF-08198,M009,2025-05-07 21:30:00,3,Scrap Steel
DEF-08199,M009,2025-05-07 21:45:00,16,Textiles
DEF-08200,M009,2025-05-07 23:00:00,5,Sheet Metal
DEF-08201,M009,2025-05-08 02:55:00,2,Sheet Metal
DEF-08202,M009,2025-05-08 03:10:00,23,Catalyst
DEF-08203,M009,2025-05-08 04:20:00,1,Sheet Metal
DEF-08204,M009,2025-05-08 04:45:00,0,Reprocessed Plastics
DEF-08205,M009,2025-05-08 04:50:00,34,Machine Component
DEF-08206,M009,2025-05-08 08:00:00,22,Lead-Based Alloy
DEF-08207,M009,2025-05-08 08:05:00,15,Industrial Oil
DEF-08208,M009,2025-05-08 08:10:00,18,Plastic Resin
DEF-08209,M009,2025-05-08 08:20:00,6,Circuit Board
DEF-08210,M009,2025-05-08 08:50:00,43,Scrap Steel
DEF-08211,M009,2025-05-08 09:25:00,42,Steel
DEF-08212,M009,2025-05-08 09:35:00,8,Plastic Resin
DEF-08213,M009,2025-05-08 10:00:00,6,Reprocessed Plastics
DEF-08214,M009,2025-05-08 10:15:00,6,Solvent
DEF-08215,M009,2025-05-08 10:45:00,7,Cotton
DEF-08216,M009,2025-05-08 11:45:00,1,Scrap Steel
DEF-08217,M009,2025-05-08 12:25:00,8,Lead-Based Alloy
DEF-08218,M009,2025-05-08 13:35:00,23,Scrap Steel
DEF-08219,M009,2025-05-08 14:20:00,44,Machine Component
DEF-08220,M009,2025-05-08 15:35:00,3,Steel
DEF-08221,M009,2025-05-08 16:20:00,2,Lead-Based Alloy
DEF-08222,M009,2025-05-08 16:30:00,17,Machine Component
DEF-08223,M009,2025-05-08 16:35:00,1,Polypropylene
DEF-08224,M009,2025-05-08 18:40:00,4,Textiles
DEF-08225,M009,2025-05-08 19:40:00,7,Cotton
DEF-08226,M009,2025-05-08 20:20:00,27,Catalyst
DEF-08227,M009,2025-05-08 23:40:00,22,Cotton
DEF-08228,M009,2025-05-08 23:50:00,34,Steel
DEF-08229,M009,2025-05-09 00:45:00,24,Cotton
DEF-08230,M009,2025-05-09 00:55:00,6,Sheet Metal
DEF-08231,M009,2025-05-09 02:05:00,15,Solvent
DEF-08232,M009,2025-05-09 04:50:00,1,Lead-Based Alloy
DEF-08233,M009,2025-05-09 05:00:00,8,Coolant
DEF-08234,M009,2025-05-09 06:50:00,17,Industrial Oil
DEF-08235,M009,2025-05-09 07:05:00,28,Aluminum
DEF-08236,M009,2025-05-09 07:55:00,7,Coolant
DEF-08237,M009,2025-05-09 09:10:00,3,Cotton
DEF-08238,M009,2025-05-09 10:20:00,36,Sheet Metal
DEF-08239,M009,2025-05-09 10:25:00,22,Catalyst
DEF-08240,M009,2025-05-09 11:00:00,34,Solvent
DEF-08241,M009,2025-05-09 11:15:00,14,Circuit Board
DEF-08242,M009,2025-05-09 11:45:00,18,Scrap Steel
DEF-08243,M009,2025-05-09 12:00:00,1,Plastic Resin
DEF-08244,M009,2025-05-09 13:15:00,9,Solvent
DEF-08245,M009,2025-05-09 13:45:00,11,Plastic Resin
DEF-08246,M009,2025-05-09 15:55:00,7,Steel
DEF-08247,M009,2025-05-09 16:05:00,2,Scrap Steel
DEF-08248,M009,2025-05-09 16:35:00,21,Circuit Board
DEF-08249,M009,2025-05-09 18:35:00,11,Reprocessed Plastics
DEF-08250,M009,2025-05-09 20:20:00,6,Lead-Based Alloy
DEF-08251,M009,2025-05-09 20:25:00,41,Lead-Based Alloy
DEF-08252,M009,2025-05-09 21:10:00,3,Packaging
DEF-08253,M009,2025-05-09 22:50:00,15,Plastic Resin
DEF-08254,M009,2025-05-10 00:00:00,39,Textiles
DEF-08255,M009,2025-05-10 00:20:00,0,Reprocessed Plastics
DEF-08256,M009,2025-05-10 00:45:00,9,Reprocessed Plastics
DEF-08257,M009,2025-05-10 01:35:00,3,Packaging
DEF-08258,M009,2025-05-10 02:05:00,12,Coolant
DEF-08259,M009,2025-05-10 02:25:00,3,Sheet Metal
DEF-08260,M009,2025-05-10 02:55:00,5,Packaging
DEF-08261,M009,2025-05-10 03:35:00,16,Aluminum
DEF-08262,M009,2025-05-10 03:55:00,3,Scrap Steel
DEF-08263,M009,2025-05-10 04:00:00,7,Reprocessed Plastics
DEF-08264,M009,2025-05-10 04:20:00,10,Catalyst
DEF-08265,M009,2025-05-10 05:15:00,3,Solvent
DEF-08266,M009,2025-05-10 05:35:00,18,Lead-Based Alloy
DEF-08267,M009,2025-05-10 06:10:00,6,Cotton
DEF-08268,M009,2025-05-10 07:30:00,15,Packaging
DEF-08269,M009,2025-05-10 08:45:00,3,Plastic Resin
DEF-08270,M009,2025-05-10 11:20:00,2,Catalyst
DEF-08271,M009,2025-05-10 11:45:00,8,Circuit Board
DEF-08272,M009,2025-05-10 12:15:00,1,Steel
DEF-08273,M009,2025-05-10 13:50:00,5,Scrap Steel
DEF-08274,M009,2025-05-10 14:35:00,9,Solvent
DEF-08275,M009,2025-05-10 14:45:00,6,Steel
DEF-08276,M009,2025-05-10 18:10:00,17,Solvent
DEF-08277,M009,2025-05-10 19:00:00,0,Catalyst
DEF-08278,M009,2025-05-10 19:05:00,12,Steel
DEF-08279,M009,2025-05-10 19:35:00,6,Cotton
DEF-08280,M009,2025-05-10 20:45:00,5,Cotton
DEF-08281,M009,2025-05-10 21:00:00,33,Steel
DEF-08282,M009,2025-05-10 21:10:00,29,Machine Component
DEF-08283,M009,2025-05-10 21:50:00,0,Sheet Metal
DEF-08284,M009,2025-05-10 22:05:00,3,Machine Component
DEF-08285,M009,2025-05-10 22:25:00,48,Circuit Board
DEF-08286,M009,2025-05-10 23:55:00,24,Plastic Resin
DEF-08287,M009,2025-05-11 00:35:00,13,Textiles
DEF-08288,M009,2025-05-11 01:35:00,3,Plastic Resin
DEF-08289,M009,2025-05-11 02:05:00,17,Lead-Based Alloy
DEF-08290,M009,2025-05-11 04:05:00,8,Steel
DEF-08291,M009,2025-05-11 04:55:00,1,Industrial Oil
DEF-08292,M009,2025-05-11 05:40:00,3,Solvent
DEF-08293,M009,2025-05-11 06:55:00,7,Cotton
DEF-08294,M009,2025-05-11 07:20:00,15,Sheet Metal
DEF-08295,M009,2025-05-11 07:25:00,7,Industrial Oil
DEF-08296,M009,2025-05-11 08:45:00,23,Reprocessed Plastics
DEF-08297,M009,2025-05-11 10:05:00,11,Coolant
DEF-08298,M009,2025-05-11 10:20:00,13,Reprocessed Plastics
DEF-08299,M009,2025-05-11 10:40:00,25,Circuit Board
DEF-08300,M009,2025-05-11 11:55:00,10,Textiles
DEF-08301,M009,2025-05-11 12:45:00,5,Industrial Oil
DEF-08302,M009,2025-05-11 13:40:00,15,Solvent
DEF-08303,M009,2025-05-11 14:30:00,17,Machine Component
DEF-08304,M009,2025-05-11 15:40:00,13,Sheet Metal
DEF-08305,M009,2025-05-11 15:50:00,3,Packaging
DEF-08306,M009,2025-05-11 16:45:00,3,Solvent
DEF-08307,M009,2025-05-11 17:25:00,34,Industrial Oil
DEF-08308,M009,2025-05-11 18:50:00,44,Aluminum
DEF-08309,M009,2025-05-11 21:20:00,8,Plastic Resin
DEF-08310,M009,2025-05-11 21:40:00,18,Catalyst
DEF-08311,M009,2025-05-11 22:25:00,0,Industrial Oil
DEF-08312,M009,2025-05-11 22:50:00,40,Textiles
DEF-08313,M009,2025-05-11 23:45:00,30,Circuit Board
DEF-08314,M009,2025-05-12 00:40:00,22,Industrial Oil
DEF-08315,M009,2025-05-12 01:15:00,11,Lead-Based Alloy
DEF-08316,M009,2025-05-12 01:20:00,15,Lead-Based Alloy
DEF-08317,M009,2025-05-12 04:05:00,19,Scrap Steel
DEF-08318,M009,2025-05-12 04:15:00,10,Steel
DEF-08319,M009,2025-05-12 05:15:00,6,Lead-Based Alloy
DEF-08320,M009,2025-05-12 06:25:00,5,Catalyst
DEF-08321,M009,2025-05-12 07:15:00,0,Solvent
DEF-08322,M009,2025-05-12 07:40:00,1,Lead-Based Alloy
DEF-08323,M009,2025-05-12 08:35:00,29,Cotton
DEF-08324,M009,2025-05-12 08:40:00,21,Textiles
DEF-08325,M009,2025-05-12 09:20:00,11,Circuit Board
DEF-08326,M009,2025-05-12 09:30:00,14,Scrap Steel
DEF-08327,M009,2025-05-12 09:50:00,7,Scrap Steel
DEF-08328,M009,2025-05-12 10:40:00,5,Cotton
DEF-08329,M009,2025-05-12 11:15:00,15,Aluminum
DEF-08330,M009,2025-05-12 11:20:00,6,Industrial Oil
DEF-08331,M009,2025-05-12 11:30:00,9,Reprocessed Plastics
DEF-08332,M009,2025-05-12 11:40:00,23,Solvent
DEF-08333,M009,2025-05-12 12:45:00,0,Solvent
DEF-08334,M009,2025-05-12 12:55:00,6,Reprocessed Plastics
DEF-08335,M009,2025-05-12 13:10:00,9,Machine Component
DEF-08336,M009,2025-05-12 14:05:00,7,Textiles
DEF-08337,M009,2025-05-12 16:05:00,17,Aluminum
DEF-08338,M009,2025-05-12 16:15:00,28,Textiles
DEF-08339,M009,2025-05-12 16:20:00,2,Cotton
DEF-08340,M009,2025-05-12 16:50:00,6,Lead-Based Alloy
DEF-08341,M009,2025-05-12 17:35:00,7,Packaging
DEF-08342,M009,2025-05-12 18:00:00,15,Steel
DEF-08343,M009,2025-05-12 20:10:00,20,Scrap Steel
DEF-08344,M009,2025-05-12 20:30:00,10,Scrap Steel
DEF-08345,M009,2025-05-12 20:35:00,11,Scrap Steel
DEF-08346,M009,2025-05-12 21:30:00,26,Scrap Steel
DEF-08347,M009,2025-05-12 22:25:00,8,Industrial Oil
DEF-08348,M009,2025-05-12 22:55:00,18,Reprocessed Plastics
DEF-08349,M009,2025-05-12 23:35:00,11,Solvent
DEF-08350,M009,2025-05-13 00:40:00,2,Coolant
DEF-08351,M009,2025-05-13 01:25:00,5,Reprocessed Plastics
DEF-08352,M009,2025-05-13 01:30:00,11,Machine Component
DEF-08353,M009,2025-05-13 01:35:00,23,Catalyst
DEF-08354,M009,2025-05-13 03:25:00,1,Coolant
DEF-08355,M009,2025-05-13 04:35:00,16,Coolant
DEF-08356,M009,2025-05-13 04:40:00,4,Reprocessed Plastics
DEF-08357,M009,2025-05-13 05:05:00,1,Scrap Steel
DEF-08358,M009,2025-05-13 05:30:00,14,Packaging
DEF-08359,M009,2025-05-13 05:55:00,3,Scrap Steel
DEF-08360,M009,2025-05-13 06:45:00,33,Plastic Resin
DEF-08361,M009,2025-05-13 07:35:00,6,Industrial Oil
DEF-08362,M009,2025-05-13 08:25:00,2,Catalyst
DEF-08363,M009,2025-05-13 08:50:00,28,Sheet Metal
DEF-08364,M009,2025-05-13 09:30:00,25,Sheet Metal
DEF-08365,M009,2025-05-13 10:15:00,18,Scrap Steel
DEF-08366,M009,2025-05-13 11:35:00,4,Scrap Steel
DEF-08367,M009,2025-05-13 11:45:00,6,Industrial Oil
DEF-08368,M009,2025-05-13 11:50:00,14,Solvent
DEF-08369,M009,2025-05-13 12:00:00,19,Circuit Board
DEF-08370,M009,2025-05-13 14:05:00,30,Industrial Oil
DEF-08371,M009,2025-05-13 16:15:00,8,Sheet Metal
DEF-08372,M009,2025-05-13 16:20:00,6,Reprocessed Plastics
DEF-08373,M009,2025-05-13 18:40:00,0,Scrap Steel
DEF-08374,M009,2025-05-13 19:00:00,13,Circuit Board
DEF-08375,M009,2025-05-13 19:05:00,2,Industrial Oil
DEF-08376,M009,2025-05-13 19:25:00,21,Sheet Metal
DEF-08377,M009,2025-05-13 20:35:00,39,Solvent
DEF-08378,M009,2025-05-13 21:50:00,12,Catalyst
DEF-08379,M009,2025-05-13 23:35:00,8,Solvent
DEF-08380,M009,2025-05-14 00:15:00,26,Machine Component
DEF-08381,M009,2025-05-14 00:50:00,3,Lead-Based Alloy
DEF-08382,M009,2025-05-14 01:45:00,4,Circuit Board
DEF-08383,M009,2025-05-14 01:50:00,11,Catalyst
DEF-08384,M009,2025-05-14 03:55:00,8,Industrial Oil
DEF-08385,M009,2025-05-14 04:35:00,2,Sheet Metal
DEF-08386,M009,2025-05-14 04:50:00,25,Scrap Steel
DEF-08387,M009,2025-05-14 04:55:00,9,Scrap Steel
DEF-08388,M009,2025-05-14 07:35:00,11,Circuit Board
DEF-08389,M009,2025-05-14 07:40:00,8,Steel
DEF-08390,M009,2025-05-14 08:40:00,1,Sheet Metal
DEF-08391,M009,2025-05-14 09:25:00,5,Reprocessed Plastics
DEF-08392,M009,2025-05-14 11:00:00,34,Coolant
DEF-08393,M009,2025-05-14 11:15:00,27,Industrial Oil
DEF-08394,M009,2025-05-14 11:50:00,22,Sheet Metal
DEF-08395,M009,2025-05-14 12:50:00,21,Polypropylene
DEF-08396,M009,2025-05-14 13:05:00,8,Packaging
DEF-08397,M009,2025-05-14 13:35:00,12,Scrap Steel
DEF-08398,M009,2025-05-14 13:50:00,9,Aluminum
DEF-08399,M009,2025-05-14 16:40:00,15,Machine Component
DEF-08400,M009,2025-05-14 16:55:00,2,Lead-Based Alloy
DEF-08401,M009,2025-05-14 18:35:00,28,Circuit Board
DEF-08402,M009,2025-05-14 19:10:00,31,Textiles
DEF-08403,M009,2025-05-14 19:40:00,29,Packaging
DEF-08404,M009,2025-05-14 20:55:00,17,Steel
DEF-08405,M009,2025-05-14 21:35:00,13,Circuit Board
DEF-08406,M009,2025-05-14 21:45:00,1,Scrap Steel
DEF-08407,M009,2025-05-14 23:00:00,9,Sheet Metal
DEF-08408,M009,2025-05-14 23:25:00,43,Plastic Resin
DEF-08409,M009,2025-05-15 00:00:00,8,Lead-Based Alloy
DEF-08410,M009,2025-05-15 01:10:00,29,Plastic Resin
DEF-08411,M009,2025-05-15 01:25:00,25,Aluminum
DEF-08412,M009,2025-05-15 01:35:00,14,Lead-Based Alloy
DEF-08413,M009,2025-05-15 02:20:00,11,Reprocessed Plastics
DEF-08414,M009,2025-05-15 03:55:00,7,Polypropylene
DEF-08415,M009,2025-05-15 06:10:00,6,Lead-Based Alloy
DEF-08416,M009,2025-05-15 07:45:00,2,Reprocessed Plastics
DEF-08417,M009,2025-05-15 08:00:00,26,Lead-Based Alloy
DEF-08418,M009,2025-05-15 08:15:00,0,Packaging
DEF-08419,M009,2025-05-15 08:20:00,29,Circuit Board
DEF-08420,M009,2025-05-15 08:25:00,9,Cotton
DEF-08421,M009,2025-05-15 08:50:00,29,Industrial Oil
DEF-08422,M009,2025-05-15 09:30:00,1,Solvent
DEF-08423,M009,2025-05-15 09:55:00,18,Sheet Metal
DEF-08424,M009,2025-05-15 13:25:00,43,Polypropylene
DEF-08425,M009,2025-05-15 13:40:00,29,Scrap Steel
DEF-08426,M009,2025-05-15 14:35:00,11,Lead-Based Alloy
DEF-08427,M009,2025-05-15 14:40:00,21,Reprocessed Plastics
DEF-08428,M009,2025-05-15 15:00:00,25,Solvent
DEF-08429,M009,2025-05-15 15:45:00,9,Catalyst
DEF-08430,M009,2025-05-15 16:20:00,18,Scrap Steel
DEF-08431,M009,2025-05-15 19:40:00,2,Scrap Steel
DEF-08432,M009,2025-05-15 19:55:00,17,Industrial Oil
DEF-08433,M009,2025-05-15 20:30:00,20,Catalyst
DEF-08434,M009,2025-05-15 21:45:00,24,Circuit Board
DEF-08435,M009,2025-05-15 22:05:00,34,Circuit Board
DEF-08436,M009,2025-05-16 00:15:00,18,Solvent
DEF-08437,M009,2025-05-16 00:35:00,38,Solvent
DEF-08438,M009,2025-05-16 00:45:00,11,Plastic Resin
DEF-08439,M009,2025-05-16 01:00:00,27,Packaging
DEF-08440,M009,2025-05-16 01:25:00,2,Solvent
DEF-08441,M009,2025-05-16 04:05:00,12,Coolant
DEF-08442,M009,2025-05-16 05:20:00,6,Coolant
DEF-08443,M009,2025-05-16 07:10:00,7,Packaging
DEF-08444,M009,2025-05-16 07:25:00,7,Sheet Metal
DEF-08445,M009,2025-05-16 07:45:00,0,Plastic Resin
DEF-08446,M009,2025-05-16 09:20:00,30,Sheet Metal
DEF-08447,M009,2025-05-16 09:50:00,19,Industrial Oil
DEF-08448,M009,2025-05-16 12:10:00,6,Coolant
DEF-08449,M009,2025-05-16 12:20:00,44,Polypropylene
DEF-08450,M009,2025-05-16 13:45:00,29,Sheet Metal
DEF-08451,M009,2025-05-16 18:50:00,15,Steel
DEF-08452,M009,2025-05-16 19:00:00,15,Lead-Based Alloy
DEF-08453,M009,2025-05-16 19:10:00,25,Reprocessed Plastics
DEF-08454,M009,2025-05-16 19:20:00,0,Lead-Based Alloy
DEF-08455,M009,2025-05-16 19:45:00,12,Solvent
DEF-08456,M009,2025-05-16 20:15:00,13,Coolant
DEF-08457,M009,2025-05-16 21:10:00,19,Solvent
DEF-08458,M009,2025-05-16 22:00:00,11,Plastic Resin
DEF-08459,M009,2025-05-16 22:25:00,37,Lead-Based Alloy
DEF-08460,M009,2025-05-16 23:10:00,37,Sheet Metal
DEF-08461,M009,2025-05-17 02:45:00,2,Reprocessed Plastics
DEF-08462,M009,2025-05-17 03:35:00,2,Textiles
DEF-08463,M009,2025-05-17 04:35:00,22,Aluminum
DEF-08464,M009,2025-05-17 05:15:00,41,Textiles
DEF-08465,M009,2025-05-17 06:10:00,13,Sheet Metal
DEF-08466,M009,2025-05-17 06:30:00,7,Reprocessed Plastics
DEF-08467,M009,2025-05-17 07:10:00,18,Polypropylene
DEF-08468,M009,2025-05-17 07:35:00,8,Plastic Resin
DEF-08469,M009,2025-05-17 07:45:00,9,Lead-Based Alloy
DEF-08470,M009,2025-05-17 09:05:00,16,Scrap Steel
DEF-08471,M009,2025-05-17 09:55:00,25,Industrial Oil
DEF-08472,M009,2025-05-17 11:40:00,13,Textiles
DEF-08473,M009,2025-05-17 13:10:00,25,Industrial Oil
DEF-08474,M009,2025-05-17 14:05:00,24,Scrap Steel
DEF-08475,M009,2025-05-17 17:35:00,33,Coolant
DEF-08476,M009,2025-05-17 18:15:00,30,Circuit Board
DEF-08477,M009,2025-05-17 18:20:00,7,Cotton
DEF-08478,M009,2025-05-17 18:25:00,9,Catalyst
DEF-08479,M009,2025-05-17 18:50:00,2,Coolant
DEF-08480,M009,2025-05-17 19:10:00,4,Scrap Steel
DEF-08481,M009,2025-05-17 21:05:00,6,Scrap Steel
DEF-08482,M009,2025-05-17 21:10:00,45,Lead-Based Alloy
DEF-08483,M009,2025-05-17 22:00:00,3,Sheet Metal
DEF-08484,M009,2025-05-17 22:20:00,12,Packaging
DEF-08485,M009,2025-05-17 23:30:00,16,Packaging
DEF-08486,M009,2025-05-17 23:45:00,3,Packaging
DEF-08487,M009,2025-05-18 00:15:00,17,Reprocessed Plastics
DEF-08488,M009,2025-05-18 00:30:00,29,Circuit Board
DEF-08489,M009,2025-05-18 01:15:00,8,Lead-Based Alloy
DEF-08490,M009,2025-05-18 02:20:00,13,Scrap Steel
DEF-08491,M009,2025-05-18 04:10:00,34,Solvent
DEF-08492,M009,2025-05-18 05:00:00,8,Scrap Steel
DEF-08493,M009,2025-05-18 05:40:00,33,Aluminum
DEF-08494,M009,2025-05-18 06:10:00,29,Packaging
DEF-08495,M009,2025-05-18 07:20:00,0,Plastic Resin
DEF-08496,M009,2025-05-18 07:35:00,23,Catalyst
DEF-08497,M009,2025-05-18 10:05:00,15,Reprocessed Plastics
DEF-08498,M009,2025-05-18 13:30:00,13,Cotton
DEF-08499,M009,2025-05-18 13:45:00,7,Scrap Steel
DEF-08500,M009,2025-05-18 14:00:00,13,Scrap Steel
DEF-08501,M009,2025-05-18 14:35:00,11,Plastic Resin
DEF-08502,M009,2025-05-18 14:45:00,7,Cotton
DEF-08503,M009,2025-05-18 16:00:00,5,Solvent
DEF-08504,M009,2025-05-18 16:35:00,34,Scrap Steel
DEF-08505,M009,2025-05-18 16:50:00,31,Steel
DEF-08506,M009,2025-05-18 17:10:00,30,Sheet Metal
DEF-08507,M009,2025-05-18 17:30:00,8,Textiles
DEF-08508,M009,2025-05-18 19:25:00,26,Sheet Metal
DEF-08509,M009,2025-05-18 20:20:00,12,Steel
DEF-08510,M009,2025-05-18 22:10:00,17,Scrap Steel
DEF-08511,M009,2025-05-18 22:35:00,18,Reprocessed Plastics
DEF-08512,M009,2025-05-18 23:10:00,15,Sheet Metal
DEF-08513,M009,2025-05-18 23:20:00,7,Polypropylene
DEF-08514,M009,2025-05-19 01:10:00,10,Packaging
DEF-08515,M009,2025-05-19 03:00:00,12,Plastic Resin
DEF-08516,M009,2025-05-19 03:15:00,12,Cotton
DEF-08517,M009,2025-05-19 05:30:00,2,Catalyst
DEF-08518,M009,2025-05-19 05:35:00,10,Textiles
DEF-08519,M009,2025-05-19 06:25:00,12,Cotton
DEF-08520,M009,2025-05-19 06:50:00,10,Solvent
DEF-08521,M009,2025-05-19 06:55:00,7,Steel
DEF-08522,M009,2025-05-19 08:35:00,37,Coolant
DEF-08523,M009,2025-05-19 09:50:00,12,Cotton
DEF-08524,M009,2025-05-19 10:40:00,8,Industrial Oil
DEF-08525,M009,2025-05-19 10:55:00,30,Circuit Board
DEF-08526,M009,2025-05-19 11:20:00,7,Sheet Metal
DEF-08527,M009,2025-05-19 12:20:00,3,Reprocessed Plastics
DEF-08528,M009,2025-05-19 15:25:00,1,Circuit Board
DEF-08529,M009,2025-05-19 17:20:00,16,Machine Component
DEF-08530,M009,2025-05-19 17:25:00,5,Reprocessed Plastics
DEF-08531,M009,2025-05-19 18:50:00,21,Lead-Based Alloy
DEF-08532,M009,2025-05-19 19:00:00,7,Textiles
DEF-08533,M009,2025-05-19 19:45:00,28,Polypropylene
DEF-08534,M009,2025-05-19 20:30:00,7,Scrap Steel
DEF-08535,M009,2025-05-19 20:35:00,40,Aluminum
DEF-08536,M009,2025-05-19 21:10:00,31,Steel
DEF-08537,M009,2025-05-19 22:10:00,21,Solvent
DEF-08538,M009,2025-05-19 22:55:00,0,Machine Component
DEF-08539,M009,2025-05-19 23:30:00,39,Packaging
DEF-08540,M009,2025-05-19 23:35:00,12,Lead-Based Alloy
DEF-08541,M009,2025-05-20 00:55:00,22,Aluminum
DEF-08542,M009,2025-05-20 02:45:00,29,Plastic Resin
DEF-08543,M009,2025-05-20 02:55:00,0,Catalyst
DEF-08544,M009,2025-05-20 04:00:00,17,Sheet Metal
DEF-08545,M009,2025-05-20 05:05:00,25,Reprocessed Plastics
DEF-08546,M009,2025-05-20 05:15:00,4,Lead-Based Alloy
DEF-08547,M009,2025-05-20 07:20:00,8,Solvent
DEF-08548,M009,2025-05-20 09:00:00,21,Reprocessed Plastics
DEF-08549,M009,2025-05-20 09:20:00,3,Sheet Metal
DEF-08550,M009,2025-05-20 09:30:00,2,Coolant
DEF-08551,M009,2025-05-20 10:45:00,16,Catalyst
DEF-08552,M009,2025-05-20 11:05:00,24,Scrap Steel
DEF-08553,M009,2025-05-20 13:40:00,21,Solvent
DEF-08554,M009,2025-05-20 14:55:00,19,Scrap Steel
DEF-08555,M009,2025-05-20 15:20:00,12,Industrial Oil
DEF-08556,M009,2025-05-20 16:30:00,12,Scrap Steel
DEF-08557,M009,2025-05-20 17:30:00,11,Reprocessed Plastics
DEF-08558,M009,2025-05-20 18:25:00,2,Sheet Metal
DEF-08559,M009,2025-05-20 19:05:00,6,Scrap Steel
DEF-08560,M009,2025-05-20 19:15:00,4,Circuit Board
DEF-08561,M009,2025-05-20 20:50:00,7,Sheet Metal
DEF-08562,M009,2025-05-20 21:30:00,41,Steel
DEF-08563,M009,2025-05-20 22:10:00,47,Scrap Steel
DEF-08564,M009,2025-05-20 22:35:00,14,Plastic Resin
DEF-08565,M009,2025-05-20 23:30:00,8,Solvent
DEF-08566,M009,2025-05-20 23:35:00,11,Polypropylene
DEF-08567,M009,2025-05-21 00:05:00,36,Plastic Resin
DEF-08568,M009,2025-05-21 03:00:00,2,Coolant
DEF-08569,M009,2025-05-21 03:55:00,6,Solvent
DEF-08570,M009,2025-05-21 04:45:00,5,Polypropylene
DEF-08571,M009,2025-05-21 05:25:00,20,Textiles
DEF-08572,M009,2025-05-21 06:30:00,3,Circuit Board
DEF-08573,M009,2025-05-21 07:05:00,13,Polypropylene
DEF-08574,M009,2025-05-21 09:10:00,3,Industrial Oil
DEF-08575,M009,2025-05-21 11:15:00,6,Cotton
DEF-08576,M009,2025-05-21 12:05:00,1,Scrap Steel
DEF-08577,M009,2025-05-21 12:55:00,15,Machine Component
DEF-08578,M009,2025-05-21 14:05:00,7,Lead-Based Alloy
DEF-08579,M009,2025-05-21 14:10:00,28,Reprocessed Plastics
DEF-08580,M009,2025-05-21 15:00:00,18,Industrial Oil
DEF-08581,M009,2025-05-21 15:10:00,7,Aluminum
DEF-08582,M009,2025-05-21 15:20:00,8,Scrap Steel
DEF-08583,M009,2025-05-21 15:50:00,11,Machine Component
DEF-08584,M009,2025-05-21 16:25:00,26,Coolant
DEF-08585,M009,2025-05-21 17:10:00,13,Sheet Metal
DEF-08586,M009,2025-05-21 18:05:00,42,Catalyst
DEF-08587,M009,2025-05-21 18:30:00,14,Solvent
DEF-08588,M009,2025-05-21 19:00:00,5,Industrial Oil
DEF-08589,M009,2025-05-21 19:20:00,18,Polypropylene
DEF-08590,M009,2025-05-21 20:00:00,3,Catalyst
DEF-08591,M009,2025-05-21 20:40:00,15,Machine Component
DEF-08592,M009,2025-05-21 21:05:00,9,Packaging
DEF-08593,M009,2025-05-21 21:45:00,22,Industrial Oil
DEF-08594,M009,2025-05-21 22:35:00,6,Packaging
DEF-08595,M009,2025-05-21 22:50:00,5,Machine Component
DEF-08596,M009,2025-05-21 23:05:00,33,Solvent
DEF-08597,M009,2025-05-21 23:50:00,35,Circuit Board
DEF-08598,M009,2025-05-22 02:05:00,3,Reprocessed Plastics
DEF-08599,M009,2025-05-22 02:25:00,12,Solvent
DEF-08600,M009,2025-05-22 03:15:00,5,Circuit Board
DEF-08601,M009,2025-05-22 03:20:00,48,Industrial Oil
DEF-08602,M009,2025-05-22 03:50:00,8,Circuit Board
DEF-08603,M009,2025-05-22 04:50:00,7,Solvent
DEF-08604,M009,2025-05-22 04:55:00,4,Scrap Steel
DEF-08605,M009,2025-05-22 05:05:00,11,Reprocessed Plastics
DEF-08606,M009,2025-05-22 08:40:00,7,Machine Component
DEF-08607,M009,2025-05-22 09:45:00,2,Circuit Board
DEF-08608,M009,2025-05-22 10:45:00,38,Steel
DEF-08609,M009,2025-05-22 12:35:00,17,Reprocessed Plastics
DEF-08610,M009,2025-05-22 12:45:00,18,Packaging
DEF-08611,M009,2025-05-22 12:55:00,19,Reprocessed Plastics
DEF-08612,M009,2025-05-22 13:40:00,10,Cotton
DEF-08613,M009,2025-05-22 17:25:00,4,Packaging
DEF-08614,M009,2025-05-22 19:40:00,8,Cotton
DEF-08615,M009,2025-05-22 20:00:00,19,Packaging
DEF-08616,M009,2025-05-22 21:10:00,7,Aluminum
DEF-08617,M009,2025-05-22 22:00:00,44,Sheet Metal
DEF-08618,M009,2025-05-23 02:45:00,17,Packaging
DEF-08619,M009,2025-05-23 03:20:00,16,Sheet Metal
DEF-08620,M009,2025-05-23 05:25:00,5,Sheet Metal
DEF-08621,M009,2025-05-23 07:10:00,3,Sheet Metal
DEF-08622,M009,2025-05-23 08:55:00,42,Coolant
DEF-08623,M009,2025-05-23 09:25:00,6,Cotton
DEF-08624,M009,2025-05-23 10:00:00,1,Industrial Oil
DEF-08625,M009,2025-05-23 10:10:00,10,Plastic Resin
DEF-08626,M009,2025-05-23 11:15:00,22,Steel
DEF-08627,M009,2025-05-23 11:40:00,5,Coolant
DEF-08628,M009,2025-05-23 12:00:00,9,Scrap Steel
DEF-08629,M009,2025-05-23 13:50:00,11,Industrial Oil
DEF-08630,M009,2025-05-23 15:35:00,13,Machine Component
DEF-08631,M009,2025-05-23 15:40:00,12,Solvent
DEF-08632,M009,2025-05-23 18:00:00,16,Scrap Steel
DEF-08633,M009,2025-05-23 18:05:00,3,Plastic Resin
DEF-08634,M009,2025-05-23 18:10:00,6,Cotton
DEF-08635,M009,2025-05-23 18:20:00,9,Reprocessed Plastics
DEF-08636,M009,2025-05-23 19:25:00,3,Machine Component
DEF-08637,M009,2025-05-23 19:35:00,0,Plastic Resin
DEF-08638,M009,2025-05-23 20:00:00,5,Lead-Based Alloy
DEF-08639,M009,2025-05-23 20:10:00,1,Lead-Based Alloy
DEF-08640,M009,2025-05-23 20:45:00,15,Cotton
DEF-08641,M009,2025-05-23 20:55:00,2,Textiles
DEF-08642,M009,2025-05-23 21:15:00,29,Solvent
DEF-08643,M009,2025-05-23 21:45:00,0,Lead-Based Alloy
DEF-08644,M009,2025-05-23 22:55:00,17,Aluminum
DEF-08645,M009,2025-05-23 23:45:00,20,Reprocessed Plastics
DEF-08646,M009,2025-05-24 00:25:00,18,Packaging
DEF-08647,M009,2025-05-24 00:35:00,17,Cotton
DEF-08648,M009,2025-05-24 00:55:00,17,Lead-Based Alloy
DEF-08649,M009,2025-05-24 01:00:00,11,Sheet Metal
DEF-08650,M009,2025-05-24 01:10:00,18,Circuit Board
DEF-08651,M009,2025-05-24 02:40:00,9,Lead-Based Alloy
DEF-08652,M009,2025-05-24 02:45:00,15,Packaging
DEF-08653,M009,2025-05-24 03:40:00,4,Solvent
DEF-08654,M009,2025-05-24 04:25:00,17,Solvent
DEF-08655,M009,2025-05-24 05:30:00,17,Plastic Resin
DEF-08656,M009,2025-05-24 06:45:00,19,Polypropylene
DEF-08657,M009,2025-05-24 07:00:00,32,Coolant
DEF-08658,M009,2025-05-24 07:05:00,27,Circuit Board
DEF-08659,M009,2025-05-24 10:40:00,17,Machine Component
DEF-08660,M009,2025-05-24 11:05:00,6,Polypropylene
DEF-08661,M009,2025-05-24 11:25:00,2,Aluminum
DEF-08662,M009,2025-05-24 11:55:00,26,Lead-Based Alloy
DEF-08663,M009,2025-05-24 12:15:00,13,Polypropylene
DEF-08664,M009,2025-05-24 13:05:00,16,Sheet Metal
DEF-08665,M009,2025-05-24 13:30:00,19,Textiles
DEF-08666,M009,2025-05-24 14:15:00,4,Scrap Steel
DEF-08667,M009,2025-05-24 15:35:00,12,Circuit Board
DEF-08668,M009,2025-05-24 15:40:00,15,Machine Component
DEF-08669,M009,2025-05-24 16:55:00,7,Machine Component
DEF-08670,M009,2025-05-24 17:10:00,10,Cotton
DEF-08671,M009,2025-05-24 19:45:00,11,Machine Component
DEF-08672,M009,2025-05-24 20:30:00,1,Polypropylene
DEF-08673,M009,2025-05-24 20:50:00,6,Polypropylene
DEF-08674,M009,2025-05-24 21:00:00,9,Catalyst
DEF-08675,M009,2025-05-24 21:10:00,10,Textiles
DEF-08676,M009,2025-05-24 21:50:00,10,Reprocessed Plastics
DEF-08677,M009,2025-05-24 22:10:00,14,Industrial Oil
DEF-08678,M009,2025-05-25 00:55:00,19,Aluminum
DEF-08679,M009,2025-05-25 01:35:00,23,Circuit Board
DEF-08680,M009,2025-05-25 02:25:00,21,Coolant
DEF-08681,M009,2025-05-25 02:30:00,21,Scrap Steel
DEF-08682,M009,2025-05-25 03:10:00,28,Circuit Board
DEF-08683,M009,2025-05-25 03:40:00,6,Circuit Board
DEF-08684,M009,2025-05-25 04:10:00,36,Scrap Steel
DEF-08685,M009,2025-05-25 04:45:00,41,Polypropylene
DEF-08686,M009,2025-05-25 05:45:00,9,Scrap Steel
DEF-08687,M009,2025-05-25 05:50:00,3,Plastic Resin
DEF-08688,M009,2025-05-25 06:55:00,6,Scrap Steel
DEF-08689,M009,2025-05-25 07:10:00,22,Aluminum
DEF-08690,M009,2025-05-25 07:55:00,38,Reprocessed Plastics
DEF-08691,M009,2025-05-25 08:15:00,7,Lead-Based Alloy
DEF-08692,M009,2025-05-25 10:05:00,29,Machine Component
DEF-08693,M009,2025-05-25 11:20:00,30,Solvent
DEF-08694,M009,2025-05-25 11:25:00,24,Polypropylene
DEF-08695,M009,2025-05-25 11:50:00,19,Reprocessed Plastics
DEF-08696,M009,2025-05-25 12:20:00,2,Packaging
DEF-08697,M009,2025-05-25 12:45:00,33,Sheet Metal
DEF-08698,M009,2025-05-25 13:25:00,0,Lead-Based Alloy
DEF-08699,M009,2025-05-25 13:35:00,2,Circuit Board
DEF-08700,M009,2025-05-25 14:35:00,24,Sheet Metal
DEF-08701,M009,2025-05-25 14:50:00,3,Polypropylene
DEF-08702,M009,2025-05-25 17:15:00,5,Reprocessed Plastics
DEF-08703,M009,2025-05-25 17:45:00,15,Cotton
DEF-08704,M009,2025-05-25 18:05:00,19,Cotton
DEF-08705,M009,2025-05-25 18:55:00,20,Lead-Based Alloy
DEF-08706,M009,2025-05-25 19:25:00,20,Steel
DEF-08707,M009,2025-05-25 20:15:00,5,Reprocessed Plastics
DEF-08708,M009,2025-05-25 20:35:00,2,Reprocessed Plastics
DEF-08709,M009,2025-05-25 21:00:00,7,Lead-Based Alloy
DEF-08710,M009,2025-05-25 21:05:00,1,Catalyst
DEF-08711,M009,2025-05-25 22:25:00,6,Polypropylene
DEF-08712,M009,2025-05-25 22:40:00,3,Reprocessed Plastics
DEF-08713,M009,2025-05-25 22:45:00,40,Reprocessed Plastics
DEF-08714,M009,2025-05-25 22:55:00,6,Scrap Steel
DEF-08715,M009,2025-05-25 23:30:00,4,Aluminum
DEF-08716,M009,2025-05-26 00:30:00,12,Coolant
DEF-08717,M009,2025-05-26 00:45:00,2,Packaging
DEF-08718,M009,2025-05-26 02:15:00,9,Scrap Steel
DEF-08719,M009,2025-05-26 02:25:00,26,Textiles
DEF-08720,M009,2025-05-26 04:00:00,1,Coolant
DEF-08721,M009,2025-05-26 04:05:00,6,Solvent
DEF-08722,M009,2025-05-26 05:20:00,20,Circuit Board
DEF-08723,M009,2025-05-26 05:35:00,3,Circuit Board
DEF-08724,M009,2025-05-26 05:45:00,9,Reprocessed Plastics
DEF-08725,M009,2025-05-26 07:20:00,1,Polypropylene
DEF-08726,M009,2025-05-26 07:25:00,11,Reprocessed Plastics
DEF-08727,M009,2025-05-26 09:25:00,21,Machine Component
DEF-08728,M009,2025-05-26 10:45:00,5,Circuit Board
DEF-08729,M009,2025-05-26 11:15:00,13,Polypropylene
DEF-08730,M009,2025-05-26 11:50:00,20,Reprocessed Plastics
DEF-08731,M009,2025-05-26 14:30:00,0,Circuit Board
DEF-08732,M009,2025-05-26 16:10:00,5,Reprocessed Plastics
DEF-08733,M009,2025-05-26 17:25:00,17,Polypropylene
DEF-08734,M009,2025-05-26 17:45:00,4,Polypropylene
DEF-08735,M009,2025-05-26 18:10:00,4,Packaging
DEF-08736,M009,2025-05-26 18:30:00,10,Packaging
DEF-08737,M009,2025-05-26 19:35:00,1,Packaging
DEF-08738,M009,2025-05-26 20:40:00,2,Cotton
DEF-08739,M009,2025-05-26 22:00:00,8,Polypropylene
DEF-08740,M009,2025-05-26 22:05:00,7,Machine Component
DEF-08741,M009,2025-05-26 22:35:00,7,Scrap Steel
DEF-08742,M009,2025-05-26 23:00:00,12,Scrap Steel
DEF-08743,M009,2025-05-27 00:25:00,2,Cotton
DEF-08744,M009,2025-05-27 01:05:00,8,Scrap Steel
DEF-08745,M009,2025-05-27 03:15:00,26,Reprocessed Plastics
DEF-08746,M009,2025-05-27 04:00:00,2,Polypropylene
DEF-08747,M009,2025-05-27 05:35:00,1,Solvent
DEF-08748,M009,2025-05-27 06:20:00,1,Scrap Steel
DEF-08749,M009,2025-05-27 06:30:00,7,Plastic Resin
DEF-08750,M009,2025-05-27 08:10:00,7,Plastic Resin
DEF-08751,M009,2025-05-27 09:05:00,5,Sheet Metal
DEF-08752,M009,2025-05-27 09:10:00,16,Polypropylene
DEF-08753,M009,2025-05-27 10:25:00,37,Industrial Oil
DEF-08754,M009,2025-05-27 12:00:00,15,Coolant
DEF-08755,M009,2025-05-27 13:15:00,4,Machine Component
DEF-08756,M009,2025-05-27 14:15:00,10,Solvent
DEF-08757,M009,2025-05-27 15:55:00,31,Catalyst
DEF-08758,M009,2025-05-27 17:35:00,10,Plastic Resin
DEF-08759,M009,2025-05-27 17:45:00,11,Lead-Based Alloy
DEF-08760,M009,2025-05-27 18:05:00,27,Scrap Steel
DEF-08761,M009,2025-05-27 18:45:00,8,Lead-Based Alloy
DEF-08762,M009,2025-05-27 19:40:00,18,Scrap Steel
DEF-08763,M009,2025-05-27 20:30:00,15,Lead-Based Alloy
DEF-08764,M009,2025-05-27 21:20:00,14,Plastic Resin
DEF-08765,M009,2025-05-27 22:35:00,11,Catalyst
DEF-08766,M009,2025-05-27 22:40:00,13,Packaging
DEF-08767,M009,2025-05-28 00:45:00,6,Catalyst
DEF-08768,M009,2025-05-28 01:20:00,5,Machine Component
DEF-08769,M009,2025-05-28 03:25:00,1,Solvent
DEF-08770,M009,2025-05-28 04:05:00,42,Coolant
DEF-08771,M009,2025-05-28 04:25:00,28,Sheet Metal
DEF-08772,M009,2025-05-28 09:50:00,7,Cotton
DEF-08773,M009,2025-05-28 12:10:00,20,Plastic Resin
DEF-08774,M009,2025-05-28 14:20:00,18,Packaging
DEF-08775,M009,2025-05-28 15:35:00,20,Scrap Steel
DEF-08776,M009,2025-05-28 18:05:00,13,Reprocessed Plastics
DEF-08777,M009,2025-05-28 18:20:00,6,Solvent
DEF-08778,M009,2025-05-28 18:45:00,0,Packaging
DEF-08779,M009,2025-05-28 19:35:00,38,Coolant
DEF-08780,M009,2025-05-28 21:00:00,39,Circuit Board
DEF-08781,M009,2025-05-28 21:30:00,4,Solvent
DEF-08782,M009,2025-05-28 22:40:00,8,Circuit Board
DEF-08783,M009,2025-05-28 23:00:00,23,Reprocessed Plastics
DEF-08784,M009,2025-05-28 23:45:00,3,Cotton
DEF-08785,M009,2025-05-28 23:50:00,7,Packaging
DEF-08786,M009,2025-05-29 00:10:00,9,Plastic Resin
DEF-08787,M009,2025-05-29 01:15:00,27,Solvent
DEF-08788,M009,2025-05-29 02:55:00,30,Solvent
DEF-08789,M009,2025-05-29 03:25:00,4,Circuit Board
DEF-08790,M009,2025-05-29 03:35:00,4,Reprocessed Plastics
DEF-08791,M009,2025-05-29 05:20:00,3,Aluminum
DEF-08792,M009,2025-05-29 05:25:00,3,Sheet Metal
DEF-08793,M009,2025-05-29 05:30:00,11,Aluminum
DEF-08794,M009,2025-05-29 06:45:00,10,Cotton
DEF-08795,M009,2025-05-29 08:05:00,4,Industrial Oil
DEF-08796,M009,2025-05-29 08:50:00,3,Cotton
DEF-08797,M009,2025-05-29 08:55:00,3,Polypropylene
DEF-08798,M009,2025-05-29 09:00:00,13,Catalyst
DEF-08799,M009,2025-05-29 09:20:00,7,Cotton
DEF-08800,M009,2025-05-29 11:20:00,21,Textiles
DEF-08801,M009,2025-05-29 13:05:00,21,Lead-Based Alloy
DEF-08802,M009,2025-05-29 13:45:00,1,Catalyst
DEF-08803,M009,2025-05-29 14:30:00,27,Scrap Steel
DEF-08804,M009,2025-05-29 14:35:00,30,Steel
DEF-08805,M009,2025-05-29 17:45:00,12,Machine Component
DEF-08806,M009,2025-05-29 18:00:00,36,Sheet Metal
DEF-08807,M009,2025-05-29 18:10:00,25,Industrial Oil
DEF-08808,M009,2025-05-29 20:05:00,14,Steel
DEF-08809,M009,2025-05-29 20:25:00,36,Catalyst
DEF-08810,M009,2025-05-29 20:55:00,5,Textiles
DEF-08811,M009,2025-05-29 21:00:00,14,Steel
DEF-08812,M009,2025-05-29 21:50:00,32,Solvent
DEF-08813,M009,2025-05-29 23:00:00,5,Steel
DEF-08814,M009,2025-05-29 23:30:00,17,Scrap Steel
DEF-08815,M009,2025-05-29 23:35:00,13,Lead-Based Alloy
DEF-08816,M009,2025-05-30 00:00:00,25,Packaging
DEF-08817,M009,2025-05-30 02:15:00,8,Industrial Oil
DEF-08818,M009,2025-05-30 02:55:00,4,Coolant
DEF-08819,M009,2025-05-30 03:35:00,1,Textiles
DEF-08820,M009,2025-05-30 04:50:00,8,Solvent
DEF-08821,M009,2025-05-30 05:00:00,14,Machine Component
DEF-08822,M009,2025-05-30 05:25:00,19,Textiles
DEF-08823,M009,2025-05-30 05:30:00,17,Packaging
DEF-08824,M009,2025-05-30 06:15:00,16,Coolant
DEF-08825,M009,2025-05-30 07:45:00,2,Reprocessed Plastics
DEF-08826,M009,2025-05-30 07:55:00,16,Machine Component
DEF-08827,M009,2025-05-30 08:35:00,15,Polypropylene
DEF-08828,M009,2025-05-30 09:10:00,1,Coolant
DEF-08829,M009,2025-05-30 09:35:00,24,Lead-Based Alloy
DEF-08830,M009,2025-05-30 10:00:00,7,Scrap Steel
DEF-08831,M009,2025-05-30 11:20:00,35,Sheet Metal
DEF-08832,M009,2025-05-30 11:25:00,40,Circuit Board
DEF-08833,M009,2025-05-30 12:05:00,15,Steel
DEF-08834,M009,2025-05-30 12:15:00,9,Sheet Metal
DEF-08835,M009,2025-05-30 13:05:00,1,Textiles
DEF-08836,M009,2025-05-30 14:00:00,36,Lead-Based Alloy
DEF-08837,M009,2025-05-30 15:05:00,19,Packaging
DEF-08838,M009,2025-05-30 15:50:00,26,Machine Component
DEF-08839,M009,2025-05-30 16:05:00,35,Steel
DEF-08840,M009,2025-05-30 16:10:00,7,Sheet Metal
DEF-08841,M009,2025-05-30 16:25:00,33,Coolant
DEF-08842,M009,2025-05-30 16:40:00,30,Lead-Based Alloy
DEF-08843,M009,2025-05-30 17:55:00,10,Circuit Board
DEF-08844,M009,2025-05-30 22:10:00,26,Aluminum
DEF-08845,M009,2025-05-30 23:30:00,14,Machine Component
DEF-08846,M009,2025-05-30 23:45:00,20,Machine Component
DEF-08847,M009,2025-05-31 00:25:00,44,Scrap Steel
DEF-08848,M009,2025-05-31 01:20:00,11,Steel
DEF-08849,M009,2025-05-31 02:20:00,30,Scrap Steel
DEF-08850,M009,2025-05-31 02:40:00,3,Cotton
DEF-08851,M009,2025-05-31 03:50:00,3,Steel
DEF-08852,M009,2025-05-31 04:35:00,45,Plastic Resin
DEF-08853,M009,2025-05-31 04:40:00,31,Reprocessed Plastics
DEF-08854,M009,2025-05-31 05:00:00,5,Packaging
DEF-08855,M009,2025-05-31 06:35:00,1,Textiles
DEF-08856,M009,2025-05-31 08:30:00,1,Coolant
DEF-08857,M009,2025-05-31 08:40:00,41,Polypropylene
DEF-08858,M009,2025-05-31 10:05:00,44,Coolant
DEF-08859,M009,2025-05-31 11:45:00,12,Industrial Oil
DEF-08860,M009,2025-05-31 12:25:00,23,Lead-Based Alloy
DEF-08861,M009,2025-05-31 13:35:00,1,Machine Component
DEF-08862,M009,2025-05-31 14:15:00,4,Textiles
DEF-08863,M009,2025-05-31 14:45:00,38,Circuit Board
DEF-08864,M009,2025-05-31 15:50:00,10,Reprocessed Plastics
DEF-08865,M009,2025-05-31 16:50:00,8,Packaging
DEF-08866,M009,2025-05-31 17:35:00,32,Aluminum
DEF-08867,M009,2025-05-31 18:15:00,9,Circuit Board
DEF-08868,M009,2025-05-31 18:55:00,21,Plastic Resin
DEF-08869,M009,2025-05-31 19:15:00,25,Steel
DEF-08870,M009,2025-05-31 19:35:00,6,Aluminum
DEF-08871,M009,2025-05-31 20:10:00,46,Plastic Resin
DEF-08872,M009,2025-05-31 20:40:00,25,Coolant
DEF-08873,M009,2025-05-31 20:45:00,5,Industrial Oil
DEF-08874,M009,2025-05-31 20:55:00,10,Textiles
DEF-08875,M009,2025-05-31 23:45:00,6,Solvent
DEF-08876,M009,2025-06-01 00:25:00,5,Polypropylene
DEF-08877,M009,2025-06-01 01:15:00,34,Cotton
DEF-08878,M009,2025-06-01 04:05:00,2,Packaging
DEF-08879,M009,2025-06-01 04:15:00,3,Textiles
DEF-08880,M009,2025-06-01 06:10:00,27,Catalyst
DEF-08881,M009,2025-06-01 06:50:00,22,Cotton
DEF-08882,M009,2025-06-01 07:00:00,8,Scrap Steel
DEF-08883,M009,2025-06-01 08:10:00,18,Aluminum
DEF-08884,M009,2025-06-01 08:30:00,20,Circuit Board
DEF-08885,M009,2025-06-01 09:10:00,4,Sheet Metal
DEF-08886,M009,2025-06-01 10:45:00,6,Solvent
DEF-08887,M009,2025-06-01 12:50:00,17,Machine Component
DEF-08888,M009,2025-06-01 13:50:00,3,Machine Component
DEF-08889,M009,2025-06-01 15:05:00,5,Lead-Based Alloy
DEF-08890,M009,2025-06-01 15:20:00,30,Circuit Board
DEF-08891,M009,2025-06-01 16:05:00,12,Industrial Oil
DEF-08892,M009,2025-06-01 18:55:00,3,Solvent
DEF-08893,M009,2025-06-01 19:00:00,5,Coolant
DEF-08894,M009,2025-06-01 19:25:00,19,Scrap Steel
DEF-08895,M009,2025-06-01 19:35:00,12,Lead-Based Alloy
DEF-08896,M009,2025-06-01 20:00:00,10,Circuit Board
DEF-08897,M009,2025-06-01 21:05:00,6,Scrap Steel
DEF-08898,M009,2025-06-01 21:15:00,2,Aluminum
DEF-08899,M009,2025-06-01 21:30:00,8,Circuit Board
DEF-08900,M009,2025-06-01 22:05:00,26,Polypropylene
DEF-08901,M009,2025-06-01 22:45:00,2,Packaging
DEF-08902,M009,2025-06-01 23:40:00,37,Circuit Board
DEF-08903,M009,2025-06-02 03:05:00,11,Scrap Steel
DEF-08904,M009,2025-06-02 04:10:00,11,Industrial Oil
DEF-08905,M009,2025-06-02 05:35:00,1,Solvent
DEF-08906,M009,2025-06-02 05:55:00,1,Aluminum
DEF-08907,M009,2025-06-02 06:50:00,14,Reprocessed Plastics
DEF-08908,M009,2025-06-02 07:45:00,1,Packaging
DEF-08909,M009,2025-06-02 09:55:00,1,Solvent
DEF-08910,M009,2025-06-02 10:40:00,10,Coolant
DEF-08911,M009,2025-06-02 12:40:00,33,Plastic Resin
DEF-08912,M009,2025-06-02 12:55:00,5,Machine Component
DEF-08913,M009,2025-06-02 13:00:00,34,Plastic Resin
DEF-08914,M009,2025-06-02 13:10:00,23,Polypropylene
DEF-08915,M009,2025-06-02 13:35:00,0,Machine Component
DEF-08916,M009,2025-06-02 14:10:00,29,Solvent
DEF-08917,M009,2025-06-02 14:35:00,20,Packaging
DEF-08918,M009,2025-06-02 15:45:00,30,Circuit Board
DEF-08919,M009,2025-06-02 16:05:00,10,Solvent
DEF-08920,M009,2025-06-02 16:45:00,24,Reprocessed Plastics
DEF-08921,M009,2025-06-02 16:50:00,4,Cotton
DEF-08922,M009,2025-06-02 17:25:00,16,Aluminum
DEF-08923,M009,2025-06-02 17:40:00,12,Textiles
DEF-08924,M009,2025-06-02 17:55:00,11,Industrial Oil
DEF-08925,M009,2025-06-02 18:00:00,36,Reprocessed Plastics
DEF-08926,M009,2025-06-02 19:00:00,4,Scrap Steel
DEF-08927,M009,2025-06-02 19:15:00,20,Plastic Resin
DEF-08928,M009,2025-06-02 19:40:00,16,Circuit Board
DEF-08929,M009,2025-06-02 19:50:00,2,Lead-Based Alloy
DEF-08930,M009,2025-06-02 19:55:00,9,Cotton
DEF-08931,M009,2025-06-02 20:05:00,7,Catalyst
DEF-08932,M009,2025-06-02 20:45:00,4,Plastic Resin
DEF-08933,M009,2025-06-02 22:00:00,17,Industrial Oil
DEF-08934,M009,2025-06-02 22:35:00,26,Industrial Oil
DEF-08935,M009,2025-06-02 23:25:00,7,Lead-Based Alloy
DEF-08936,M009,2025-06-02 23:45:00,33,Circuit Board
DEF-08937,M009,2025-06-03 00:55:00,16,Solvent
DEF-08938,M009,2025-06-03 01:25:00,11,Scrap Steel
DEF-08939,M009,2025-06-03 01:50:00,15,Polypropylene
DEF-08940,M009,2025-06-03 02:25:00,2,Lead-Based Alloy
DEF-08941,M009,2025-06-03 03:05:00,1,Circuit Board
DEF-08942,M009,2025-06-03 03:15:00,17,Reprocessed Plastics
DEF-08943,M009,2025-06-03 03:35:00,1,Machine Component
DEF-08944,M009,2025-06-03 04:35:00,6,Machine Component
DEF-08945,M009,2025-06-03 04:50:00,13,Reprocessed Plastics
DEF-08946,M009,2025-06-03 05:10:00,3,Solvent
DEF-08947,M009,2025-06-03 06:50:00,43,Steel
DEF-08948,M009,2025-06-03 08:40:00,39,Lead-Based Alloy
DEF-08949,M009,2025-06-03 09:00:00,7,Catalyst
DEF-08950,M009,2025-06-03 10:00:00,33,Solvent
DEF-08951,M009,2025-06-03 10:55:00,5,Reprocessed Plastics
DEF-08952,M009,2025-06-03 11:20:00,7,Circuit Board
DEF-08953,M009,2025-06-03 11:50:00,0,Solvent
DEF-08954,M009,2025-06-03 11:55:00,11,Industrial Oil
DEF-08955,M009,2025-06-03 12:10:00,38,Lead-Based Alloy
DEF-08956,M009,2025-06-03 12:15:00,2,Scrap Steel
DEF-08957,M009,2025-06-03 13:15:00,22,Industrial Oil
DEF-08958,M009,2025-06-03 14:05:00,13,Reprocessed Plastics
DEF-08959,M009,2025-06-03 14:30:00,6,Steel
DEF-08960,M009,2025-06-03 14:50:00,32,Cotton
DEF-08961,M009,2025-06-03 15:00:00,18,Reprocessed Plastics
DEF-08962,M009,2025-06-03 15:10:00,11,Solvent
DEF-08963,M009,2025-06-03 17:45:00,8,Aluminum
DEF-08964,M009,2025-06-03 18:00:00,11,Plastic Resin
DEF-08965,M009,2025-06-03 18:20:00,5,Catalyst
DEF-08966,M009,2025-06-03 19:10:00,14,Coolant
DEF-08967,M009,2025-06-03 19:50:00,4,Aluminum
DEF-08968,M009,2025-06-03 21:45:00,21,Aluminum
DEF-08969,M009,2025-06-03 22:05:00,12,Coolant
DEF-08970,M009,2025-06-03 23:35:00,39,Machine Component
DEF-08971,M009,2025-06-04 00:20:00,7,Scrap Steel
DEF-08972,M009,2025-06-04 00:45:00,21,Scrap Steel
DEF-08973,M009,2025-06-04 01:20:00,7,Circuit Board
DEF-08974,M009,2025-06-04 03:20:00,0,Aluminum
DEF-08975,M009,2025-06-04 03:45:00,3,Circuit Board
DEF-08976,M009,2025-06-04 03:55:00,5,Solvent
DEF-08977,M009,2025-06-04 04:30:00,5,Industrial Oil
DEF-08978,M009,2025-06-04 04:45:00,1,Lead-Based Alloy
DEF-08979,M009,2025-06-04 06:25:00,8,Coolant
DEF-08980,M009,2025-06-04 06:40:00,20,Machine Component
DEF-08981,M009,2025-06-04 06:55:00,16,Coolant
DEF-08982,M009,2025-06-04 08:00:00,14,Lead-Based Alloy
DEF-08983,M009,2025-06-04 08:10:00,15,Reprocessed Plastics
DEF-08984,M009,2025-06-04 09:50:00,3,Scrap Steel
DEF-08985,M009,2025-06-04 09:55:00,32,Packaging
DEF-08986,M009,2025-06-04 10:10:00,22,Scrap Steel
DEF-08987,M009,2025-06-04 10:30:00,1,Packaging
DEF-08988,M009,2025-06-04 10:55:00,6,Reprocessed Plastics
DEF-08989,M009,2025-06-04 12:35:00,5,Industrial Oil
DEF-08990,M009,2025-06-04 12:50:00,22,Packaging
DEF-08991,M009,2025-06-04 13:50:00,18,Aluminum
DEF-08992,M009,2025-06-04 14:05:00,2,Solvent
DEF-08993,M009,2025-06-04 14:45:00,24,Lead-Based Alloy
DEF-08994,M009,2025-06-04 15:15:00,39,Solvent
DEF-08995,M009,2025-06-04 15:25:00,11,Lead-Based Alloy
DEF-08996,M009,2025-06-04 15:35:00,45,Steel
DEF-08997,M009,2025-06-04 17:00:00,7,Catalyst
DEF-08998,M009,2025-06-04 17:25:00,12,Polypropylene
DEF-08999,M009,2025-06-04 18:40:00,5,Solvent
DEF-09000,M009,2025-06-04 18:55:00,17,Machine Component
DEF-09001,M009,2025-06-04 19:40:00,7,Catalyst
DEF-09002,M009,2025-06-04 20:20:00,20,Sheet Metal
DEF-09003,M009,2025-06-04 22:00:00,18,Plastic Resin
DEF-09004,M009,2025-06-04 22:30:00,22,Reprocessed Plastics
DEF-09005,M009,2025-06-04 23:40:00,30,Sheet Metal
DEF-09006,M009,2025-06-04 23:55:00,15,Industrial Oil
DEF-09007,M010,2025-05-01 08:15:00,9,Industrial Oil
DEF-09008,M010,2025-05-01 08:25:00,2,Industrial Oil
DEF-09009,M010,2025-05-01 09:10:00,3,Reprocessed Plastics
DEF-09010,M010,2025-05-01 10:25:00,5,Solvent
DEF-09011,M010,2025-05-01 11:05:00,4,Packaging
DEF-09012,M010,2025-05-01 11:15:00,8,Aluminum
DEF-09013,M010,2025-05-01 11:20:00,10,Steel
DEF-09014,M010,2025-05-01 13:00:00,4,Reprocessed Plastics
DEF-09015,M010,2025-05-01 13:05:00,29,Plastic Resin
DEF-09016,M010,2025-05-01 13:30:00,6,Solvent
DEF-09017,M010,2025-05-01 14:35:00,12,Circuit Board
DEF-09018,M010,2025-05-01 17:20:00,17,Textiles
DEF-09019,M010,2025-05-01 18:05:00,41,Industrial Oil
DEF-09020,M010,2025-05-01 18:10:00,7,Polypropylene
DEF-09021,M010,2025-05-01 20:40:00,36,Machine Component
DEF-09022,M010,2025-05-01 20:45:00,30,Industrial Oil
DEF-09023,M010,2025-05-01 21:30:00,12,Textiles
DEF-09024,M010,2025-05-01 22:05:00,9,Steel
DEF-09025,M010,2025-05-01 22:35:00,8,Polypropylene
DEF-09026,M010,2025-05-02 01:05:00,12,Packaging
DEF-09027,M010,2025-05-02 01:50:00,7,Plastic Resin
DEF-09028,M010,2025-05-02 03:15:00,7,Steel
DEF-09029,M010,2025-05-02 03:20:00,2,Solvent
DEF-09030,M010,2025-05-02 04:50:00,29,Machine Component
DEF-09031,M010,2025-05-02 06:15:00,26,Steel
DEF-09032,M010,2025-05-02 07:40:00,4,Coolant
DEF-09033,M010,2025-05-02 07:50:00,8,Reprocessed Plastics
DEF-09034,M010,2025-05-02 09:40:00,4,Machine Component
DEF-09035,M010,2025-05-02 12:40:00,6,Machine Component
DEF-09036,M010,2025-05-02 13:10:00,3,Reprocessed Plastics
DEF-09037,M010,2025-05-02 13:55:00,6,Circuit Board
DEF-09038,M010,2025-05-02 14:00:00,3,Textiles
DEF-09039,M010,2025-05-02 14:50:00,4,Coolant
DEF-09040,M010,2025-05-02 15:10:00,8,Plastic Resin
DEF-09041,M010,2025-05-02 15:15:00,37,Reprocessed Plastics
DEF-09042,M010,2025-05-02 16:05:00,21,Packaging
DEF-09043,M010,2025-05-02 16:15:00,22,Packaging
DEF-09044,M010,2025-05-02 16:20:00,3,Packaging
DEF-09045,M010,2025-05-02 16:55:00,9,Plastic Resin
DEF-09046,M010,2025-05-02 17:20:00,2,Aluminum
DEF-09047,M010,2025-05-02 17:55:00,3,Machine Component
DEF-09048,M010,2025-05-02 18:25:00,21,Catalyst
DEF-09049,M010,2025-05-02 20:35:00,8,Steel
DEF-09050,M010,2025-05-02 21:20:00,4,Circuit Board
DEF-09051,M010,2025-05-02 21:25:00,23,Plastic Resin
DEF-09052,M010,2025-05-03 00:20:00,32,Polypropylene
DEF-09053,M010,2025-05-03 01:10:00,8,Aluminum
DEF-09054,M010,2025-05-03 01:15:00,6,Cotton
DEF-09055,M010,2025-05-03 02:15:00,4,Scrap Steel
DEF-09056,M010,2025-05-03 04:00:00,3,Aluminum
DEF-09057,M010,2025-05-03 04:45:00,40,Steel
DEF-09058,M010,2025-05-03 05:05:00,5,Reprocessed Plastics
DEF-09059,M010,2025-05-03 05:40:00,10,Lead-Based Alloy
DEF-09060,M010,2025-05-03 07:10:00,16,Plastic Resin
DEF-09061,M010,2025-05-03 09:45:00,33,Solvent
DEF-09062,M010,2025-05-03 10:55:00,14,Textiles
DEF-09063,M010,2025-05-03 11:15:00,2,Machine Component
DEF-09064,M010,2025-05-03 11:40:00,8,Lead-Based Alloy
DEF-09065,M010,2025-05-03 13:35:00,6,Polypropylene
DEF-09066,M010,2025-05-03 13:45:00,4,Solvent
DEF-09067,M010,2025-05-03 13:55:00,4,Machine Component
DEF-09068,M010,2025-05-03 14:40:00,20,Aluminum
DEF-09069,M010,2025-05-03 15:35:00,5,Lead-Based Alloy
DEF-09070,M010,2025-05-03 16:00:00,34,Solvent
DEF-09071,M010,2025-05-03 16:05:00,11,Lead-Based Alloy
DEF-09072,M010,2025-05-03 17:00:00,6,Lead-Based Alloy
DEF-09073,M010,2025-05-03 17:40:00,29,Cotton
DEF-09074,M010,2025-05-03 21:10:00,1,Scrap Steel
DEF-09075,M010,2025-05-03 22:00:00,4,Cotton
DEF-09076,M010,2025-05-04 00:25:00,5,Textiles
DEF-09077,M010,2025-05-04 00:30:00,2,Polypropylene
DEF-09078,M010,2025-05-04 00:55:00,4,Lead-Based Alloy
DEF-09079,M010,2025-05-04 02:45:00,7,Coolant
DEF-09080,M010,2025-05-04 03:15:00,2,Lead-Based Alloy
DEF-09081,M010,2025-05-04 04:55:00,23,Lead-Based Alloy
DEF-09082,M010,2025-05-04 05:15:00,22,Lead-Based Alloy
DEF-09083,M010,2025-05-04 06:10:00,16,Lead-Based Alloy
DEF-09084,M010,2025-05-04 07:50:00,29,Coolant
DEF-09085,M010,2025-05-04 08:40:00,21,Scrap Steel
DEF-09086,M010,2025-05-04 09:20:00,10,Reprocessed Plastics
DEF-09087,M010,2025-05-04 10:25:00,5,Machine Component
DEF-09088,M010,2025-05-04 10:30:00,34,Textiles
DEF-09089,M010,2025-05-04 10:45:00,19,Textiles
DEF-09090,M010,2025-05-04 11:30:00,27,Reprocessed Plastics
DEF-09091,M010,2025-05-04 11:50:00,40,Circuit Board
DEF-09092,M010,2025-05-04 14:25:00,3,Polypropylene
DEF-09093,M010,2025-05-04 15:10:00,13,Scrap Steel
DEF-09094,M010,2025-05-04 15:25:00,4,Textiles
DEF-09095,M010,2025-05-04 15:40:00,21,Cotton
DEF-09096,M010,2025-05-04 18:05:00,9,Circuit Board
DEF-09097,M010,2025-05-04 18:50:00,26,Lead-Based Alloy
DEF-09098,M010,2025-05-04 19:45:00,33,Textiles
DEF-09099,M010,2025-05-04 21:20:00,9,Machine Component
DEF-09100,M010,2025-05-04 21:50:00,9,Solvent
DEF-09101,M010,2025-05-04 21:55:00,3,Reprocessed Plastics
DEF-09102,M010,2025-05-04 22:10:00,24,Steel
DEF-09103,M010,2025-05-04 22:45:00,0,Machine Component
DEF-09104,M010,2025-05-05 00:00:00,4,Packaging
DEF-09105,M010,2025-05-05 00:45:00,4,Solvent
DEF-09106,M010,2025-05-05 03:05:00,19,Packaging
DEF-09107,M010,2025-05-05 04:10:00,34,Polypropylene
DEF-09108,M010,2025-05-05 04:30:00,20,Scrap Steel
DEF-09109,M010,2025-05-05 04:45:00,6,Plastic Resin
DEF-09110,M010,2025-05-05 04:55:00,11,Plastic Resin
DEF-09111,M010,2025-05-05 05:15:00,13,Steel
DEF-09112,M010,2025-05-05 05:50:00,20,Catalyst
DEF-09113,M010,2025-05-05 06:25:00,18,Solvent
DEF-09114,M010,2025-05-05 06:30:00,3,Machine Component
DEF-09115,M010,2025-05-05 06:40:00,4,Machine Component
DEF-09116,M010,2025-05-05 06:50:00,30,Packaging
DEF-09117,M010,2025-05-05 09:10:00,37,Lead-Based Alloy
DEF-09118,M010,2025-05-05 09:15:00,2,Circuit Board
DEF-09119,M010,2025-05-05 10:05:00,12,Scrap Steel
DEF-09120,M010,2025-05-05 10:15:00,12,Catalyst
DEF-09121,M010,2025-05-05 10:20:00,19,Sheet Metal
DEF-09122,M010,2025-05-05 10:55:00,4,Scrap Steel
DEF-09123,M010,2025-05-05 13:20:00,17,Catalyst
DEF-09124,M010,2025-05-05 13:40:00,8,Aluminum
DEF-09125,M010,2025-05-05 14:00:00,7,Scrap Steel
DEF-09126,M010,2025-05-05 14:35:00,12,Scrap Steel
DEF-09127,M010,2025-05-05 15:05:00,5,Catalyst
DEF-09128,M010,2025-05-05 16:20:00,24,Circuit Board
DEF-09129,M010,2025-05-05 17:40:00,12,Steel
DEF-09130,M010,2025-05-05 17:45:00,2,Solvent
DEF-09131,M010,2025-05-05 18:00:00,4,Scrap Steel
DEF-09132,M010,2025-05-05 18:30:00,14,Textiles
DEF-09133,M010,2025-05-05 18:35:00,10,Steel
DEF-09134,M010,2025-05-05 20:15:00,16,Industrial Oil
DEF-09135,M010,2025-05-05 20:40:00,11,Polypropylene
DEF-09136,M010,2025-05-05 21:30:00,9,Scrap Steel
DEF-09137,M010,2025-05-05 22:25:00,8,Scrap Steel
DEF-09138,M010,2025-05-05 23:15:00,3,Aluminum
DEF-09139,M010,2025-05-06 00:15:00,3,Packaging
DEF-09140,M010,2025-05-06 00:40:00,31,Lead-Based Alloy
DEF-09141,M010,2025-05-06 01:00:00,12,Circuit Board
DEF-09142,M010,2025-05-06 01:10:00,22,Lead-Based Alloy
DEF-09143,M010,2025-05-06 01:25:00,16,Scrap Steel
DEF-09144,M010,2025-05-06 02:40:00,39,Sheet Metal
DEF-09145,M010,2025-05-06 03:45:00,22,Packaging
DEF-09146,M010,2025-05-06 05:25:00,26,Scrap Steel
DEF-09147,M010,2025-05-06 06:30:00,5,Textiles
DEF-09148,M010,2025-05-06 08:00:00,21,Aluminum
DEF-09149,M010,2025-05-06 09:45:00,23,Scrap Steel
DEF-09150,M010,2025-05-06 10:10:00,8,Industrial Oil
DEF-09151,M010,2025-05-06 10:15:00,10,Sheet Metal
DEF-09152,M010,2025-05-06 11:55:00,21,Cotton
DEF-09153,M010,2025-05-06 12:50:00,6,Packaging
DEF-09154,M010,2025-05-06 13:45:00,11,Scrap Steel
DEF-09155,M010,2025-05-06 14:40:00,4,Sheet Metal
DEF-09156,M010,2025-05-06 15:05:00,10,Polypropylene
DEF-09157,M010,2025-05-06 15:35:00,1,Lead-Based Alloy
DEF-09158,M010,2025-05-06 16:30:00,5,Sheet Metal
DEF-09159,M010,2025-05-06 16:50:00,1,Steel
DEF-09160,M010,2025-05-06 18:15:00,8,Industrial Oil
DEF-09161,M010,2025-05-06 20:10:00,5,Circuit Board
DEF-09162,M010,2025-05-06 21:40:00,12,Scrap Steel
DEF-09163,M010,2025-05-06 22:40:00,6,Polypropylene
DEF-09164,M010,2025-05-06 23:00:00,42,Machine Component
DEF-09165,M010,2025-05-06 23:20:00,30,Solvent
DEF-09166,M010,2025-05-06 23:40:00,8,Packaging
DEF-09167,M010,2025-05-07 02:20:00,12,Steel
DEF-09168,M010,2025-05-07 02:40:00,1,Cotton
DEF-09169,M010,2025-05-07 03:15:00,1,Steel
DEF-09170,M010,2025-05-07 03:45:00,7,Reprocessed Plastics
DEF-09171,M010,2025-05-07 04:05:00,3,Reprocessed Plastics
DEF-09172,M010,2025-05-07 04:45:00,31,Coolant
DEF-09173,M010,2025-05-07 04:50:00,13,Steel
DEF-09174,M010,2025-05-07 05:55:00,1,Machine Component
DEF-09175,M010,2025-05-07 06:05:00,9,Packaging
DEF-09176,M010,2025-05-07 06:15:00,5,Industrial Oil
DEF-09177,M010,2025-05-07 10:25:00,9,Reprocessed Plastics
DEF-09178,M010,2025-05-07 12:20:00,24,Solvent
DEF-09179,M010,2025-05-07 12:30:00,2,Sheet Metal
DEF-09180,M010,2025-05-07 13:15:00,1,Industrial Oil
DEF-09181,M010,2025-05-07 13:45:00,19,Circuit Board
DEF-09182,M010,2025-05-07 14:40:00,30,Coolant
DEF-09183,M010,2025-05-07 15:05:00,1,Scrap Steel
DEF-09184,M010,2025-05-07 15:20:00,4,Machine Component
DEF-09185,M010,2025-05-07 16:20:00,6,Aluminum
DEF-09186,M010,2025-05-07 22:15:00,29,Reprocessed Plastics
DEF-09187,M010,2025-05-07 23:15:00,19,Circuit Board
DEF-09188,M010,2025-05-07 23:55:00,20,Scrap Steel
DEF-09189,M010,2025-05-08 03:05:00,2,Circuit Board
DEF-09190,M010,2025-05-08 03:15:00,3,Sheet Metal
DEF-09191,M010,2025-05-08 03:30:00,10,Solvent
DEF-09192,M010,2025-05-08 03:50:00,3,Reprocessed Plastics
DEF-09193,M010,2025-05-08 06:05:00,10,Steel
DEF-09194,M010,2025-05-08 06:10:00,18,Packaging
DEF-09195,M010,2025-05-08 06:55:00,10,Scrap Steel
DEF-09196,M010,2025-05-08 08:30:00,11,Reprocessed Plastics
DEF-09197,M010,2025-05-08 08:45:00,5,Polypropylene
DEF-09198,M010,2025-05-08 09:00:00,19,Packaging
DEF-09199,M010,2025-05-08 09:30:00,18,Industrial Oil
DEF-09200,M010,2025-05-08 09:40:00,7,Plastic Resin
DEF-09201,M010,2025-05-08 10:10:00,18,Steel
DEF-09202,M010,2025-05-08 11:40:00,15,Industrial Oil
DEF-09203,M010,2025-05-08 12:35:00,2,Aluminum
DEF-09204,M010,2025-05-08 13:20:00,10,Coolant
DEF-09205,M010,2025-05-08 13:30:00,15,Scrap Steel
DEF-09206,M010,2025-05-08 14:40:00,2,Coolant
DEF-09207,M010,2025-05-08 14:45:00,44,Catalyst
DEF-09208,M010,2025-05-08 14:55:00,20,Scrap Steel
DEF-09209,M010,2025-05-08 15:15:00,11,Steel
DEF-09210,M010,2025-05-08 15:50:00,4,Machine Component
DEF-09211,M010,2025-05-08 16:50:00,10,Circuit Board
DEF-09212,M010,2025-05-08 18:35:00,13,Scrap Steel
DEF-09213,M010,2025-05-08 19:25:00,2,Steel
DEF-09214,M010,2025-05-08 20:40:00,9,Coolant
DEF-09215,M010,2025-05-08 22:00:00,7,Reprocessed Plastics
DEF-09216,M010,2025-05-08 22:05:00,16,Coolant
DEF-09217,M010,2025-05-08 23:30:00,20,Solvent
DEF-09218,M010,2025-05-09 02:15:00,12,Plastic Resin
DEF-09219,M010,2025-05-09 02:20:00,16,Circuit Board
DEF-09220,M010,2025-05-09 02:25:00,10,Lead-Based Alloy
DEF-09221,M010,2025-05-09 02:35:00,31,Scrap Steel
DEF-09222,M010,2025-05-09 03:50:00,6,Coolant
DEF-09223,M010,2025-05-09 05:10:00,24,Aluminum
DEF-09224,M010,2025-05-09 06:15:00,2,Circuit Board
DEF-09225,M010,2025-05-09 06:35:00,7,Coolant
DEF-09226,M010,2025-05-09 06:55:00,4,Coolant
DEF-09227,M010,2025-05-09 07:20:00,15,Plastic Resin
DEF-09228,M010,2025-05-09 09:05:00,3,Industrial Oil
DEF-09229,M010,2025-05-09 10:00:00,7,Circuit Board
DEF-09230,M010,2025-05-09 10:30:00,3,Plastic Resin
DEF-09231,M010,2025-05-09 10:35:00,2,Solvent
DEF-09232,M010,2025-05-09 11:55:00,26,Steel
DEF-09233,M010,2025-05-09 13:00:00,14,Lead-Based Alloy
DEF-09234,M010,2025-05-09 14:55:00,14,Reprocessed Plastics
DEF-09235,M010,2025-05-09 15:25:00,1,Lead-Based Alloy
DEF-09236,M010,2025-05-09 16:10:00,1,Scrap Steel
DEF-09237,M010,2025-05-09 16:30:00,18,Industrial Oil
DEF-09238,M010,2025-05-09 16:50:00,6,Sheet Metal
DEF-09239,M010,2025-05-09 17:15:00,19,Solvent
DEF-09240,M010,2025-05-09 17:20:00,20,Plastic Resin
DEF-09241,M010,2025-05-09 18:55:00,7,Aluminum
DEF-09242,M010,2025-05-09 21:20:00,19,Lead-Based Alloy
DEF-09243,M010,2025-05-09 21:40:00,13,Industrial Oil
DEF-09244,M010,2025-05-09 22:20:00,3,Steel
DEF-09245,M010,2025-05-09 23:10:00,35,Plastic Resin
DEF-09246,M010,2025-05-09 23:20:00,7,Solvent
DEF-09247,M010,2025-05-10 00:10:00,38,Solvent
DEF-09248,M010,2025-05-10 01:30:00,2,Packaging
DEF-09249,M010,2025-05-10 02:00:00,8,Coolant
DEF-09250,M010,2025-05-10 02:40:00,25,Scrap Steel
DEF-09251,M010,2025-05-10 03:50:00,18,Lead-Based Alloy
DEF-09252,M010,2025-05-10 04:05:00,26,Reprocessed Plastics
DEF-09253,M010,2025-05-10 05:10:00,9,Plastic Resin
DEF-09254,M010,2025-05-10 06:45:00,33,Industrial Oil
DEF-09255,M010,2025-05-10 09:05:00,3,Scrap Steel
DEF-09256,M010,2025-05-10 09:10:00,15,Reprocessed Plastics
DEF-09257,M010,2025-05-10 09:15:00,30,Lead-Based Alloy
DEF-09258,M010,2025-05-10 09:55:00,1,Textiles
DEF-09259,M010,2025-05-10 10:05:00,2,Sheet Metal
DEF-09260,M010,2025-05-10 10:10:00,6,Scrap Steel
DEF-09261,M010,2025-05-10 10:55:00,7,Machine Component
DEF-09262,M010,2025-05-10 11:10:00,25,Solvent
DEF-09263,M010,2025-05-10 12:05:00,13,Machine Component
DEF-09264,M010,2025-05-10 13:35:00,2,Packaging
DEF-09265,M010,2025-05-10 13:45:00,20,Catalyst
DEF-09266,M010,2025-05-10 14:10:00,0,Lead-Based Alloy
DEF-09267,M010,2025-05-10 16:10:00,7,Plastic Resin
DEF-09268,M010,2025-05-10 16:20:00,1,Lead-Based Alloy
DEF-09269,M010,2025-05-10 16:30:00,17,Circuit Board
DEF-09270,M010,2025-05-10 17:05:00,0,Lead-Based Alloy
DEF-09271,M010,2025-05-10 17:25:00,36,Reprocessed Plastics
DEF-09272,M010,2025-05-10 17:50:00,25,Solvent
DEF-09273,M010,2025-05-10 20:30:00,3,Plastic Resin
DEF-09274,M010,2025-05-10 21:15:00,21,Scrap Steel
DEF-09275,M010,2025-05-10 21:45:00,5,Sheet Metal
DEF-09276,M010,2025-05-10 22:20:00,34,Lead-Based Alloy
DEF-09277,M010,2025-05-10 22:40:00,3,Reprocessed Plastics
DEF-09278,M010,2025-05-10 23:00:00,9,Scrap Steel
DEF-09279,M010,2025-05-10 23:10:00,1,Solvent
DEF-09280,M010,2025-05-10 23:25:00,1,Scrap Steel
DEF-09281,M010,2025-05-10 23:30:00,24,Sheet Metal
DEF-09282,M010,2025-05-10 23:40:00,8,Industrial Oil
DEF-09283,M010,2025-05-11 00:05:00,13,Cotton
DEF-09284,M010,2025-05-11 01:45:00,15,Scrap Steel
DEF-09285,M010,2025-05-11 03:00:00,36,Industrial Oil
DEF-09286,M010,2025-05-11 04:15:00,21,Coolant
DEF-09287,M010,2025-05-11 05:10:00,19,Sheet Metal
DEF-09288,M010,2025-05-11 05:50:00,5,Catalyst
DEF-09289,M010,2025-05-11 06:00:00,7,Sheet Metal
DEF-09290,M010,2025-05-11 06:05:00,18,Scrap Steel
DEF-09291,M010,2025-05-11 07:55:00,5,Reprocessed Plastics
DEF-09292,M010,2025-05-11 08:20:00,3,Scrap Steel
DEF-09293,M010,2025-05-11 08:25:00,18,Solvent
DEF-09294,M010,2025-05-11 08:55:00,42,Packaging
DEF-09295,M010,2025-05-11 09:40:00,21,Sheet Metal
DEF-09296,M010,2025-05-11 11:10:00,3,Packaging
DEF-09297,M010,2025-05-11 11:25:00,7,Textiles
DEF-09298,M010,2025-05-11 11:45:00,6,Scrap Steel
DEF-09299,M010,2025-05-11 12:20:00,32,Textiles
DEF-09300,M010,2025-05-11 13:30:00,1,Machine Component
DEF-09301,M010,2025-05-11 14:15:00,24,Polypropylene
DEF-09302,M010,2025-05-11 15:10:00,8,Solvent
DEF-09303,M010,2025-05-11 15:30:00,16,Textiles
DEF-09304,M010,2025-05-11 15:45:00,23,Machine Component
DEF-09305,M010,2025-05-11 18:40:00,15,Lead-Based Alloy
DEF-09306,M010,2025-05-11 19:15:00,23,Steel
DEF-09307,M010,2025-05-11 19:25:00,38,Catalyst
DEF-09308,M010,2025-05-11 20:05:00,5,Machine Component
DEF-09309,M010,2025-05-11 20:50:00,3,Machine Component
DEF-09310,M010,2025-05-11 23:15:00,41,Sheet Metal
DEF-09311,M010,2025-05-11 23:40:00,5,Plastic Resin
DEF-09312,M010,2025-05-12 00:35:00,12,Coolant
DEF-09313,M010,2025-05-12 00:55:00,0,Textiles
DEF-09314,M010,2025-05-12 02:05:00,15,Cotton
DEF-09315,M010,2025-05-12 02:25:00,25,Polypropylene
DEF-09316,M010,2025-05-12 02:50:00,7,Steel
DEF-09317,M010,2025-05-12 03:10:00,9,Machine Component
DEF-09318,M010,2025-05-12 03:40:00,2,Scrap Steel
DEF-09319,M010,2025-05-12 05:20:00,10,Scrap Steel
DEF-09320,M010,2025-05-12 05:50:00,2,Circuit Board
DEF-09321,M010,2025-05-12 08:10:00,42,Solvent
DEF-09322,M010,2025-05-12 10:15:00,3,Steel
DEF-09323,M010,2025-05-12 12:35:00,10,Cotton
DEF-09324,M010,2025-05-12 13:00:00,10,Solvent
DEF-09325,M010,2025-05-12 17:10:00,47,Polypropylene
DEF-09326,M010,2025-05-12 17:30:00,4,Aluminum
DEF-09327,M010,2025-05-12 18:10:00,12,Cotton
DEF-09328,M010,2025-05-12 19:35:00,13,Scrap Steel
DEF-09329,M010,2025-05-12 22:40:00,16,Scrap Steel
DEF-09330,M010,2025-05-12 22:50:00,0,Packaging
DEF-09331,M010,2025-05-12 23:15:00,4,Sheet Metal
DEF-09332,M010,2025-05-13 00:00:00,17,Lead-Based Alloy
DEF-09333,M010,2025-05-13 00:15:00,6,Plastic Resin
DEF-09334,M010,2025-05-13 01:00:00,30,Scrap Steel
DEF-09335,M010,2025-05-13 01:20:00,21,Sheet Metal
DEF-09336,M010,2025-05-13 03:00:00,2,Industrial Oil
DEF-09337,M010,2025-05-13 04:25:00,1,Plastic Resin
DEF-09338,M010,2025-05-13 05:35:00,5,Cotton
DEF-09339,M010,2025-05-13 06:10:00,19,Aluminum
DEF-09340,M010,2025-05-13 06:25:00,11,Lead-Based Alloy
DEF-09341,M010,2025-05-13 06:40:00,18,Catalyst
DEF-09342,M010,2025-05-13 07:40:00,10,Catalyst
DEF-09343,M010,2025-05-13 08:05:00,41,Scrap Steel
DEF-09344,M010,2025-05-13 08:20:00,0,Aluminum
DEF-09345,M010,2025-05-13 08:30:00,8,Reprocessed Plastics
DEF-09346,M010,2025-05-13 09:05:00,14,Solvent
DEF-09347,M010,2025-05-13 09:10:00,19,Scrap Steel
DEF-09348,M010,2025-05-13 09:25:00,43,Circuit Board
DEF-09349,M010,2025-05-13 09:50:00,0,Aluminum
DEF-09350,M010,2025-05-13 10:40:00,14,Lead-Based Alloy
DEF-09351,M010,2025-05-13 11:20:00,3,Circuit Board
DEF-09352,M010,2025-05-13 12:10:00,25,Circuit Board
DEF-09353,M010,2025-05-13 12:30:00,2,Reprocessed Plastics
DEF-09354,M010,2025-05-13 14:40:00,14,Reprocessed Plastics
DEF-09355,M010,2025-05-13 16:35:00,40,Coolant
DEF-09356,M010,2025-05-13 16:40:00,9,Machine Component
DEF-09357,M010,2025-05-13 18:00:00,35,Solvent
DEF-09358,M010,2025-05-13 18:35:00,2,Solvent
DEF-09359,M010,2025-05-13 19:50:00,30,Scrap Steel
DEF-09360,M010,2025-05-13 20:00:00,1,Plastic Resin
DEF-09361,M010,2025-05-13 21:40:00,2,Coolant
DEF-09362,M010,2025-05-13 23:55:00,30,Packaging
DEF-09363,M010,2025-05-14 01:40:00,5,Packaging
DEF-09364,M010,2025-05-14 03:10:00,18,Lead-Based Alloy
DEF-09365,M010,2025-05-14 04:25:00,2,Industrial Oil
DEF-09366,M010,2025-05-14 04:30:00,12,Coolant
DEF-09367,M010,2025-05-14 04:45:00,7,Polypropylene
DEF-09368,M010,2025-05-14 06:30:00,6,Solvent
DEF-09369,M010,2025-05-14 06:55:00,44,Machine Component
DEF-09370,M010,2025-05-14 07:15:00,8,Plastic Resin
DEF-09371,M010,2025-05-14 08:35:00,18,Scrap Steel
DEF-09372,M010,2025-05-14 10:15:00,11,Plastic Resin
DEF-09373,M010,2025-05-14 10:30:00,6,Industrial Oil
DEF-09374,M010,2025-05-14 10:40:00,3,Machine Component
DEF-09375,M010,2025-05-14 11:05:00,26,Sheet Metal
DEF-09376,M010,2025-05-14 11:45:00,5,Polypropylene
DEF-09377,M010,2025-05-14 13:00:00,30,Sheet Metal
DEF-09378,M010,2025-05-14 13:10:00,27,Aluminum
DEF-09379,M010,2025-05-14 13:25:00,4,Catalyst
DEF-09380,M010,2025-05-14 15:25:00,10,Scrap Steel
DEF-09381,M010,2025-05-14 16:05:00,13,Circuit Board
DEF-09382,M010,2025-05-14 17:40:00,15,Scrap Steel
DEF-09383,M010,2025-05-14 17:50:00,19,Textiles
DEF-09384,M010,2025-05-14 19:20:00,3,Coolant
DEF-09385,M010,2025-05-14 19:30:00,1,Industrial Oil
DEF-09386,M010,2025-05-14 20:45:00,3,Packaging
DEF-09387,M010,2025-05-14 21:30:00,37,Scrap Steel
DEF-09388,M010,2025-05-14 22:05:00,16,Solvent
DEF-09389,M010,2025-05-15 00:30:00,20,Coolant
DEF-09390,M010,2025-05-15 01:40:00,14,Lead-Based Alloy
DEF-09391,M010,2025-05-15 04:10:00,15,Textiles
DEF-09392,M010,2025-05-15 06:30:00,1,Lead-Based Alloy
DEF-09393,M010,2025-05-15 07:25:00,10,Packaging
DEF-09394,M010,2025-05-15 07:50:00,19,Circuit Board
DEF-09395,M010,2025-05-15 09:00:00,17,Polypropylene
DEF-09396,M010,2025-05-15 10:05:00,43,Reprocessed Plastics
DEF-09397,M010,2025-05-15 10:45:00,16,Packaging
DEF-09398,M010,2025-05-15 11:25:00,22,Textiles
DEF-09399,M010,2025-05-15 11:30:00,2,Cotton
DEF-09400,M010,2025-05-15 12:05:00,9,Lead-Based Alloy
DEF-09401,M010,2025-05-15 12:40:00,19,Reprocessed Plastics
DEF-09402,M010,2025-05-15 14:05:00,8,Lead-Based Alloy
DEF-09403,M010,2025-05-15 14:50:00,4,Textiles
DEF-09404,M010,2025-05-15 16:55:00,0,Industrial Oil
DEF-09405,M010,2025-05-15 17:45:00,15,Reprocessed Plastics
DEF-09406,M010,2025-05-15 17:55:00,16,Industrial Oil
DEF-09407,M010,2025-05-15 19:15:00,29,Reprocessed Plastics
DEF-09408,M010,2025-05-15 19:20:00,22,Polypropylene
DEF-09409,M010,2025-05-15 19:25:00,14,Industrial Oil
DEF-09410,M010,2025-05-15 21:35:00,12,Solvent
DEF-09411,M010,2025-05-15 21:50:00,3,Coolant
DEF-09412,M010,2025-05-15 21:55:00,30,Circuit Board
DEF-09413,M010,2025-05-15 23:15:00,4,Solvent
DEF-09414,M010,2025-05-15 23:30:00,3,Lead-Based Alloy
DEF-09415,M010,2025-05-16 00:50:00,9,Reprocessed Plastics
DEF-09416,M010,2025-05-16 01:15:00,18,Reprocessed Plastics
DEF-09417,M010,2025-05-16 01:50:00,2,Packaging
DEF-09418,M010,2025-05-16 03:10:00,12,Plastic Resin
DEF-09419,M010,2025-05-16 03:40:00,5,Cotton
DEF-09420,M010,2025-05-16 05:05:00,4,Scrap Steel
DEF-09421,M010,2025-05-16 08:15:00,37,Circuit Board
DEF-09422,M010,2025-05-16 08:55:00,13,Sheet Metal
DEF-09423,M010,2025-05-16 09:25:00,5,Machine Component
DEF-09424,M010,2025-05-16 09:30:00,1,Scrap Steel
DEF-09425,M010,2025-05-16 10:10:00,18,Reprocessed Plastics
DEF-09426,M010,2025-05-16 10:20:00,10,Catalyst
DEF-09427,M010,2025-05-16 11:05:00,8,Textiles
DEF-09428,M010,2025-05-16 12:35:00,1,Sheet Metal
DEF-09429,M010,2025-05-16 12:45:00,25,Circuit Board
DEF-09430,M010,2025-05-16 14:05:00,4,Machine Component
DEF-09431,M010,2025-05-16 15:10:00,3,Reprocessed Plastics
DEF-09432,M010,2025-05-16 15:45:00,17,Sheet Metal
DEF-09433,M010,2025-05-16 16:50:00,12,Textiles
DEF-09434,M010,2025-05-16 17:05:00,23,Textiles
DEF-09435,M010,2025-05-16 20:45:00,4,Reprocessed Plastics
DEF-09436,M010,2025-05-16 23:30:00,19,Sheet Metal
DEF-09437,M010,2025-05-16 23:35:00,1,Industrial Oil
DEF-09438,M010,2025-05-17 01:55:00,38,Solvent
DEF-09439,M010,2025-05-17 02:30:00,11,Packaging
DEF-09440,M010,2025-05-17 03:40:00,21,Plastic Resin
DEF-09441,M010,2025-05-17 06:20:00,21,Textiles
DEF-09442,M010,2025-05-17 07:00:00,2,Machine Component
DEF-09443,M010,2025-05-17 07:40:00,19,Aluminum
DEF-09444,M010,2025-05-17 08:50:00,15,Plastic Resin
DEF-09445,M010,2025-05-17 09:15:00,36,Solvent
DEF-09446,M010,2025-05-17 09:40:00,28,Solvent
DEF-09447,M010,2025-05-17 11:35:00,1,Packaging
DEF-09448,M010,2025-05-17 12:15:00,5,Textiles
DEF-09449,M010,2025-05-17 14:40:00,25,Scrap Steel
DEF-09450,M010,2025-05-17 14:50:00,26,Solvent
DEF-09451,M010,2025-05-17 15:05:00,2,Machine Component
DEF-09452,M010,2025-05-17 16:35:00,7,Solvent
DEF-09453,M010,2025-05-17 17:20:00,4,Circuit Board
DEF-09454,M010,2025-05-17 17:25:00,24,Scrap Steel
DEF-09455,M010,2025-05-17 18:45:00,13,Solvent
DEF-09456,M010,2025-05-17 20:25:00,37,Polypropylene
DEF-09457,M010,2025-05-17 20:50:00,3,Machine Component
DEF-09458,M010,2025-05-17 23:40:00,8,Aluminum
DEF-09459,M010,2025-05-18 00:40:00,11,Solvent
DEF-09460,M010,2025-05-18 01:20:00,6,Circuit Board
DEF-09461,M010,2025-05-18 03:15:00,3,Plastic Resin
DEF-09462,M010,2025-05-18 03:35:00,34,Catalyst
DEF-09463,M010,2025-05-18 04:20:00,6,Catalyst
DEF-09464,M010,2025-05-18 06:05:00,25,Cotton
DEF-09465,M010,2025-05-18 08:35:00,32,Reprocessed Plastics
DEF-09466,M010,2025-05-18 10:25:00,14,Packaging
DEF-09467,M010,2025-05-18 11:55:00,9,Steel
DEF-09468,M010,2025-05-18 12:10:00,4,Circuit Board
DEF-09469,M010,2025-05-18 12:15:00,14,Sheet Metal
DEF-09470,M010,2025-05-18 13:55:00,30,Sheet Metal
DEF-09471,M010,2025-05-18 15:35:00,27,Lead-Based Alloy
DEF-09472,M010,2025-05-18 17:00:00,15,Scrap Steel
DEF-09473,M010,2025-05-18 18:10:00,3,Reprocessed Plastics
DEF-09474,M010,2025-05-18 18:15:00,18,Solvent
DEF-09475,M010,2025-05-18 18:25:00,29,Scrap Steel
DEF-09476,M010,2025-05-18 20:00:00,20,Lead-Based Alloy
DEF-09477,M010,2025-05-18 21:30:00,5,Solvent
DEF-09478,M010,2025-05-18 21:45:00,3,Scrap Steel
DEF-09479,M010,2025-05-18 22:20:00,20,Industrial Oil
DEF-09480,M010,2025-05-18 23:00:00,38,Coolant
DEF-09481,M010,2025-05-18 23:50:00,10,Solvent
DEF-09482,M010,2025-05-18 23:55:00,9,Industrial Oil
DEF-09483,M010,2025-05-19 00:40:00,8,Sheet Metal
DEF-09484,M010,2025-05-19 00:45:00,14,Aluminum
DEF-09485,M010,2025-05-19 00:50:00,41,Solvent
DEF-09486,M010,2025-05-19 01:45:00,1,Sheet Metal
DEF-09487,M010,2025-05-19 02:20:00,0,Industrial Oil
DEF-09488,M010,2025-05-19 04:20:00,4,Coolant
DEF-09489,M010,2025-05-19 04:25:00,20,Plastic Resin
DEF-09490,M010,2025-05-19 05:20:00,42,Scrap Steel
DEF-09491,M010,2025-05-19 08:00:00,16,Solvent
DEF-09492,M010,2025-05-19 08:15:00,3,Solvent
DEF-09493,M010,2025-05-19 08:30:00,7,Cotton
DEF-09494,M010,2025-05-19 11:45:00,29,Coolant
DEF-09495,M010,2025-05-19 12:05:00,5,Plastic Resin
DEF-09496,M010,2025-05-19 12:10:00,10,Steel
DEF-09497,M010,2025-05-19 12:25:00,1,Scrap Steel
DEF-09498,M010,2025-05-19 12:35:00,11,Coolant
DEF-09499,M010,2025-05-19 14:35:00,1,Plastic Resin
DEF-09500,M010,2025-05-19 14:55:00,32,Machine Component
DEF-09501,M010,2025-05-19 15:05:00,10,Plastic Resin
DEF-09502,M010,2025-05-19 15:15:00,42,Circuit Board
DEF-09503,M010,2025-05-19 15:20:00,8,Plastic Resin
DEF-09504,M010,2025-05-19 16:00:00,2,Coolant
DEF-09505,M010,2025-05-19 17:35:00,22,Cotton
DEF-09506,M010,2025-05-19 18:20:00,19,Solvent
DEF-09507,M010,2025-05-19 19:20:00,6,Textiles
DEF-09508,M010,2025-05-19 19:35:00,5,Catalyst
DEF-09509,M010,2025-05-19 20:40:00,15,Packaging
DEF-09510,M010,2025-05-19 23:05:00,10,Coolant
DEF-09511,M010,2025-05-20 01:20:00,3,Aluminum
DEF-09512,M010,2025-05-20 02:00:00,21,Industrial Oil
DEF-09513,M010,2025-05-20 02:10:00,29,Plastic Resin
DEF-09514,M010,2025-05-20 03:30:00,8,Industrial Oil
DEF-09515,M010,2025-05-20 05:20:00,8,Industrial Oil
DEF-09516,M010,2025-05-20 06:00:00,10,Solvent
DEF-09517,M010,2025-05-20 06:05:00,17,Aluminum
DEF-09518,M010,2025-05-20 06:30:00,16,Scrap Steel
DEF-09519,M010,2025-05-20 07:30:00,17,Lead-Based Alloy
DEF-09520,M010,2025-05-20 07:40:00,21,Plastic Resin
DEF-09521,M010,2025-05-20 08:05:00,12,Catalyst
DEF-09522,M010,2025-05-20 08:25:00,11,Solvent
DEF-09523,M010,2025-05-20 08:30:00,3,Reprocessed Plastics
DEF-09524,M010,2025-05-20 10:10:00,15,Solvent
DEF-09525,M010,2025-05-20 10:55:00,27,Scrap Steel
DEF-09526,M010,2025-05-20 11:15:00,10,Catalyst
DEF-09527,M010,2025-05-20 11:45:00,1,Scrap Steel
DEF-09528,M010,2025-05-20 11:55:00,6,Polypropylene
DEF-09529,M010,2025-05-20 12:35:00,1,Solvent
DEF-09530,M010,2025-05-20 12:50:00,3,Packaging
DEF-09531,M010,2025-05-20 13:50:00,4,Aluminum
DEF-09532,M010,2025-05-20 14:20:00,0,Scrap Steel
DEF-09533,M010,2025-05-20 15:50:00,5,Machine Component
DEF-09534,M010,2025-05-20 16:35:00,4,Steel
DEF-09535,M010,2025-05-20 17:40:00,13,Industrial Oil
DEF-09536,M010,2025-05-20 18:30:00,14,Reprocessed Plastics
DEF-09537,M010,2025-05-20 19:25:00,8,Circuit Board
DEF-09538,M010,2025-05-20 20:45:00,1,Scrap Steel
DEF-09539,M010,2025-05-20 23:25:00,4,Coolant
DEF-09540,M010,2025-05-21 01:05:00,30,Solvent
DEF-09541,M010,2025-05-21 01:15:00,18,Solvent
DEF-09542,M010,2025-05-21 01:50:00,10,Lead-Based Alloy
DEF-09543,M010,2025-05-21 01:55:00,26,Scrap Steel
DEF-09544,M010,2025-05-21 03:20:00,20,Lead-Based Alloy
DEF-09545,M010,2025-05-21 03:30:00,15,Circuit Board
DEF-09546,M010,2025-05-21 03:40:00,2,Reprocessed Plastics
DEF-09547,M010,2025-05-21 05:30:00,11,Scrap Steel
DEF-09548,M010,2025-05-21 05:50:00,29,Packaging
DEF-09549,M010,2025-05-21 07:35:00,24,Sheet Metal
DEF-09550,M010,2025-05-21 07:50:00,4,Scrap Steel
DEF-09551,M010,2025-05-21 09:05:00,8,Catalyst
DEF-09552,M010,2025-05-21 09:25:00,3,Coolant
DEF-09553,M010,2025-05-21 10:05:00,11,Catalyst
DEF-09554,M010,2025-05-21 10:10:00,5,Lead-Based Alloy
DEF-09555,M010,2025-05-21 10:20:00,17,Aluminum
DEF-09556,M010,2025-05-21 10:55:00,2,Catalyst
DEF-09557,M010,2025-05-21 11:55:00,22,Machine Component
DEF-09558,M010,2025-05-21 12:10:00,6,Plastic Resin
DEF-09559,M010,2025-05-21 12:40:00,10,Textiles
DEF-09560,M010,2025-05-21 13:25:00,15,Industrial Oil
DEF-09561,M010,2025-05-21 13:40:00,21,Circuit Board
DEF-09562,M010,2025-05-21 14:25:00,2,Scrap Steel
DEF-09563,M010,2025-05-21 16:45:00,24,Polypropylene
DEF-09564,M010,2025-05-21 18:50:00,1,Solvent
DEF-09565,M010,2025-05-21 19:15:00,30,Sheet Metal
DEF-09566,M010,2025-05-21 19:40:00,30,Industrial Oil
DEF-09567,M010,2025-05-21 20:25:00,24,Cotton
DEF-09568,M010,2025-05-21 20:30:00,15,Steel
DEF-09569,M010,2025-05-21 21:55:00,10,Reprocessed Plastics
DEF-09570,M010,2025-05-21 23:00:00,24,Aluminum
DEF-09571,M010,2025-05-21 23:10:00,7,Cotton
DEF-09572,M010,2025-05-22 00:05:00,21,Scrap Steel
DEF-09573,M010,2025-05-22 02:30:00,3,Plastic Resin
DEF-09574,M010,2025-05-22 02:40:00,8,Reprocessed Plastics
DEF-09575,M010,2025-05-22 04:00:00,11,Lead-Based Alloy
DEF-09576,M010,2025-05-22 04:20:00,23,Lead-Based Alloy
DEF-09577,M010,2025-05-22 05:10:00,3,Coolant
DEF-09578,M010,2025-05-22 07:15:00,11,Lead-Based Alloy
DEF-09579,M010,2025-05-22 07:25:00,2,Textiles
DEF-09580,M010,2025-05-22 07:45:00,21,Catalyst
DEF-09581,M010,2025-05-22 07:50:00,11,Textiles
DEF-09582,M010,2025-05-22 08:00:00,4,Coolant
DEF-09583,M010,2025-05-22 08:10:00,6,Reprocessed Plastics
DEF-09584,M010,2025-05-22 08:30:00,30,Cotton
DEF-09585,M010,2025-05-22 09:20:00,33,Scrap Steel
DEF-09586,M010,2025-05-22 09:30:00,22,Cotton
DEF-09587,M010,2025-05-22 10:55:00,10,Reprocessed Plastics
DEF-09588,M010,2025-05-22 11:00:00,13,Catalyst
DEF-09589,M010,2025-05-22 11:15:00,44,Polypropylene
DEF-09590,M010,2025-05-22 11:45:00,39,Coolant
DEF-09591,M010,2025-05-22 12:15:00,14,Machine Component
DEF-09592,M010,2025-05-22 13:30:00,13,Scrap Steel
DEF-09593,M010,2025-05-22 14:05:00,14,Industrial Oil
DEF-09594,M010,2025-05-22 16:05:00,20,Solvent
DEF-09595,M010,2025-05-22 16:40:00,24,Lead-Based Alloy
DEF-09596,M010,2025-05-22 18:40:00,24,Packaging
DEF-09597,M010,2025-05-22 20:20:00,20,Reprocessed Plastics
DEF-09598,M010,2025-05-22 21:20:00,22,Catalyst
DEF-09599,M010,2025-05-22 21:30:00,2,Coolant
DEF-09600,M010,2025-05-22 22:55:00,0,Scrap Steel
DEF-09601,M010,2025-05-22 23:00:00,25,Reprocessed Plastics
DEF-09602,M010,2025-05-23 00:05:00,6,Textiles
DEF-09603,M010,2025-05-23 00:10:00,24,Lead-Based Alloy
DEF-09604,M010,2025-05-23 00:30:00,2,Packaging
DEF-09605,M010,2025-05-23 01:10:00,5,Packaging
DEF-09606,M010,2025-05-23 04:25:00,17,Scrap Steel
DEF-09607,M010,2025-05-23 04:55:00,7,Textiles
DEF-09608,M010,2025-05-23 05:15:00,7,Steel
DEF-09609,M010,2025-05-23 07:05:00,22,Sheet Metal
DEF-09610,M010,2025-05-23 07:15:00,1,Plastic Resin
DEF-09611,M010,2025-05-23 07:55:00,6,Packaging
DEF-09612,M010,2025-05-23 09:20:00,28,Reprocessed Plastics
DEF-09613,M010,2025-05-23 09:55:00,10,Polypropylene
DEF-09614,M010,2025-05-23 10:35:00,21,Catalyst
DEF-09615,M010,2025-05-23 11:25:00,14,Circuit Board
DEF-09616,M010,2025-05-23 11:30:00,29,Polypropylene
DEF-09617,M010,2025-05-23 11:35:00,8,Industrial Oil
DEF-09618,M010,2025-05-23 12:30:00,5,Packaging
DEF-09619,M010,2025-05-23 12:50:00,15,Packaging
DEF-09620,M010,2025-05-23 14:30:00,7,Machine Component
DEF-09621,M010,2025-05-23 14:55:00,9,Reprocessed Plastics
DEF-09622,M010,2025-05-23 15:50:00,36,Steel
DEF-09623,M010,2025-05-23 17:45:00,43,Reprocessed Plastics
DEF-09624,M010,2025-05-23 18:15:00,13,Reprocessed Plastics
DEF-09625,M010,2025-05-23 19:00:00,21,Scrap Steel
DEF-09626,M010,2025-05-23 19:40:00,10,Sheet Metal
DEF-09627,M010,2025-05-23 19:45:00,15,Scrap Steel
DEF-09628,M010,2025-05-23 20:30:00,6,Reprocessed Plastics
DEF-09629,M010,2025-05-23 22:30:00,9,Plastic Resin
DEF-09630,M010,2025-05-23 23:20:00,17,Solvent
DEF-09631,M010,2025-05-24 00:45:00,4,Scrap Steel
DEF-09632,M010,2025-05-24 01:50:00,13,Solvent
DEF-09633,M010,2025-05-24 02:00:00,5,Reprocessed Plastics
DEF-09634,M010,2025-05-24 05:15:00,34,Cotton
DEF-09635,M010,2025-05-24 06:55:00,27,Solvent
DEF-09636,M010,2025-05-24 07:10:00,26,Textiles
DEF-09637,M010,2025-05-24 07:35:00,1,Scrap Steel
DEF-09638,M010,2025-05-24 07:45:00,23,Catalyst
DEF-09639,M010,2025-05-24 08:25:00,10,Industrial Oil
DEF-09640,M010,2025-05-24 08:30:00,8,Machine Component
DEF-09641,M010,2025-05-24 09:55:00,3,Machine Component
DEF-09642,M010,2025-05-24 10:10:00,8,Packaging
DEF-09643,M010,2025-05-24 10:15:00,14,Solvent
DEF-09644,M010,2025-05-24 11:40:00,2,Industrial Oil
DEF-09645,M010,2025-05-24 12:25:00,0,Machine Component
DEF-09646,M010,2025-05-24 12:40:00,36,Catalyst
DEF-09647,M010,2025-05-24 12:45:00,29,Catalyst
DEF-09648,M010,2025-05-24 14:00:00,7,Industrial Oil
DEF-09649,M010,2025-05-24 14:45:00,32,Solvent
DEF-09650,M010,2025-05-24 15:00:00,28,Reprocessed Plastics
DEF-09651,M010,2025-05-24 16:15:00,1,Circuit Board
DEF-09652,M010,2025-05-24 17:35:00,22,Circuit Board
DEF-09653,M010,2025-05-24 17:55:00,14,Scrap Steel
DEF-09654,M010,2025-05-24 18:05:00,11,Lead-Based Alloy
DEF-09655,M010,2025-05-24 18:40:00,30,Aluminum
DEF-09656,M010,2025-05-24 19:15:00,24,Aluminum
DEF-09657,M010,2025-05-24 20:15:00,24,Coolant
DEF-09658,M010,2025-05-24 21:35:00,6,Lead-Based Alloy
DEF-09659,M010,2025-05-24 21:55:00,10,Lead-Based Alloy
DEF-09660,M010,2025-05-24 22:00:00,7,Polypropylene
DEF-09661,M010,2025-05-25 02:10:00,13,Coolant
DEF-09662,M010,2025-05-25 03:30:00,0,Lead-Based Alloy
DEF-09663,M010,2025-05-25 04:50:00,20,Reprocessed Plastics
DEF-09664,M010,2025-05-25 05:05:00,46,Reprocessed Plastics
DEF-09665,M010,2025-05-25 05:40:00,9,Lead-Based Alloy
DEF-09666,M010,2025-05-25 06:35:00,31,Scrap Steel
DEF-09667,M010,2025-05-25 07:05:00,15,Polypropylene
DEF-09668,M010,2025-05-25 07:25:00,24,Textiles
DEF-09669,M010,2025-05-25 08:00:00,18,Reprocessed Plastics
DEF-09670,M010,2025-05-25 08:30:00,11,Steel
DEF-09671,M010,2025-05-25 09:35:00,10,Textiles
DEF-09672,M010,2025-05-25 11:15:00,2,Industrial Oil
DEF-09673,M010,2025-05-25 11:30:00,15,Scrap Steel
DEF-09674,M010,2025-05-25 12:30:00,9,Machine Component
DEF-09675,M010,2025-05-25 13:55:00,26,Steel
DEF-09676,M010,2025-05-25 16:40:00,11,Circuit Board
DEF-09677,M010,2025-05-25 16:50:00,5,Reprocessed Plastics
DEF-09678,M010,2025-05-25 18:45:00,17,Steel
DEF-09679,M010,2025-05-25 19:05:00,20,Plastic Resin
DEF-09680,M010,2025-05-25 20:30:00,7,Cotton
DEF-09681,M010,2025-05-25 20:40:00,40,Lead-Based Alloy
DEF-09682,M010,2025-05-25 20:45:00,24,Industrial Oil
DEF-09683,M010,2025-05-25 21:40:00,22,Circuit Board
DEF-09684,M010,2025-05-25 23:05:00,9,Catalyst
DEF-09685,M010,2025-05-25 23:35:00,21,Packaging
DEF-09686,M010,2025-05-26 02:10:00,4,Plastic Resin
DEF-09687,M010,2025-05-26 03:10:00,13,Scrap Steel
DEF-09688,M010,2025-05-26 03:50:00,12,Aluminum
DEF-09689,M010,2025-05-26 05:25:00,1,Catalyst
DEF-09690,M010,2025-05-26 08:55:00,35,Lead-Based Alloy
DEF-09691,M010,2025-05-26 09:05:00,38,Scrap Steel
DEF-09692,M010,2025-05-26 09:15:00,7,Catalyst
DEF-09693,M010,2025-05-26 10:25:00,12,Textiles
DEF-09694,M010,2025-05-26 10:55:00,21,Lead-Based Alloy
DEF-09695,M010,2025-05-26 12:00:00,4,Plastic Resin
DEF-09696,M010,2025-05-26 13:00:00,16,Coolant
DEF-09697,M010,2025-05-26 13:05:00,27,Lead-Based Alloy
DEF-09698,M010,2025-05-26 13:40:00,4,Textiles
DEF-09699,M010,2025-05-26 13:55:00,16,Scrap Steel
DEF-09700,M010,2025-05-26 14:00:00,10,Scrap Steel
DEF-09701,M010,2025-05-26 14:50:00,5,Packaging
DEF-09702,M010,2025-05-26 16:00:00,14,Plastic Resin
DEF-09703,M010,2025-05-26 16:40:00,5,Textiles
DEF-09704,M010,2025-05-26 17:00:00,17,Plastic Resin
DEF-09705,M010,2025-05-26 17:15:00,7,Solvent
DEF-09706,M010,2025-05-26 17:30:00,19,Packaging
DEF-09707,M010,2025-05-26 18:00:00,32,Circuit Board
DEF-09708,M010,2025-05-26 19:00:00,19,Cotton
DEF-09709,M010,2025-05-26 19:05:00,23,Sheet Metal
DEF-09710,M010,2025-05-26 19:30:00,2,Reprocessed Plastics
DEF-09711,M010,2025-05-26 20:05:00,3,Industrial Oil
DEF-09712,M010,2025-05-26 20:10:00,29,Plastic Resin
DEF-09713,M010,2025-05-26 20:20:00,1,Circuit Board
DEF-09714,M010,2025-05-26 20:30:00,37,Steel
DEF-09715,M010,2025-05-26 21:05:00,26,Textiles
DEF-09716,M010,2025-05-26 21:25:00,6,Catalyst
DEF-09717,M010,2025-05-26 22:10:00,16,Circuit Board
DEF-09718,M010,2025-05-26 22:30:00,16,Machine Component
DEF-09719,M010,2025-05-26 23:25:00,12,Catalyst
DEF-09720,M010,2025-05-26 23:45:00,1,Industrial Oil
DEF-09721,M010,2025-05-27 00:50:00,10,Lead-Based Alloy
DEF-09722,M010,2025-05-27 02:05:00,17,Solvent
DEF-09723,M010,2025-05-27 02:50:00,17,Industrial Oil
DEF-09724,M010,2025-05-27 04:55:00,8,Scrap Steel
DEF-09725,M010,2025-05-27 05:10:00,12,Coolant
DEF-09726,M010,2025-05-27 05:20:00,17,Scrap Steel
DEF-09727,M010,2025-05-27 05:50:00,13,Scrap Steel
DEF-09728,M010,2025-05-27 06:10:00,7,Textiles
DEF-09729,M010,2025-05-27 08:55:00,20,Catalyst
DEF-09730,M010,2025-05-27 09:20:00,7,Lead-Based Alloy
DEF-09731,M010,2025-05-27 10:35:00,2,Reprocessed Plastics
DEF-09732,M010,2025-05-27 11:05:00,31,Scrap Steel
DEF-09733,M010,2025-05-27 11:55:00,1,Machine Component
DEF-09734,M010,2025-05-27 12:40:00,20,Industrial Oil
DEF-09735,M010,2025-05-27 12:45:00,14,Reprocessed Plastics
DEF-09736,M010,2025-05-27 12:50:00,14,Sheet Metal
DEF-09737,M010,2025-05-27 14:30:00,5,Industrial Oil
DEF-09738,M010,2025-05-27 16:15:00,20,Plastic Resin
DEF-09739,M010,2025-05-27 17:00:00,20,Packaging
DEF-09740,M010,2025-05-27 17:20:00,18,Steel
DEF-09741,M010,2025-05-27 18:00:00,8,Sheet Metal
DEF-09742,M010,2025-05-27 18:15:00,3,Lead-Based Alloy
DEF-09743,M010,2025-05-27 19:05:00,13,Packaging
DEF-09744,M010,2025-05-27 19:35:00,16,Circuit Board
DEF-09745,M010,2025-05-27 20:05:00,34,Sheet Metal
DEF-09746,M010,2025-05-27 20:40:00,12,Packaging
DEF-09747,M010,2025-05-27 21:35:00,1,Cotton
DEF-09748,M010,2025-05-27 21:50:00,17,Scrap Steel
DEF-09749,M010,2025-05-27 22:05:00,3,Catalyst
DEF-09750,M010,2025-05-27 23:10:00,10,Circuit Board
DEF-09751,M010,2025-05-28 00:30:00,14,Sheet Metal
DEF-09752,M010,2025-05-28 00:40:00,8,Industrial Oil
DEF-09753,M010,2025-05-28 00:50:00,9,Catalyst
DEF-09754,M010,2025-05-28 01:05:00,14,Polypropylene
DEF-09755,M010,2025-05-28 01:25:00,27,Sheet Metal
DEF-09756,M010,2025-05-28 01:35:00,8,Solvent
DEF-09757,M010,2025-05-28 02:10:00,4,Solvent
DEF-09758,M010,2025-05-28 03:35:00,20,Industrial Oil
DEF-09759,M010,2025-05-28 03:45:00,20,Reprocessed Plastics
DEF-09760,M010,2025-05-28 05:25:00,15,Reprocessed Plastics
DEF-09761,M010,2025-05-28 06:45:00,32,Coolant
DEF-09762,M010,2025-05-28 06:55:00,0,Plastic Resin
DEF-09763,M010,2025-05-28 07:05:00,25,Machine Component
DEF-09764,M010,2025-05-28 08:35:00,17,Steel
DEF-09765,M010,2025-05-28 10:55:00,6,Coolant
DEF-09766,M010,2025-05-28 11:45:00,27,Reprocessed Plastics
DEF-09767,M010,2025-05-28 14:10:00,16,Coolant
DEF-09768,M010,2025-05-28 15:00:00,8,Coolant
DEF-09769,M010,2025-05-28 16:20:00,19,Reprocessed Plastics
DEF-09770,M010,2025-05-28 18:35:00,24,Solvent
DEF-09771,M010,2025-05-28 19:40:00,19,Reprocessed Plastics
DEF-09772,M010,2025-05-28 19:50:00,7,Coolant
DEF-09773,M010,2025-05-28 19:55:00,27,Circuit Board
DEF-09774,M010,2025-05-28 20:40:00,14,Scrap Steel
DEF-09775,M010,2025-05-28 21:05:00,12,Solvent
DEF-09776,M010,2025-05-28 22:20:00,3,Cotton
DEF-09777,M010,2025-05-28 23:35:00,10,Textiles
DEF-09778,M010,2025-05-28 23:55:00,18,Textiles
DEF-09779,M010,2025-05-29 00:25:00,27,Plastic Resin
DEF-09780,M010,2025-05-29 01:40:00,23,Solvent
DEF-09781,M010,2025-05-29 01:50:00,6,Polypropylene
DEF-09782,M010,2025-05-29 01:55:00,5,Reprocessed Plastics
DEF-09783,M010,2025-05-29 02:05:00,9,Solvent
DEF-09784,M010,2025-05-29 02:30:00,3,Circuit Board
DEF-09785,M010,2025-05-29 02:40:00,21,Circuit Board
DEF-09786,M010,2025-05-29 03:00:00,14,Solvent
DEF-09787,M010,2025-05-29 03:10:00,30,Cotton
DEF-09788,M010,2025-05-29 03:15:00,38,Catalyst
DEF-09789,M010,2025-05-29 03:30:00,6,Lead-Based Alloy
DEF-09790,M010,2025-05-29 03:55:00,5,Reprocessed Plastics
DEF-09791,M010,2025-05-29 04:45:00,3,Plastic Resin
DEF-09792,M010,2025-05-29 04:50:00,28,Coolant
DEF-09793,M010,2025-05-29 04:55:00,32,Aluminum
DEF-09794,M010,2025-05-29 05:00:00,0,Machine Component
DEF-09795,M010,2025-05-29 08:30:00,2,Aluminum
DEF-09796,M010,2025-05-29 08:35:00,4,Cotton
DEF-09797,M010,2025-05-29 10:35:00,19,Catalyst
DEF-09798,M010,2025-05-29 10:45:00,7,Catalyst
DEF-09799,M010,2025-05-29 12:25:00,3,Aluminum
DEF-09800,M010,2025-05-29 12:35:00,35,Circuit Board
DEF-09801,M010,2025-05-29 13:15:00,11,Circuit Board
DEF-09802,M010,2025-05-29 13:40:00,22,Solvent
DEF-09803,M010,2025-05-29 14:40:00,15,Lead-Based Alloy
DEF-09804,M010,2025-05-29 15:40:00,8,Scrap Steel
DEF-09805,M010,2025-05-29 15:55:00,8,Scrap Steel
DEF-09806,M010,2025-05-29 16:35:00,13,Aluminum
DEF-09807,M010,2025-05-29 17:00:00,8,Reprocessed Plastics
DEF-09808,M010,2025-05-29 18:35:00,15,Sheet Metal
DEF-09809,M010,2025-05-29 19:50:00,1,Lead-Based Alloy
DEF-09810,M010,2025-05-29 19:55:00,3,Lead-Based Alloy
DEF-09811,M010,2025-05-29 20:15:00,42,Industrial Oil
DEF-09812,M010,2025-05-29 21:10:00,29,Steel
DEF-09813,M010,2025-05-29 22:25:00,5,Industrial Oil
DEF-09814,M010,2025-05-30 01:05:00,21,Polypropylene
DEF-09815,M010,2025-05-30 01:10:00,3,Polypropylene
DEF-09816,M010,2025-05-30 01:15:00,13,Lead-Based Alloy
DEF-09817,M010,2025-05-30 01:40:00,6,Scrap Steel
DEF-09818,M010,2025-05-30 03:10:00,40,Aluminum
DEF-09819,M010,2025-05-30 03:15:00,6,Machine Component
DEF-09820,M010,2025-05-30 03:50:00,27,Sheet Metal
DEF-09821,M010,2025-05-30 05:55:00,44,Catalyst
DEF-09822,M010,2025-05-30 06:35:00,3,Lead-Based Alloy
DEF-09823,M010,2025-05-30 07:10:00,13,Solvent
DEF-09824,M010,2025-05-30 09:05:00,19,Machine Component
DEF-09825,M010,2025-05-30 09:15:00,11,Aluminum
DEF-09826,M010,2025-05-30 09:45:00,30,Steel
DEF-09827,M010,2025-05-30 09:55:00,6,Industrial Oil
DEF-09828,M010,2025-05-30 11:55:00,23,Polypropylene
DEF-09829,M010,2025-05-30 12:55:00,6,Lead-Based Alloy
DEF-09830,M010,2025-05-30 13:00:00,5,Scrap Steel
DEF-09831,M010,2025-05-30 13:35:00,38,Reprocessed Plastics
DEF-09832,M010,2025-05-30 13:40:00,11,Lead-Based Alloy
DEF-09833,M010,2025-05-30 13:55:00,5,Steel
DEF-09834,M010,2025-05-30 14:50:00,36,Sheet Metal
DEF-09835,M010,2025-05-30 15:20:00,5,Polypropylene
DEF-09836,M010,2025-05-30 15:40:00,27,Lead-Based Alloy
DEF-09837,M010,2025-05-30 16:50:00,25,Sheet Metal
DEF-09838,M010,2025-05-30 17:25:00,32,Industrial Oil
DEF-09839,M010,2025-05-30 18:00:00,8,Machine Component
DEF-09840,M010,2025-05-30 19:05:00,9,Textiles
DEF-09841,M010,2025-05-30 19:45:00,9,Circuit Board
DEF-09842,M010,2025-05-30 19:55:00,3,Plastic Resin
DEF-09843,M010,2025-05-30 21:30:00,22,Solvent
DEF-09844,M010,2025-05-30 21:35:00,23,Reprocessed Plastics
DEF-09845,M010,2025-05-30 22:15:00,6,Lead-Based Alloy
DEF-09846,M010,2025-05-30 22:35:00,31,Aluminum
DEF-09847,M010,2025-05-30 23:55:00,18,Coolant
DEF-09848,M010,2025-05-31 00:10:00,4,Sheet Metal
DEF-09849,M010,2025-05-31 01:10:00,7,Lead-Based Alloy
DEF-09850,M010,2025-05-31 01:25:00,14,Lead-Based Alloy
DEF-09851,M010,2025-05-31 01:50:00,5,Cotton
DEF-09852,M010,2025-05-31 02:05:00,18,Sheet Metal
DEF-09853,M010,2025-05-31 03:00:00,10,Machine Component
DEF-09854,M010,2025-05-31 03:05:00,1,Steel
DEF-09855,M010,2025-05-31 03:10:00,18,Polypropylene
DEF-09856,M010,2025-05-31 04:50:00,9,Reprocessed Plastics
DEF-09857,M010,2025-05-31 04:55:00,1,Textiles
DEF-09858,M010,2025-05-31 05:20:00,14,Coolant
DEF-09859,M010,2025-05-31 06:05:00,22,Packaging
DEF-09860,M010,2025-05-31 06:30:00,5,Industrial Oil
DEF-09861,M010,2025-05-31 07:40:00,35,Coolant
DEF-09862,M010,2025-05-31 08:10:00,23,Textiles
DEF-09863,M010,2025-05-31 08:20:00,0,Solvent
DEF-09864,M010,2025-05-31 09:35:00,2,Catalyst
DEF-09865,M010,2025-05-31 10:20:00,25,Textiles
DEF-09866,M010,2025-05-31 11:25:00,8,Lead-Based Alloy
DEF-09867,M010,2025-05-31 11:30:00,1,Steel
DEF-09868,M010,2025-05-31 11:40:00,27,Polypropylene
DEF-09869,M010,2025-05-31 14:20:00,6,Sheet Metal
DEF-09870,M010,2025-05-31 15:20:00,14,Reprocessed Plastics
DEF-09871,M010,2025-05-31 16:00:00,26,Aluminum
DEF-09872,M010,2025-05-31 17:30:00,41,Scrap Steel
DEF-09873,M010,2025-05-31 17:40:00,1,Solvent
DEF-09874,M010,2025-05-31 17:55:00,15,Catalyst
DEF-09875,M010,2025-05-31 18:00:00,16,Solvent
DEF-09876,M010,2025-05-31 18:05:00,4,Steel
DEF-09877,M010,2025-05-31 19:00:00,43,Solvent
DEF-09878,M010,2025-05-31 20:00:00,17,Machine Component
DEF-09879,M010,2025-05-31 21:00:00,0,Reprocessed Plastics
DEF-09880,M010,2025-05-31 21:30:00,15,Industrial Oil
DEF-09881,M010,2025-05-31 21:45:00,11,Solvent
DEF-09882,M010,2025-05-31 22:15:00,8,Cotton
DEF-09883,M010,2025-05-31 22:25:00,8,Cotton
DEF-09884,M010,2025-05-31 22:40:00,16,Coolant
DEF-09885,M010,2025-06-01 00:40:00,33,Sheet Metal
DEF-09886,M010,2025-06-01 00:50:00,10,Textiles
DEF-09887,M010,2025-06-01 00:55:00,6,Circuit Board
DEF-09888,M010,2025-06-01 01:20:00,21,Cotton
DEF-09889,M010,2025-06-01 02:45:00,23,Packaging
DEF-09890,M010,2025-06-01 02:50:00,13,Industrial Oil
DEF-09891,M010,2025-06-01 06:35:00,7,Lead-Based Alloy
DEF-09892,M010,2025-06-01 07:45:00,9,Circuit Board
DEF-09893,M010,2025-06-01 09:30:00,41,Lead-Based Alloy
DEF-09894,M010,2025-06-01 10:20:00,11,Catalyst
DEF-09895,M010,2025-06-01 10:25:00,23,Catalyst
DEF-09896,M010,2025-06-01 11:20:00,23,Sheet Metal
DEF-09897,M010,2025-06-01 11:30:00,12,Coolant
DEF-09898,M010,2025-06-01 11:50:00,28,Polypropylene
DEF-09899,M010,2025-06-01 12:35:00,20,Solvent
DEF-09900,M010,2025-06-01 13:15:00,39,Packaging
DEF-09901,M010,2025-06-01 13:40:00,12,Solvent
DEF-09902,M010,2025-06-01 13:45:00,19,Circuit Board
DEF-09903,M010,2025-06-01 13:55:00,1,Scrap Steel
DEF-09904,M010,2025-06-01 14:15:00,10,Solvent
DEF-09905,M010,2025-06-01 14:25:00,23,Solvent
DEF-09906,M010,2025-06-01 14:45:00,14,Lead-Based Alloy
DEF-09907,M010,2025-06-01 15:55:00,0,Packaging
DEF-09908,M010,2025-06-01 16:45:00,26,Solvent
DEF-09909,M010,2025-06-01 20:40:00,21,Lead-Based Alloy
DEF-09910,M010,2025-06-01 21:00:00,46,Reprocessed Plastics
DEF-09911,M010,2025-06-01 21:45:00,38,Plastic Resin
DEF-09912,M010,2025-06-01 23:45:00,5,Polypropylene
DEF-09913,M010,2025-06-02 00:35:00,13,Packaging
DEF-09914,M010,2025-06-02 01:25:00,27,Packaging
DEF-09915,M010,2025-06-02 02:55:00,44,Textiles
DEF-09916,M010,2025-06-02 04:15:00,12,Cotton
DEF-09917,M010,2025-06-02 05:30:00,6,Industrial Oil
DEF-09918,M010,2025-06-02 06:25:00,35,Scrap Steel
DEF-09919,M010,2025-06-02 06:40:00,12,Catalyst
DEF-09920,M010,2025-06-02 08:35:00,8,Industrial Oil
DEF-09921,M010,2025-06-02 09:10:00,44,Solvent
DEF-09922,M010,2025-06-02 10:20:00,24,Machine Component
DEF-09923,M010,2025-06-02 11:00:00,0,Lead-Based Alloy
DEF-09924,M010,2025-06-02 11:10:00,2,Lead-Based Alloy
DEF-09925,M010,2025-06-02 13:05:00,14,Solvent
DEF-09926,M010,2025-06-02 14:55:00,10,Circuit Board
DEF-09927,M010,2025-06-02 15:30:00,21,Reprocessed Plastics
DEF-09928,M010,2025-06-02 15:55:00,7,Coolant
DEF-09929,M010,2025-06-02 16:25:00,21,Solvent
DEF-09930,M010,2025-06-02 17:30:00,16,Scrap Steel
DEF-09931,M010,2025-06-02 18:45:00,4,Lead-Based Alloy
DEF-09932,M010,2025-06-02 19:35:00,4,Reprocessed Plastics
DEF-09933,M010,2025-06-02 20:25:00,10,Lead-Based Alloy
DEF-09934,M010,2025-06-02 20:40:00,5,Reprocessed Plastics
DEF-09935,M010,2025-06-02 21:25:00,20,Textiles
DEF-09936,M010,2025-06-02 21:30:00,6,Lead-Based Alloy
DEF-09937,M010,2025-06-02 21:55:00,28,Polypropylene
DEF-09938,M010,2025-06-02 23:15:00,19,Reprocessed Plastics
DEF-09939,M010,2025-06-03 00:05:00,30,Steel
DEF-09940,M010,2025-06-03 00:30:00,3,Machine Component
DEF-09941,M010,2025-06-03 00:45:00,24,Scrap Steel
DEF-09942,M010,2025-06-03 01:00:00,13,Reprocessed Plastics
DEF-09943,M010,2025-06-03 01:10:00,0,Reprocessed Plastics
DEF-09944,M010,2025-06-03 01:20:00,0,Sheet Metal
DEF-09945,M010,2025-06-03 02:20:00,27,Circuit Board
DEF-09946,M010,2025-06-03 02:35:00,1,Scrap Steel
DEF-09947,M010,2025-06-03 03:40:00,33,Reprocessed Plastics
DEF-09948,M010,2025-06-03 05:00:00,5,Solvent
DEF-09949,M010,2025-06-03 06:20:00,4,Reprocessed Plastics
DEF-09950,M010,2025-06-03 06:30:00,6,Polypropylene
DEF-09951,M010,2025-06-03 06:55:00,26,Lead-Based Alloy
DEF-09952,M010,2025-06-03 07:15:00,3,Circuit Board
DEF-09953,M010,2025-06-03 07:45:00,20,Plastic Resin
DEF-09954,M010,2025-06-03 08:55:00,1,Coolant
DEF-09955,M010,2025-06-03 11:30:00,1,Reprocessed Plastics
DEF-09956,M010,2025-06-03 11:40:00,24,Circuit Board
DEF-09957,M010,2025-06-03 12:40:00,32,Coolant
DEF-09958,M010,2025-06-03 13:25:00,8,Scrap Steel
DEF-09959,M010,2025-06-03 15:30:00,9,Scrap Steel
DEF-09960,M010,2025-06-03 16:25:00,14,Cotton
DEF-09961,M010,2025-06-03 18:05:00,6,Industrial Oil
DEF-09962,M010,2025-06-03 18:15:00,2,Industrial Oil
DEF-09963,M010,2025-06-03 19:15:00,2,Reprocessed Plastics
DEF-09964,M010,2025-06-03 20:15:00,5,Polypropylene
DEF-09965,M010,2025-06-03 20:20:00,27,Cotton
DEF-09966,M010,2025-06-03 20:45:00,7,Textiles
DEF-09967,M010,2025-06-03 21:15:00,14,Textiles
DEF-09968,M010,2025-06-03 21:25:00,30,Aluminum
DEF-09969,M010,2025-06-03 21:55:00,9,Steel
DEF-09970,M010,2025-06-03 22:30:00,32,Solvent
DEF-09971,M010,2025-06-03 23:15:00,16,Packaging
DEF-09972,M010,2025-06-04 00:50:00,17,Reprocessed Plastics
DEF-09973,M010,2025-06-04 01:25:00,18,Catalyst
DEF-09974,M010,2025-06-04 01:35:00,37,Scrap Steel
DEF-09975,M010,2025-06-04 02:50:00,22,Catalyst
DEF-09976,M010,2025-06-04 04:35:00,20,Industrial Oil
DEF-09977,M010,2025-06-04 04:55:00,19,Coolant
DEF-09978,M010,2025-06-04 06:30:00,0,Cotton
DEF-09979,M010,2025-06-04 07:05:00,13,Industrial Oil
DEF-09980,M010,2025-06-04 07:40:00,9,Circuit Board
DEF-09981,M010,2025-06-04 09:00:00,38,Solvent
DEF-09982,M010,2025-06-04 09:35:00,12,Aluminum
DEF-09983,M010,2025-06-04 10:05:00,20,Scrap Steel
DEF-09984,M010,2025-06-04 10:20:00,4,Scrap Steel
DEF-09985,M010,2025-06-04 10:35:00,7,Textiles
DEF-09986,M010,2025-06-04 13:10:00,24,Reprocessed Plastics
DEF-09987,M010,2025-06-04 14:25:00,14,Reprocessed Plastics
DEF-09988,M010,2025-06-04 15:45:00,5,Reprocessed Plastics
DEF-09989,M010,2025-06-04 16:50:00,3,Industrial Oil
DEF-09990,M010,2025-06-04 17:10:00,4,Cotton
DEF-09991,M010,2025-06-04 17:15:00,2,Industrial Oil
DEF-09992,M010,2025-06-04 17:35:00,29,Scrap Steel
DEF-09993,M010,2025-06-04 19:20:00,17,Aluminum
DEF-09994,M010,2025-06-04 19:30:00,20,Circuit Board
DEF-09995,M010,2025-06-04 19:45:00,3,Lead-Based Alloy
DEF-09996,M010,2025-06-04 20:05:00,7,Circuit Board
DEF-09997,M010,2025-06-04 21:45:00,4,Reprocessed Plastics
DEF-09998,M010,2025-06-04 21:50:00,4,Machine Component
DEF-09999,M010,2025-06-04 21:55:00,5,Textiles
DEF-10000,M010,2025-06-05 00:05:00,6,Coolant
