maintenance_id,machine_id,maintenance_date,maintenance_type,status
MNT-00001,MAC-01,2014-06-01 06:00:00,Preventive,Completed
MNT-00002,MAC-01,2014-07-16 06:00:00,Preventive,Completed
MNT-00003,MAC-01,2014-07-31 06:00:00,Preventive,Completed
MNT-00004,MAC-01,2014-12-13 06:00:00,Preventive,Completed
MNT-00005,MAC-01,2015-01-05 06:00:00,Preventive,Completed
MNT-00006,MAC-01,2015-01-05 06:00:00,Preventive,Completed
MNT-00007,MAC-01,2015-01-05 06:00:00,Corrective,Completed
MNT-00008,MAC-01,2015-01-20 06:00:00,Preventive,Completed
MNT-00009,MAC-01,2015-01-20 06:00:00,Preventive,Completed
MNT-00010,MAC-01,2015-02-04 06:00:00,Preventive,Completed
MNT-00011,MAC-01,2015-02-04 06:00:00,Preventive,Completed
MNT-00012,MAC-01,2015-02-19 06:00:00,Preventive,Completed
MNT-00013,MAC-01,2015-03-06 06:00:00,Preventive,Completed
MNT-00014,MAC-01,2015-03-06 06:00:00,Corrective,Completed
MNT-00015,MAC-01,2015-03-21 06:00:00,Preventive,Completed
MNT-00016,MAC-01,2015-04-05 06:00:00,Preventive,Completed
MNT-00017,MAC-01,2015-04-20 06:00:00,Preventive,Completed
MNT-00018,MAC-01,2015-04-20 06:00:00,Corrective,Completed
MNT-00019,MAC-01,2015-05-05 06:00:00,Preventive,Completed
MNT-00020,MAC-01,2015-05-05 06:00:00,Preventive,Completed
MNT-00021,MAC-01,2015-05-20 06:00:00,Preventive,Completed
MNT-00022,MAC-01,2015-06-04 06:00:00,Preventive,Completed
MNT-00023,MAC-01,2015-06-19 06:00:00,Preventive,Completed
MNT-00024,MAC-01,2015-06-19 06:00:00,Preventive,Completed
MNT-00025,MAC-01,2015-06-19 06:00:00,Corrective,Completed
MNT-00026,MAC-01,2015-07-04 06:00:00,Preventive,Completed
MNT-00027,MAC-01,2015-07-19 06:00:00,Preventive,Completed
MNT-00028,MAC-01,2015-08-03 06:00:00,Preventive,Completed
MNT-00029,MAC-01,2015-09-02 06:00:00,Preventive,Completed
MNT-00030,MAC-01,2015-09-02 06:00:00,Preventive,Completed
MNT-00031,MAC-01,2015-09-02 06:00:00,Corrective,Completed
MNT-00032,MAC-01,2015-09-17 06:00:00,Preventive,Completed
MNT-00033,MAC-01,2015-10-02 06:00:00,Preventive,Completed
MNT-00034,MAC-01,2015-10-02 06:00:00,Preventive,Completed
MNT-00035,MAC-01,2015-10-17 06:00:00,Preventive,Completed
MNT-00036,MAC-01,2015-10-17 06:00:00,Preventive,Completed
MNT-00037,MAC-01,2015-10-17 06:00:00,Corrective,Completed
MNT-00038,MAC-01,2015-11-01 06:00:00,Preventive,Completed
MNT-00039,MAC-01,2015-11-01 06:00:00,Preventive,Completed
MNT-00040,MAC-01,2015-11-16 06:00:00,Preventive,Completed
MNT-00041,MAC-01,2015-12-01 06:00:00,Preventive,Completed
MNT-00042,MAC-01,2015-12-16 06:00:00,Preventive,Completed
MNT-00043,MAC-01,2015-12-16 06:00:00,Corrective,Completed
MNT-00044,MAC-01,2015-12-31 06:00:00,Preventive,Completed
MNT-00045,MAC-02,2014-06-16 06:00:00,Preventive,Completed
MNT-00046,MAC-02,2014-07-16 06:00:00,Preventive,Completed
MNT-00047,MAC-02,2014-08-15 06:00:00,Preventive,Completed
MNT-00048,MAC-02,2014-11-28 06:00:00,Preventive,Completed
MNT-00049,MAC-02,2015-01-18 06:00:00,Preventive,Completed
MNT-00050,MAC-02,2015-02-02 06:00:00,Preventive,Completed
MNT-00051,MAC-02,2015-02-17 06:00:00,Preventive,Completed
MNT-00052,MAC-02,2015-03-04 06:00:00,Preventive,Completed
MNT-00053,MAC-02,2015-03-19 06:00:00,Preventive,Completed
MNT-00054,MAC-02,2015-03-19 06:00:00,Preventive,Completed
MNT-00055,MAC-02,2015-03-19 06:00:00,Corrective,Completed
MNT-00056,MAC-02,2015-03-19 06:00:00,Corrective,Completed
MNT-00057,MAC-02,2015-04-03 06:00:00,Preventive,Completed
MNT-00058,MAC-02,2015-04-18 06:00:00,Preventive,Completed
MNT-00059,MAC-02,2015-04-18 06:00:00,Corrective,Completed
MNT-00060,MAC-02,2015-05-03 06:00:00,Preventive,Completed
MNT-00061,MAC-02,2015-05-18 06:00:00,Preventive,Completed
MNT-00062,MAC-02,2015-06-02 06:00:00,Preventive,Completed
MNT-00063,MAC-02,2015-06-17 06:00:00,Preventive,Completed
MNT-00064,MAC-02,2015-06-17 06:00:00,Preventive,Completed
MNT-00065,MAC-02,2015-07-02 06:00:00,Preventive,Completed
MNT-00066,MAC-02,2015-07-17 06:00:00,Preventive,Completed
MNT-00067,MAC-02,2015-07-17 06:00:00,Preventive,Completed
MNT-00068,MAC-02,2015-08-01 06:00:00,Preventive,Completed
MNT-00069,MAC-02,2015-08-16 06:00:00,Preventive,Completed
MNT-00070,MAC-02,2015-08-31 06:00:00,Preventive,Completed
MNT-00071,MAC-02,2015-08-31 06:00:00,Preventive,Completed
MNT-00072,MAC-02,2015-10-15 06:00:00,Preventive,Completed
MNT-00073,MAC-02,2015-10-30 06:00:00,Preventive,Completed
MNT-00074,MAC-02,2015-10-30 06:00:00,Preventive,Completed
MNT-00075,MAC-02,2015-11-14 06:00:00,Preventive,Completed
MNT-00076,MAC-02,2015-11-29 06:00:00,Preventive,Completed
MNT-00077,MAC-02,2015-11-29 06:00:00,Preventive,Completed
MNT-00078,MAC-02,2015-12-14 06:00:00,Preventive,Completed
MNT-00079,MAC-02,2015-12-29 06:00:00,Preventive,Completed
MNT-00080,MAC-02,2015-12-29 06:00:00,Corrective,Completed
MNT-00081,MAC-03,2014-06-16 06:00:00,Preventive,Completed
MNT-00082,MAC-03,2014-07-01 06:00:00,Preventive,Completed
MNT-00083,MAC-03,2014-08-15 06:00:00,Preventive,Completed
MNT-00084,MAC-03,2014-11-28 06:00:00,Preventive,Completed
MNT-00085,MAC-03,2015-01-07 06:00:00,Preventive,Completed
MNT-00086,MAC-03,2015-01-07 06:00:00,Corrective,Completed
MNT-00087,MAC-03,2015-01-22 06:00:00,Preventive,Completed
MNT-00088,MAC-03,2015-02-06 06:00:00,Preventive,Completed
MNT-00089,MAC-03,2015-02-06 06:00:00,Corrective,Completed
MNT-00090,MAC-03,2015-02-21 06:00:00,Preventive,Completed
MNT-00091,MAC-03,2015-02-21 06:00:00,Preventive,Completed
MNT-00092,MAC-03,2015-03-08 06:00:00,Preventive,Completed
MNT-00093,MAC-03,2015-03-08 06:00:00,Preventive,Completed
MNT-00094,MAC-03,2015-03-23 06:00:00,Preventive,Completed
MNT-00095,MAC-03,2015-04-07 06:00:00,Preventive,Completed
MNT-00096,MAC-03,2015-04-22 06:00:00,Preventive,Completed
MNT-00097,MAC-03,2015-05-07 06:00:00,Preventive,Completed
MNT-00098,MAC-03,2015-05-22 06:00:00,Preventive,Completed
MNT-00099,MAC-03,2015-06-06 06:00:00,Preventive,Completed
MNT-00100,MAC-03,2015-06-21 06:00:00,Preventive,Completed
MNT-00101,MAC-03,2015-06-21 06:00:00,Preventive,Completed
MNT-00102,MAC-03,2015-07-06 06:00:00,Preventive,Completed
MNT-00103,MAC-03,2015-07-06 06:00:00,Preventive,Completed
MNT-00104,MAC-03,2015-07-21 06:00:00,Preventive,Completed
MNT-00105,MAC-03,2015-07-21 06:00:00,Corrective,Completed
MNT-00106,MAC-03,2015-08-05 06:00:00,Preventive,Completed
MNT-00107,MAC-03,2015-08-20 06:00:00,Preventive,Completed
MNT-00108,MAC-03,2015-09-04 06:00:00,Preventive,Completed
MNT-00109,MAC-03,2015-09-04 06:00:00,Preventive,Completed
MNT-00110,MAC-03,2015-09-19 06:00:00,Preventive,Completed
MNT-00111,MAC-03,2015-09-19 06:00:00,Preventive,Completed
MNT-00112,MAC-03,2015-10-04 06:00:00,Preventive,Completed
MNT-00113,MAC-03,2015-10-04 06:00:00,Corrective,Completed
MNT-00114,MAC-03,2015-10-19 06:00:00,Preventive,Completed
MNT-00115,MAC-03,2015-10-19 06:00:00,Preventive,Completed
MNT-00116,MAC-03,2015-11-03 06:00:00,Preventive,Completed
MNT-00117,MAC-03,2015-11-03 06:00:00,Preventive,Completed
MNT-00118,MAC-03,2015-11-18 06:00:00,Preventive,Completed
MNT-00119,MAC-03,2015-11-18 06:00:00,Preventive,Completed
MNT-00120,MAC-03,2015-12-03 06:00:00,Preventive,Completed
MNT-00121,MAC-03,2015-12-03 06:00:00,Corrective,Completed
MNT-00122,MAC-03,2015-12-18 06:00:00,Preventive,Completed
MNT-00123,MAC-04,2014-06-16 06:00:00,Preventive,Completed
MNT-00124,MAC-04,2014-07-31 06:00:00,Preventive,Completed
MNT-00125,MAC-04,2014-11-13 06:00:00,Preventive,Completed
MNT-00126,MAC-04,2014-12-13 06:00:00,Preventive,Completed
MNT-00127,MAC-04,2015-01-17 06:00:00,Preventive,Completed
MNT-00128,MAC-04,2015-01-17 06:00:00,Corrective,Completed
MNT-00129,MAC-04,2015-02-16 06:00:00,Preventive,Completed
MNT-00130,MAC-04,2015-02-16 06:00:00,Corrective,Completed
MNT-00131,MAC-04,2015-03-03 06:00:00,Preventive,Completed
MNT-00132,MAC-04,2015-03-18 06:00:00,Preventive,Completed
MNT-00133,MAC-04,2015-03-18 06:00:00,Preventive,Completed
MNT-00134,MAC-04,2015-04-02 06:00:00,Preventive,Completed
MNT-00135,MAC-04,2015-04-02 06:00:00,Preventive,Completed
MNT-00136,MAC-04,2015-04-02 06:00:00,Corrective,Completed
MNT-00137,MAC-04,2015-04-17 06:00:00,Preventive,Completed
MNT-00138,MAC-04,2015-05-02 06:00:00,Preventive,Completed
MNT-00139,MAC-04,2015-05-17 06:00:00,Preventive,Completed
MNT-00140,MAC-04,2015-06-01 06:00:00,Preventive,Completed
MNT-00141,MAC-04,2015-06-16 06:00:00,Preventive,Completed
MNT-00142,MAC-04,2015-07-01 06:00:00,Preventive,Completed
MNT-00143,MAC-04,2015-07-16 06:00:00,Preventive,Completed
MNT-00144,MAC-04,2015-07-16 06:00:00,Corrective,Completed
MNT-00145,MAC-04,2015-07-31 06:00:00,Preventive,Completed
MNT-00146,MAC-04,2015-08-30 06:00:00,Preventive,Completed
MNT-00147,MAC-04,2015-08-30 06:00:00,Corrective,Completed
MNT-00148,MAC-04,2015-09-14 06:00:00,Preventive,Completed
MNT-00149,MAC-04,2015-09-14 06:00:00,Preventive,Completed
MNT-00150,MAC-04,2015-09-29 06:00:00,Preventive,Completed
MNT-00151,MAC-04,2015-10-14 06:00:00,Preventive,Completed
MNT-00152,MAC-04,2015-10-14 06:00:00,Corrective,Completed
MNT-00153,MAC-04,2015-10-29 06:00:00,Preventive,Completed
MNT-00154,MAC-04,2015-10-29 06:00:00,Preventive,Completed
MNT-00155,MAC-04,2015-11-13 06:00:00,Preventive,Completed
MNT-00156,MAC-04,2015-11-13 06:00:00,Preventive,Completed
MNT-00157,MAC-04,2015-11-28 06:00:00,Preventive,Completed
MNT-00158,MAC-04,2015-11-28 06:00:00,Preventive,Completed
MNT-00159,MAC-04,2015-12-13 06:00:00,Preventive,Completed
MNT-00160,MAC-04,2015-12-13 06:00:00,Preventive,Completed
MNT-00161,MAC-04,2015-12-28 06:00:00,Preventive,Completed
MNT-00162,MAC-05,2014-08-15 06:00:00,Preventive,Completed
MNT-00163,MAC-05,2014-08-30 06:00:00,Preventive,Completed
MNT-00164,MAC-05,2014-09-29 06:00:00,Preventive,Completed
MNT-00165,MAC-05,2014-10-14 06:00:00,Preventive,Completed
MNT-00166,MAC-05,2015-01-09 06:00:00,Preventive,Completed
MNT-00167,MAC-05,2015-01-09 06:00:00,Corrective,Completed
MNT-00168,MAC-05,2015-01-24 06:00:00,Preventive,Completed
MNT-00169,MAC-05,2015-02-08 06:00:00,Preventive,Completed
MNT-00170,MAC-05,2015-02-23 06:00:00,Preventive,Completed
MNT-00171,MAC-05,2015-02-23 06:00:00,Preventive,Completed
MNT-00172,MAC-05,2015-02-23 06:00:00,Corrective,Completed
MNT-00173,MAC-05,2015-03-10 06:00:00,Preventive,Completed
MNT-00174,MAC-05,2015-03-25 06:00:00,Preventive,Completed
MNT-00175,MAC-05,2015-04-09 06:00:00,Preventive,Completed
MNT-00176,MAC-05,2015-04-09 06:00:00,Corrective,Completed
MNT-00177,MAC-05,2015-04-24 06:00:00,Preventive,Completed
MNT-00178,MAC-05,2015-04-24 06:00:00,Preventive,Completed
MNT-00179,MAC-05,2015-05-09 06:00:00,Preventive,Completed
MNT-00180,MAC-05,2015-05-24 06:00:00,Preventive,Completed
MNT-00181,MAC-05,2015-06-08 06:00:00,Preventive,Completed
MNT-00182,MAC-05,2015-06-23 06:00:00,Preventive,Completed
MNT-00183,MAC-05,2015-06-23 06:00:00,Corrective,Completed
MNT-00184,MAC-05,2015-07-08 06:00:00,Preventive,Completed
MNT-00185,MAC-05,2015-07-23 06:00:00,Preventive,Completed
MNT-00186,MAC-05,2015-08-07 06:00:00,Preventive,Completed
MNT-00187,MAC-05,2015-08-07 06:00:00,Preventive,Completed
MNT-00188,MAC-05,2015-08-22 06:00:00,Preventive,Completed
MNT-00189,MAC-05,2015-09-06 06:00:00,Preventive,Completed
MNT-00190,MAC-05,2015-09-06 06:00:00,Preventive,Completed
MNT-00191,MAC-05,2015-09-06 06:00:00,Corrective,Completed
MNT-00192,MAC-05,2015-09-21 06:00:00,Preventive,Completed
MNT-00193,MAC-05,2015-09-21 06:00:00,Preventive,Completed
MNT-00194,MAC-05,2015-10-06 06:00:00,Preventive,Completed
MNT-00195,MAC-05,2015-10-06 06:00:00,Preventive,Completed
MNT-00196,MAC-05,2015-10-06 06:00:00,Corrective,Completed
MNT-00197,MAC-05,2015-10-21 06:00:00,Preventive,Completed
MNT-00198,MAC-05,2015-11-05 06:00:00,Preventive,Completed
MNT-00199,MAC-05,2015-11-05 06:00:00,Preventive,Completed
MNT-00200,MAC-05,2015-11-20 06:00:00,Preventive,Completed
MNT-00201,MAC-05,2015-11-20 06:00:00,Corrective,Completed
MNT-00202,MAC-05,2015-12-05 06:00:00,Preventive,Completed
MNT-00203,MAC-05,2015-12-20 06:00:00,Preventive,Completed
MNT-00204,MAC-06,2014-06-01 06:00:00,Preventive,Completed
MNT-00205,MAC-06,2014-09-14 06:00:00,Preventive,Completed
MNT-00206,MAC-06,2014-09-14 06:00:00,Preventive,Completed
MNT-00207,MAC-06,2014-12-28 06:00:00,Preventive,Completed
MNT-00208,MAC-06,2015-01-22 06:00:00,Preventive,Completed
MNT-00209,MAC-06,2015-02-06 06:00:00,Preventive,Completed
MNT-00210,MAC-06,2015-02-06 06:00:00,Preventive,Completed
MNT-00211,MAC-06,2015-02-21 06:00:00,Preventive,Completed
MNT-00212,MAC-06,2015-02-21 06:00:00,Preventive,Completed
MNT-00213,MAC-06,2015-03-08 06:00:00,Preventive,Completed
MNT-00214,MAC-06,2015-03-08 06:00:00,Preventive,Completed
MNT-00215,MAC-06,2015-03-23 06:00:00,Preventive,Completed
MNT-00216,MAC-06,2015-04-07 06:00:00,Preventive,Completed
MNT-00217,MAC-06,2015-04-22 06:00:00,Preventive,Completed
MNT-00218,MAC-06,2015-04-22 06:00:00,Preventive,Completed
MNT-00219,MAC-06,2015-05-07 06:00:00,Preventive,Completed
MNT-00220,MAC-06,2015-05-07 06:00:00,Preventive,Completed
MNT-00221,MAC-06,2015-05-22 06:00:00,Preventive,Completed
MNT-00222,MAC-06,2015-06-21 06:00:00,Preventive,Completed
MNT-00223,MAC-06,2015-07-06 06:00:00,Preventive,Completed
MNT-00224,MAC-06,2015-07-06 06:00:00,Preventive,Completed
MNT-00225,MAC-06,2015-07-21 06:00:00,Preventive,Completed
MNT-00226,MAC-06,2015-07-21 06:00:00,Preventive,Completed
MNT-00227,MAC-06,2015-08-05 06:00:00,Preventive,Completed
MNT-00228,MAC-06,2015-08-20 06:00:00,Preventive,Completed
MNT-00229,MAC-06,2015-08-20 06:00:00,Preventive,Completed
MNT-00230,MAC-06,2015-09-19 06:00:00,Preventive,Completed
MNT-00231,MAC-06,2015-11-03 06:00:00,Preventive,Completed
MNT-00232,MAC-06,2015-11-03 06:00:00,Preventive,Completed
MNT-00233,MAC-06,2015-11-18 06:00:00,Preventive,Completed
MNT-00234,MAC-06,2015-11-18 06:00:00,Preventive,Completed
MNT-00235,MAC-06,2015-12-03 06:00:00,Preventive,Completed
MNT-00236,MAC-06,2015-12-03 06:00:00,Preventive,Completed
MNT-00237,MAC-06,2015-12-18 06:00:00,Preventive,Completed
MNT-00238,MAC-07,2014-07-01 06:00:00,Preventive,Completed
MNT-00239,MAC-07,2014-07-01 06:00:00,Preventive,Completed
MNT-00240,MAC-07,2014-08-15 06:00:00,Preventive,Completed
MNT-00241,MAC-07,2014-11-28 06:00:00,Preventive,Completed
MNT-00242,MAC-07,2015-01-24 06:00:00,Preventive,Completed
MNT-00243,MAC-07,2015-01-24 06:00:00,Preventive,Completed
MNT-00244,MAC-07,2015-01-24 06:00:00,Corrective,Completed
MNT-00245,MAC-07,2015-01-24 06:00:00,Corrective,Completed
MNT-00246,MAC-07,2015-02-08 06:00:00,Preventive,Completed
MNT-00247,MAC-07,2015-02-08 06:00:00,Preventive,Completed
MNT-00248,MAC-07,2015-02-08 06:00:00,Corrective,Completed
MNT-00249,MAC-07,2015-02-23 06:00:00,Preventive,Completed
MNT-00250,MAC-07,2015-02-23 06:00:00,Preventive,Completed
MNT-00251,MAC-07,2015-03-10 06:00:00,Preventive,Completed
MNT-00252,MAC-07,2015-03-25 06:00:00,Preventive,Completed
MNT-00253,MAC-07,2015-03-25 06:00:00,Preventive,Completed
MNT-00254,MAC-07,2015-04-09 06:00:00,Preventive,Completed
MNT-00255,MAC-07,2015-04-24 06:00:00,Preventive,Completed
MNT-00256,MAC-07,2015-04-24 06:00:00,Corrective,Completed
MNT-00257,MAC-07,2015-05-09 06:00:00,Preventive,Completed
MNT-00258,MAC-07,2015-05-09 06:00:00,Preventive,Completed
MNT-00259,MAC-07,2015-05-09 06:00:00,Corrective,Completed
MNT-00260,MAC-07,2015-05-24 06:00:00,Preventive,Completed
MNT-00261,MAC-07,2015-05-24 06:00:00,Preventive,Completed
MNT-00262,MAC-07,2015-05-24 06:00:00,Corrective,Completed
MNT-00263,MAC-07,2015-06-08 06:00:00,Preventive,Completed
MNT-00264,MAC-07,2015-06-08 06:00:00,Preventive,Completed
MNT-00265,MAC-07,2015-06-23 06:00:00,Preventive,Completed
MNT-00266,MAC-07,2015-07-08 06:00:00,Preventive,Completed
MNT-00267,MAC-07,2015-07-08 06:00:00,Corrective,Completed
MNT-00268,MAC-07,2015-07-23 06:00:00,Preventive,Completed
MNT-00269,MAC-07,2015-07-23 06:00:00,Preventive,Completed
MNT-00270,MAC-07,2015-08-22 06:00:00,Preventive,Completed
MNT-00271,MAC-07,2015-09-06 06:00:00,Preventive,Completed
MNT-00272,MAC-07,2015-09-21 06:00:00,Preventive,Completed
MNT-00273,MAC-07,2015-09-21 06:00:00,Preventive,Completed
MNT-00274,MAC-07,2015-09-21 06:00:00,Corrective,Completed
MNT-00275,MAC-07,2015-10-06 06:00:00,Preventive,Completed
MNT-00276,MAC-07,2015-10-21 06:00:00,Preventive,Completed
MNT-00277,MAC-07,2015-10-21 06:00:00,Preventive,Completed
MNT-00278,MAC-07,2015-10-21 06:00:00,Corrective,Completed
MNT-00279,MAC-07,2015-11-05 06:00:00,Preventive,Completed
MNT-00280,MAC-07,2015-11-05 06:00:00,Preventive,Completed
MNT-00281,MAC-07,2015-11-20 06:00:00,Preventive,Completed
MNT-00282,MAC-07,2015-12-05 06:00:00,Preventive,Completed
MNT-00283,MAC-07,2015-12-20 06:00:00,Preventive,Completed
MNT-00284,MAC-07,2015-12-20 06:00:00,Corrective,Completed
MNT-00285,MAC-08,2014-08-30 06:00:00,Preventive,Completed
MNT-00286,MAC-08,2014-10-14 06:00:00,Preventive,Completed
MNT-00287,MAC-08,2014-11-28 06:00:00,Preventive,Completed
MNT-00288,MAC-08,2014-12-13 06:00:00,Preventive,Completed
MNT-00289,MAC-08,2015-01-06 06:00:00,Preventive,Completed
MNT-00290,MAC-08,2015-01-21 06:00:00,Preventive,Completed
MNT-00291,MAC-08,2015-03-07 06:00:00,Preventive,Completed
MNT-00292,MAC-08,2015-03-07 06:00:00,Corrective,Completed
MNT-00293,MAC-08,2015-03-22 06:00:00,Preventive,Completed
MNT-00294,MAC-08,2015-03-22 06:00:00,Corrective,Completed
MNT-00295,MAC-08,2015-04-06 06:00:00,Preventive,Completed
MNT-00296,MAC-08,2015-04-21 06:00:00,Preventive,Completed
MNT-00297,MAC-08,2015-04-21 06:00:00,Corrective,Completed
MNT-00298,MAC-08,2015-05-06 06:00:00,Preventive,Completed
MNT-00299,MAC-08,2015-05-21 06:00:00,Preventive,Completed
MNT-00300,MAC-08,2015-06-05 06:00:00,Preventive,Completed
MNT-00301,MAC-08,2015-06-20 06:00:00,Preventive,Completed
MNT-00302,MAC-08,2015-06-20 06:00:00,Preventive,Completed
MNT-00303,MAC-08,2015-07-05 06:00:00,Preventive,Completed
MNT-00304,MAC-08,2015-07-20 06:00:00,Preventive,Completed
MNT-00305,MAC-08,2015-08-04 06:00:00,Preventive,Completed
MNT-00306,MAC-08,2015-08-04 06:00:00,Corrective,Completed
MNT-00307,MAC-08,2015-08-19 06:00:00,Preventive,Completed
MNT-00308,MAC-08,2015-09-03 06:00:00,Preventive,Completed
MNT-00309,MAC-08,2015-09-18 06:00:00,Preventive,Completed
MNT-00310,MAC-08,2015-10-03 06:00:00,Preventive,Completed
MNT-00311,MAC-08,2015-10-18 06:00:00,Preventive,Completed
MNT-00312,MAC-08,2015-10-18 06:00:00,Corrective,Completed
MNT-00313,MAC-08,2015-11-02 06:00:00,Preventive,Completed
MNT-00314,MAC-08,2015-11-17 06:00:00,Preventive,Completed
MNT-00315,MAC-08,2015-12-02 06:00:00,Preventive,Completed
MNT-00316,MAC-08,2015-12-17 06:00:00,Preventive,Completed
MNT-00317,MAC-08,2015-12-17 06:00:00,Preventive,Completed
MNT-00318,MAC-08,2016-01-01 06:00:00,Preventive,Completed
MNT-00319,MAC-09,2014-06-01 06:00:00,Preventive,Completed
MNT-00320,MAC-09,2014-06-01 06:00:00,Preventive,Completed
MNT-00321,MAC-09,2014-11-28 06:00:00,Preventive,Completed
MNT-00322,MAC-09,2014-12-28 06:00:00,Preventive,Completed
MNT-00323,MAC-09,2015-02-02 06:00:00,Preventive,Completed
MNT-00324,MAC-09,2015-02-17 06:00:00,Preventive,Completed
MNT-00325,MAC-09,2015-03-04 06:00:00,Preventive,Completed
MNT-00326,MAC-09,2015-03-04 06:00:00,Preventive,Completed
MNT-00327,MAC-09,2015-03-04 06:00:00,Corrective,Completed
MNT-00328,MAC-09,2015-03-19 06:00:00,Preventive,Completed
MNT-00329,MAC-09,2015-04-03 06:00:00,Preventive,Completed
MNT-00330,MAC-09,2015-04-18 06:00:00,Preventive,Completed
MNT-00331,MAC-09,2015-05-03 06:00:00,Preventive,Completed
MNT-00332,MAC-09,2015-05-18 06:00:00,Preventive,Completed
MNT-00333,MAC-09,2015-06-02 06:00:00,Preventive,Completed
MNT-00334,MAC-09,2015-06-17 06:00:00,Preventive,Completed
MNT-00335,MAC-09,2015-06-17 06:00:00,Preventive,Completed
MNT-00336,MAC-09,2015-06-17 06:00:00,Corrective,Completed
MNT-00337,MAC-09,2015-07-02 06:00:00,Preventive,Completed
MNT-00338,MAC-09,2015-07-02 06:00:00,Preventive,Completed
MNT-00339,MAC-09,2015-07-02 06:00:00,Corrective,Completed
MNT-00340,MAC-09,2015-07-17 06:00:00,Preventive,Completed
MNT-00341,MAC-09,2015-07-17 06:00:00,Corrective,Completed
MNT-00342,MAC-09,2015-08-01 06:00:00,Preventive,Completed
MNT-00343,MAC-09,2015-08-16 06:00:00,Preventive,Completed
MNT-00344,MAC-09,2015-08-31 06:00:00,Preventive,Completed
MNT-00345,MAC-09,2015-08-31 06:00:00,Preventive,Completed
MNT-00346,MAC-09,2015-08-31 06:00:00,Corrective,Completed
MNT-00347,MAC-09,2015-09-15 06:00:00,Preventive,Completed
MNT-00348,MAC-09,2015-09-15 06:00:00,Preventive,Completed
MNT-00349,MAC-09,2015-09-15 06:00:00,Corrective,Completed
MNT-00350,MAC-09,2015-09-30 06:00:00,Preventive,Completed
MNT-00351,MAC-09,2015-10-15 06:00:00,Preventive,Completed
MNT-00352,MAC-09,2015-10-15 06:00:00,Preventive,Completed
MNT-00353,MAC-09,2015-10-15 06:00:00,Corrective,Completed
MNT-00354,MAC-09,2015-10-30 06:00:00,Preventive,Completed
MNT-00355,MAC-09,2015-11-14 06:00:00,Preventive,Completed
MNT-00356,MAC-09,2015-11-14 06:00:00,Preventive,Completed
MNT-00357,MAC-09,2015-11-14 06:00:00,Corrective,Completed
MNT-00358,MAC-09,2015-12-14 06:00:00,Preventive,Completed
MNT-00359,MAC-09,2015-12-14 06:00:00,Corrective,Completed
MNT-00360,MAC-09,2015-12-29 06:00:00,Preventive,Completed
MNT-00361,MAC-09,2015-12-29 06:00:00,Preventive,Completed
MNT-00362,MAC-10,2014-06-16 06:00:00,Preventive,Completed
MNT-00363,MAC-10,2014-08-30 06:00:00,Preventive,Completed
MNT-00364,MAC-10,2014-09-29 06:00:00,Preventive,Completed
MNT-00365,MAC-10,2014-10-14 06:00:00,Preventive,Completed
MNT-00366,MAC-10,2015-01-04 06:00:00,Preventive,Completed
MNT-00367,MAC-10,2015-01-19 06:00:00,Preventive,Completed
MNT-00368,MAC-10,2015-01-19 06:00:00,Preventive,Completed
MNT-00369,MAC-10,2015-01-19 06:00:00,Corrective,Completed
MNT-00370,MAC-10,2015-02-03 06:00:00,Preventive,Completed
MNT-00371,MAC-10,2015-02-18 06:00:00,Preventive,Completed
MNT-00372,MAC-10,2015-03-05 06:00:00,Preventive,Completed
MNT-00373,MAC-10,2015-03-05 06:00:00,Preventive,Completed
MNT-00374,MAC-10,2015-03-20 06:00:00,Preventive,Completed
MNT-00375,MAC-10,2015-04-04 06:00:00,Preventive,Completed
MNT-00376,MAC-10,2015-04-04 06:00:00,Corrective,Completed
MNT-00377,MAC-10,2015-04-19 06:00:00,Preventive,Completed
MNT-00378,MAC-10,2015-05-19 06:00:00,Preventive,Completed
MNT-00379,MAC-10,2015-05-19 06:00:00,Preventive,Completed
MNT-00380,MAC-10,2015-05-19 06:00:00,Corrective,Completed
MNT-00381,MAC-10,2015-06-03 06:00:00,Preventive,Completed
MNT-00382,MAC-10,2015-06-03 06:00:00,Corrective,Completed
MNT-00383,MAC-10,2015-06-18 06:00:00,Preventive,Completed
MNT-00384,MAC-10,2015-06-18 06:00:00,Preventive,Completed
MNT-00385,MAC-10,2015-06-18 06:00:00,Corrective,Completed
MNT-00386,MAC-10,2015-07-03 06:00:00,Preventive,Completed
MNT-00387,MAC-10,2015-07-18 06:00:00,Preventive,Completed
MNT-00388,MAC-10,2015-07-18 06:00:00,Preventive,Completed
MNT-00389,MAC-10,2015-08-02 06:00:00,Preventive,Completed
MNT-00390,MAC-10,2015-08-17 06:00:00,Preventive,Completed
MNT-00391,MAC-10,2015-09-01 06:00:00,Preventive,Completed
MNT-00392,MAC-10,2015-09-01 06:00:00,Preventive,Completed
MNT-00393,MAC-10,2015-09-16 06:00:00,Preventive,Completed
MNT-00394,MAC-10,2015-09-16 06:00:00,Preventive,Completed
MNT-00395,MAC-10,2015-10-01 06:00:00,Preventive,Completed
MNT-00396,MAC-10,2015-10-16 06:00:00,Preventive,Completed
MNT-00397,MAC-10,2015-10-16 06:00:00,Preventive,Completed
MNT-00398,MAC-10,2015-10-31 06:00:00,Preventive,Completed
MNT-00399,MAC-10,2015-10-31 06:00:00,Preventive,Completed
MNT-00400,MAC-10,2015-11-15 06:00:00,Preventive,Completed
MNT-00401,MAC-10,2015-11-15 06:00:00,Preventive,Completed
MNT-00402,MAC-10,2015-11-30 06:00:00,Preventive,Completed
MNT-00403,MAC-10,2015-12-15 06:00:00,Preventive,Completed
MNT-00404,MAC-10,2015-12-30 06:00:00,Preventive,Completed
MNT-00405,MAC-100,2014-08-30 06:00:00,Preventive,Completed
MNT-00406,MAC-100,2014-09-14 06:00:00,Preventive,Completed
MNT-00407,MAC-100,2014-11-28 06:00:00,Preventive,Completed
MNT-00408,MAC-100,2014-12-13 06:00:00,Preventive,Completed
MNT-00409,MAC-100,2015-01-28 06:00:00,Preventive,Completed
MNT-00410,MAC-100,2015-02-12 06:00:00,Preventive,Completed
MNT-00411,MAC-100,2015-02-12 06:00:00,Corrective,Completed
MNT-00412,MAC-100,2015-03-14 06:00:00,Preventive,Completed
MNT-00413,MAC-100,2015-03-29 06:00:00,Preventive,Completed
MNT-00414,MAC-100,2015-04-13 06:00:00,Preventive,Completed
MNT-00415,MAC-100,2015-04-28 06:00:00,Preventive,Completed
MNT-00416,MAC-100,2015-04-28 06:00:00,Preventive,Completed
MNT-00417,MAC-100,2015-05-13 06:00:00,Preventive,Completed
MNT-00418,MAC-100,2015-05-28 06:00:00,Preventive,Completed
MNT-00419,MAC-100,2015-05-28 06:00:00,Preventive,Completed
MNT-00420,MAC-100,2015-06-27 06:00:00,Preventive,Completed
MNT-00421,MAC-100,2015-07-12 06:00:00,Preventive,Completed
MNT-00422,MAC-100,2015-07-27 06:00:00,Preventive,Completed
MNT-00423,MAC-100,2015-07-27 06:00:00,Preventive,Completed
MNT-00424,MAC-100,2015-08-11 06:00:00,Preventive,Completed
MNT-00425,MAC-100,2015-08-26 06:00:00,Preventive,Completed
MNT-00426,MAC-100,2015-09-10 06:00:00,Preventive,Completed
MNT-00427,MAC-100,2015-09-10 06:00:00,Corrective,Completed
MNT-00428,MAC-100,2015-09-25 06:00:00,Preventive,Completed
MNT-00429,MAC-100,2015-10-10 06:00:00,Preventive,Completed
MNT-00430,MAC-100,2015-10-10 06:00:00,Preventive,Completed
MNT-00431,MAC-100,2015-10-25 06:00:00,Preventive,Completed
MNT-00432,MAC-100,2015-11-09 06:00:00,Preventive,Completed
MNT-00433,MAC-100,2015-12-09 06:00:00,Preventive,Completed
MNT-00434,MAC-100,2015-12-09 06:00:00,Corrective,Completed
MNT-00435,MAC-100,2015-12-24 06:00:00,Preventive,Completed
MNT-00436,MAC-11,2014-06-01 06:00:00,Preventive,Completed
MNT-00437,MAC-11,2014-07-16 06:00:00,Preventive,Completed
MNT-00438,MAC-11,2014-07-16 06:00:00,Preventive,Completed
MNT-00439,MAC-11,2014-11-13 06:00:00,Preventive,Completed
MNT-00440,MAC-11,2015-01-20 06:00:00,Preventive,Completed
MNT-00441,MAC-11,2015-01-20 06:00:00,Preventive,Completed
MNT-00442,MAC-11,2015-01-20 06:00:00,Corrective,Completed
MNT-00443,MAC-11,2015-02-04 06:00:00,Preventive,Completed
MNT-00444,MAC-11,2015-02-19 06:00:00,Preventive,Completed
MNT-00445,MAC-11,2015-02-19 06:00:00,Corrective,Completed
MNT-00446,MAC-11,2015-04-05 06:00:00,Preventive,Completed
MNT-00447,MAC-11,2015-04-20 06:00:00,Preventive,Completed
MNT-00448,MAC-11,2015-04-20 06:00:00,Preventive,Completed
MNT-00449,MAC-11,2015-04-20 06:00:00,Corrective,Completed
MNT-00450,MAC-11,2015-04-20 06:00:00,Corrective,Completed
MNT-00451,MAC-11,2015-05-05 06:00:00,Preventive,Completed
MNT-00452,MAC-11,2015-05-05 06:00:00,Preventive,Completed
MNT-00453,MAC-11,2015-05-20 06:00:00,Preventive,Completed
MNT-00454,MAC-11,2015-05-20 06:00:00,Preventive,Completed
MNT-00455,MAC-11,2015-06-04 06:00:00,Preventive,Completed
MNT-00456,MAC-11,2015-06-19 06:00:00,Preventive,Completed
MNT-00457,MAC-11,2015-07-04 06:00:00,Preventive,Completed
MNT-00458,MAC-11,2015-08-03 06:00:00,Preventive,Completed
MNT-00459,MAC-11,2015-08-18 06:00:00,Preventive,Completed
MNT-00460,MAC-11,2015-08-18 06:00:00,Preventive,Completed
MNT-00461,MAC-11,2015-09-02 06:00:00,Preventive,Completed
MNT-00462,MAC-11,2015-09-17 06:00:00,Preventive,Completed
MNT-00463,MAC-11,2015-10-02 06:00:00,Preventive,Completed
MNT-00464,MAC-11,2015-10-02 06:00:00,Corrective,Completed
MNT-00465,MAC-11,2015-10-17 06:00:00,Preventive,Completed
MNT-00466,MAC-11,2015-11-16 06:00:00,Preventive,Completed
MNT-00467,MAC-11,2015-12-01 06:00:00,Preventive,Completed
MNT-00468,MAC-11,2015-12-16 06:00:00,Preventive,Completed
MNT-00469,MAC-11,2015-12-16 06:00:00,Corrective,Completed
MNT-00470,MAC-11,2015-12-31 06:00:00,Preventive,Completed
MNT-00471,MAC-12,2014-07-31 06:00:00,Preventive,Completed
MNT-00472,MAC-12,2014-08-15 06:00:00,Preventive,Completed
MNT-00473,MAC-12,2014-08-30 06:00:00,Preventive,Completed
MNT-00474,MAC-12,2014-11-13 06:00:00,Preventive,Completed
MNT-00475,MAC-12,2015-01-07 06:00:00,Preventive,Completed
MNT-00476,MAC-12,2015-01-07 06:00:00,Preventive,Completed
MNT-00477,MAC-12,2015-01-07 06:00:00,Corrective,Completed
MNT-00478,MAC-12,2015-01-07 06:00:00,Corrective,Completed
MNT-00479,MAC-12,2015-01-22 06:00:00,Preventive,Completed
MNT-00480,MAC-12,2015-02-06 06:00:00,Preventive,Completed
MNT-00481,MAC-12,2015-02-21 06:00:00,Preventive,Completed
MNT-00482,MAC-12,2015-03-08 06:00:00,Preventive,Completed
MNT-00483,MAC-12,2015-03-08 06:00:00,Preventive,Completed
MNT-00484,MAC-12,2015-03-23 06:00:00,Preventive,Completed
MNT-00485,MAC-12,2015-03-23 06:00:00,Corrective,Completed
MNT-00486,MAC-12,2015-04-07 06:00:00,Preventive,Completed
MNT-00487,MAC-12,2015-04-07 06:00:00,Preventive,Completed
MNT-00488,MAC-12,2015-04-22 06:00:00,Preventive,Completed
MNT-00489,MAC-12,2015-05-07 06:00:00,Preventive,Completed
MNT-00490,MAC-12,2015-05-22 06:00:00,Preventive,Completed
MNT-00491,MAC-12,2015-07-06 06:00:00,Preventive,Completed
MNT-00492,MAC-12,2015-07-06 06:00:00,Preventive,Completed
MNT-00493,MAC-12,2015-07-06 06:00:00,Corrective,Completed
MNT-00494,MAC-12,2015-07-21 06:00:00,Preventive,Completed
MNT-00495,MAC-12,2015-08-05 06:00:00,Preventive,Completed
MNT-00496,MAC-12,2015-08-20 06:00:00,Preventive,Completed
MNT-00497,MAC-12,2015-09-04 06:00:00,Preventive,Completed
MNT-00498,MAC-12,2015-09-04 06:00:00,Corrective,Completed
MNT-00499,MAC-12,2015-09-19 06:00:00,Preventive,Completed
MNT-00500,MAC-12,2015-10-04 06:00:00,Preventive,Completed
MNT-00501,MAC-12,2015-10-04 06:00:00,Corrective,Completed
MNT-00502,MAC-12,2015-10-19 06:00:00,Preventive,Completed
MNT-00503,MAC-12,2015-10-19 06:00:00,Preventive,Completed
MNT-00504,MAC-12,2015-11-18 06:00:00,Preventive,Completed
MNT-00505,MAC-12,2015-11-18 06:00:00,Preventive,Completed
MNT-00506,MAC-12,2015-12-03 06:00:00,Preventive,Completed
MNT-00507,MAC-12,2015-12-18 06:00:00,Preventive,Completed
MNT-00508,MAC-13,2014-06-16 06:00:00,Preventive,Completed
MNT-00509,MAC-13,2014-08-30 06:00:00,Preventive,Completed
MNT-00510,MAC-13,2014-11-28 06:00:00,Preventive,Completed
MNT-00511,MAC-13,2014-12-28 06:00:00,Preventive,Completed
MNT-00512,MAC-13,2015-02-10 06:00:00,Preventive,Completed
MNT-00513,MAC-13,2015-02-25 06:00:00,Preventive,Completed
MNT-00514,MAC-13,2015-03-27 06:00:00,Preventive,Completed
MNT-00515,MAC-13,2015-04-11 06:00:00,Preventive,Completed
MNT-00516,MAC-13,2015-04-11 06:00:00,Preventive,Completed
MNT-00517,MAC-13,2015-04-11 06:00:00,Corrective,Completed
MNT-00518,MAC-13,2015-04-11 06:00:00,Corrective,Completed
MNT-00519,MAC-13,2015-04-26 06:00:00,Preventive,Completed
MNT-00520,MAC-13,2015-04-26 06:00:00,Preventive,Completed
MNT-00521,MAC-13,2015-05-11 06:00:00,Preventive,Completed
MNT-00522,MAC-13,2015-05-26 06:00:00,Preventive,Completed
MNT-00523,MAC-13,2015-06-10 06:00:00,Preventive,Completed
MNT-00524,MAC-13,2015-06-10 06:00:00,Preventive,Completed
MNT-00525,MAC-13,2015-06-10 06:00:00,Corrective,Completed
MNT-00526,MAC-13,2015-06-25 06:00:00,Preventive,Completed
MNT-00527,MAC-13,2015-06-25 06:00:00,Preventive,Completed
MNT-00528,MAC-13,2015-06-25 06:00:00,Corrective,Completed
MNT-00529,MAC-13,2015-07-10 06:00:00,Preventive,Completed
MNT-00530,MAC-13,2015-07-10 06:00:00,Corrective,Completed
MNT-00531,MAC-13,2015-07-25 06:00:00,Preventive,Completed
MNT-00532,MAC-13,2015-08-09 06:00:00,Preventive,Completed
MNT-00533,MAC-13,2015-08-09 06:00:00,Corrective,Completed
MNT-00534,MAC-13,2015-08-24 06:00:00,Preventive,Completed
MNT-00535,MAC-13,2015-08-24 06:00:00,Preventive,Completed
MNT-00536,MAC-13,2015-08-24 06:00:00,Corrective,Completed
MNT-00537,MAC-13,2015-08-24 06:00:00,Corrective,Completed
MNT-00538,MAC-13,2015-09-08 06:00:00,Preventive,Completed
MNT-00539,MAC-13,2015-09-23 06:00:00,Preventive,Completed
MNT-00540,MAC-13,2015-09-23 06:00:00,Preventive,Completed
MNT-00541,MAC-13,2015-09-23 06:00:00,Corrective,Completed
MNT-00542,MAC-13,2015-10-08 06:00:00,Preventive,Completed
MNT-00543,MAC-13,2015-10-23 06:00:00,Preventive,Completed
MNT-00544,MAC-13,2015-10-23 06:00:00,Corrective,Completed
MNT-00545,MAC-13,2015-11-07 06:00:00,Preventive,Completed
MNT-00546,MAC-13,2015-11-07 06:00:00,Preventive,Completed
MNT-00547,MAC-13,2015-11-22 06:00:00,Preventive,Completed
MNT-00548,MAC-13,2015-12-07 06:00:00,Preventive,Completed
MNT-00549,MAC-13,2015-12-07 06:00:00,Corrective,Completed
MNT-00550,MAC-13,2015-12-22 06:00:00,Preventive,Completed
MNT-00551,MAC-13,2015-12-22 06:00:00,Preventive,Completed
MNT-00552,MAC-13,2015-12-22 06:00:00,Corrective,Completed
MNT-00553,MAC-13,2015-12-22 06:00:00,Corrective,Completed
MNT-00554,MAC-14,2014-07-16 06:00:00,Preventive,Completed
MNT-00555,MAC-14,2014-07-31 06:00:00,Preventive,Completed
MNT-00556,MAC-14,2014-10-14 06:00:00,Preventive,Completed
MNT-00557,MAC-14,2014-11-13 06:00:00,Preventive,Completed
MNT-00558,MAC-14,2015-01-01 06:00:00,Preventive,Completed
MNT-00559,MAC-14,2015-01-16 06:00:00,Preventive,Completed
MNT-00560,MAC-14,2015-01-31 06:00:00,Preventive,Completed
MNT-00561,MAC-14,2015-01-31 06:00:00,Preventive,Completed
MNT-00562,MAC-14,2015-01-31 06:00:00,Corrective,Completed
MNT-00563,MAC-14,2015-02-15 06:00:00,Preventive,Completed
MNT-00564,MAC-14,2015-03-02 06:00:00,Preventive,Completed
MNT-00565,MAC-14,2015-03-02 06:00:00,Corrective,Completed
MNT-00566,MAC-14,2015-03-17 06:00:00,Preventive,Completed
MNT-00567,MAC-14,2015-04-01 06:00:00,Preventive,Completed
MNT-00568,MAC-14,2015-04-16 06:00:00,Preventive,Completed
MNT-00569,MAC-14,2015-05-01 06:00:00,Preventive,Completed
MNT-00570,MAC-14,2015-05-01 06:00:00,Preventive,Completed
MNT-00571,MAC-14,2015-05-16 06:00:00,Preventive,Completed
MNT-00572,MAC-14,2015-05-16 06:00:00,Preventive,Completed
MNT-00573,MAC-14,2015-05-31 06:00:00,Preventive,Completed
MNT-00574,MAC-14,2015-06-15 06:00:00,Preventive,Completed
MNT-00575,MAC-14,2015-06-30 06:00:00,Preventive,Completed
MNT-00576,MAC-14,2015-07-15 06:00:00,Preventive,Completed
MNT-00577,MAC-14,2015-07-15 06:00:00,Preventive,Completed
MNT-00578,MAC-14,2015-07-15 06:00:00,Corrective,Completed
MNT-00579,MAC-14,2015-07-30 06:00:00,Preventive,Completed
MNT-00580,MAC-14,2015-07-30 06:00:00,Preventive,Completed
MNT-00581,MAC-14,2015-07-30 06:00:00,Corrective,Completed
MNT-00582,MAC-14,2015-08-14 06:00:00,Preventive,Completed
MNT-00583,MAC-14,2015-08-29 06:00:00,Preventive,Completed
MNT-00584,MAC-14,2015-08-29 06:00:00,Preventive,Completed
MNT-00585,MAC-14,2015-09-13 06:00:00,Preventive,Completed
MNT-00586,MAC-14,2015-09-28 06:00:00,Preventive,Completed
MNT-00587,MAC-14,2015-09-28 06:00:00,Preventive,Completed
MNT-00588,MAC-14,2015-10-13 06:00:00,Preventive,Completed
MNT-00589,MAC-14,2015-10-28 06:00:00,Preventive,Completed
MNT-00590,MAC-14,2015-11-12 06:00:00,Preventive,Completed
MNT-00591,MAC-14,2015-11-12 06:00:00,Preventive,Completed
MNT-00592,MAC-14,2015-11-27 06:00:00,Preventive,Completed
MNT-00593,MAC-14,2015-11-27 06:00:00,Preventive,Completed
MNT-00594,MAC-14,2015-12-12 06:00:00,Preventive,Completed
MNT-00595,MAC-14,2015-12-27 06:00:00,Preventive,Completed
MNT-00596,MAC-15,2014-06-16 06:00:00,Preventive,Completed
MNT-00597,MAC-15,2014-08-15 06:00:00,Preventive,Completed
MNT-00598,MAC-15,2014-08-30 06:00:00,Preventive,Completed
MNT-00599,MAC-15,2014-12-13 06:00:00,Preventive,Completed
MNT-00600,MAC-15,2015-01-20 06:00:00,Preventive,Completed
MNT-00601,MAC-15,2015-01-20 06:00:00,Preventive,Completed
MNT-00602,MAC-15,2015-01-20 06:00:00,Corrective,Completed
MNT-00603,MAC-15,2015-01-20 06:00:00,Corrective,Completed
MNT-00604,MAC-15,2015-02-04 06:00:00,Preventive,Completed
MNT-00605,MAC-15,2015-02-19 06:00:00,Preventive,Completed
MNT-00606,MAC-15,2015-03-06 06:00:00,Preventive,Completed
MNT-00607,MAC-15,2015-04-05 06:00:00,Preventive,Completed
MNT-00608,MAC-15,2015-04-20 06:00:00,Preventive,Completed
MNT-00609,MAC-15,2015-05-05 06:00:00,Preventive,Completed
MNT-00610,MAC-15,2015-05-20 06:00:00,Preventive,Completed
MNT-00611,MAC-15,2015-06-04 06:00:00,Preventive,Completed
MNT-00612,MAC-15,2015-06-04 06:00:00,Preventive,Completed
MNT-00613,MAC-15,2015-06-04 06:00:00,Corrective,Completed
MNT-00614,MAC-15,2015-06-19 06:00:00,Preventive,Completed
MNT-00615,MAC-15,2015-06-19 06:00:00,Preventive,Completed
MNT-00616,MAC-15,2015-08-03 06:00:00,Preventive,Completed
MNT-00617,MAC-15,2015-08-03 06:00:00,Preventive,Completed
MNT-00618,MAC-15,2015-08-03 06:00:00,Corrective,Completed
MNT-00619,MAC-15,2015-08-18 06:00:00,Preventive,Completed
MNT-00620,MAC-15,2015-09-02 06:00:00,Preventive,Completed
MNT-00621,MAC-15,2015-09-17 06:00:00,Preventive,Completed
MNT-00622,MAC-15,2015-10-02 06:00:00,Preventive,Completed
MNT-00623,MAC-15,2015-11-01 06:00:00,Preventive,Completed
MNT-00624,MAC-15,2015-11-01 06:00:00,Preventive,Completed
MNT-00625,MAC-15,2015-11-01 06:00:00,Corrective,Completed
MNT-00626,MAC-15,2015-11-01 06:00:00,Corrective,Completed
MNT-00627,MAC-15,2015-12-16 06:00:00,Preventive,Completed
MNT-00628,MAC-15,2015-12-31 06:00:00,Preventive,Completed
MNT-00629,MAC-15,2015-12-31 06:00:00,Preventive,Completed
MNT-00630,MAC-15,2015-12-31 06:00:00,Corrective,Completed
MNT-00631,MAC-16,2014-06-01 06:00:00,Preventive,Completed
MNT-00632,MAC-16,2014-10-14 06:00:00,Preventive,Completed
MNT-00633,MAC-16,2014-10-29 06:00:00,Preventive,Completed
MNT-00634,MAC-16,2014-11-13 06:00:00,Preventive,Completed
MNT-00635,MAC-16,2015-01-02 03:00:00,Corrective,Completed
MNT-00636,MAC-16,2015-01-02 03:00:00,Corrective,Completed
MNT-00637,MAC-16,2015-01-17 06:00:00,Preventive,Completed
MNT-00638,MAC-16,2015-01-17 06:00:00,Corrective,Completed
MNT-00639,MAC-16,2015-02-01 06:00:00,Preventive,Completed
MNT-00640,MAC-16,2015-02-16 06:00:00,Preventive,Completed
MNT-00641,MAC-16,2015-03-03 06:00:00,Preventive,Completed
MNT-00642,MAC-16,2015-03-03 06:00:00,Corrective,Completed
MNT-00643,MAC-16,2015-03-18 06:00:00,Preventive,Completed
MNT-00644,MAC-16,2015-03-18 06:00:00,Preventive,Completed
MNT-00645,MAC-16,2015-04-02 06:00:00,Preventive,Completed
MNT-00646,MAC-16,2015-04-02 06:00:00,Corrective,Completed
MNT-00647,MAC-16,2015-04-17 06:00:00,Preventive,Completed
MNT-00648,MAC-16,2015-05-02 06:00:00,Preventive,Completed
MNT-00649,MAC-16,2015-05-17 06:00:00,Preventive,Completed
MNT-00650,MAC-16,2015-05-17 06:00:00,Corrective,Completed
MNT-00651,MAC-16,2015-06-01 06:00:00,Preventive,Completed
MNT-00652,MAC-16,2015-06-01 06:00:00,Corrective,Completed
MNT-00653,MAC-16,2015-06-16 06:00:00,Preventive,Completed
MNT-00654,MAC-16,2015-06-16 06:00:00,Corrective,Completed
MNT-00655,MAC-16,2015-07-01 06:00:00,Preventive,Completed
MNT-00656,MAC-16,2015-07-01 06:00:00,Preventive,Completed
MNT-00657,MAC-16,2015-07-01 06:00:00,Corrective,Completed
MNT-00658,MAC-16,2015-07-01 06:00:00,Corrective,Completed
MNT-00659,MAC-16,2015-07-16 06:00:00,Preventive,Completed
MNT-00660,MAC-16,2015-08-15 06:00:00,Preventive,Completed
MNT-00661,MAC-16,2015-08-15 06:00:00,Preventive,Completed
MNT-00662,MAC-16,2015-08-15 06:00:00,Corrective,Completed
MNT-00663,MAC-16,2015-09-14 06:00:00,Preventive,Completed
MNT-00664,MAC-16,2015-09-14 06:00:00,Preventive,Completed
MNT-00665,MAC-16,2015-10-14 06:00:00,Preventive,Completed
MNT-00666,MAC-16,2015-10-14 06:00:00,Corrective,Completed
MNT-00667,MAC-16,2015-10-29 06:00:00,Preventive,Completed
MNT-00668,MAC-16,2015-11-13 06:00:00,Preventive,Completed
MNT-00669,MAC-16,2015-11-13 06:00:00,Preventive,Completed
MNT-00670,MAC-16,2015-11-28 06:00:00,Preventive,Completed
MNT-00671,MAC-16,2015-11-28 06:00:00,Corrective,Completed
MNT-00672,MAC-16,2015-12-13 06:00:00,Preventive,Completed
MNT-00673,MAC-17,2014-08-15 06:00:00,Preventive,Completed
MNT-00674,MAC-17,2014-08-30 06:00:00,Preventive,Completed
MNT-00675,MAC-17,2014-09-29 06:00:00,Preventive,Completed
MNT-00676,MAC-17,2014-11-28 06:00:00,Preventive,Completed
MNT-00677,MAC-17,2015-01-01 06:00:00,Preventive,Completed
MNT-00678,MAC-17,2015-01-02 03:00:00,Corrective,Completed
MNT-00679,MAC-17,2015-01-16 06:00:00,Preventive,Completed
MNT-00680,MAC-17,2015-01-16 06:00:00,Corrective,Completed
MNT-00681,MAC-17,2015-01-31 06:00:00,Preventive,Completed
MNT-00682,MAC-17,2015-01-31 06:00:00,Preventive,Completed
MNT-00683,MAC-17,2015-02-15 06:00:00,Preventive,Completed
MNT-00684,MAC-17,2015-02-15 06:00:00,Preventive,Completed
MNT-00685,MAC-17,2015-02-15 06:00:00,Corrective,Completed
MNT-00686,MAC-17,2015-03-17 06:00:00,Preventive,Completed
MNT-00687,MAC-17,2015-03-17 06:00:00,Corrective,Completed
MNT-00688,MAC-17,2015-04-01 06:00:00,Preventive,Completed
MNT-00689,MAC-17,2015-04-01 06:00:00,Preventive,Completed
MNT-00690,MAC-17,2015-04-01 06:00:00,Corrective,Completed
MNT-00691,MAC-17,2015-04-01 06:00:00,Corrective,Completed
MNT-00692,MAC-17,2015-04-16 06:00:00,Preventive,Completed
MNT-00693,MAC-17,2015-05-01 06:00:00,Preventive,Completed
MNT-00694,MAC-17,2015-05-16 06:00:00,Preventive,Completed
MNT-00695,MAC-17,2015-05-16 06:00:00,Preventive,Completed
MNT-00696,MAC-17,2015-05-16 06:00:00,Corrective,Completed
MNT-00697,MAC-17,2015-05-31 06:00:00,Preventive,Completed
MNT-00698,MAC-17,2015-06-15 06:00:00,Preventive,Completed
MNT-00699,MAC-17,2015-06-15 06:00:00,Corrective,Completed
MNT-00700,MAC-17,2015-07-15 06:00:00,Preventive,Completed
MNT-00701,MAC-17,2015-07-15 06:00:00,Corrective,Completed
MNT-00702,MAC-17,2015-07-30 06:00:00,Preventive,Completed
MNT-00703,MAC-17,2015-07-30 06:00:00,Preventive,Completed
MNT-00704,MAC-17,2015-07-30 06:00:00,Corrective,Completed
MNT-00705,MAC-17,2015-08-14 06:00:00,Preventive,Completed
MNT-00706,MAC-17,2015-08-29 06:00:00,Preventive,Completed
MNT-00707,MAC-17,2015-08-29 06:00:00,Corrective,Completed
MNT-00708,MAC-17,2015-09-13 06:00:00,Preventive,Completed
MNT-00709,MAC-17,2015-10-28 06:00:00,Preventive,Completed
MNT-00710,MAC-17,2015-10-28 06:00:00,Preventive,Completed
MNT-00711,MAC-17,2015-10-28 06:00:00,Corrective,Completed
MNT-00712,MAC-17,2015-10-28 06:00:00,Corrective,Completed
MNT-00713,MAC-17,2015-11-12 06:00:00,Preventive,Completed
MNT-00714,MAC-17,2015-11-27 06:00:00,Preventive,Completed
MNT-00715,MAC-17,2015-11-27 06:00:00,Preventive,Completed
MNT-00716,MAC-17,2015-11-27 06:00:00,Corrective,Completed
MNT-00717,MAC-17,2015-12-12 06:00:00,Preventive,Completed
MNT-00718,MAC-17,2015-12-27 06:00:00,Preventive,Completed
MNT-00719,MAC-17,2015-12-27 06:00:00,Corrective,Completed
MNT-00720,MAC-18,2014-06-01 06:00:00,Preventive,Completed
MNT-00721,MAC-18,2014-06-16 06:00:00,Preventive,Completed
MNT-00722,MAC-18,2014-08-15 06:00:00,Preventive,Completed
MNT-00723,MAC-18,2014-11-28 06:00:00,Preventive,Completed
MNT-00724,MAC-18,2015-01-30 06:00:00,Preventive,Completed
MNT-00725,MAC-18,2015-01-30 06:00:00,Corrective,Completed
MNT-00726,MAC-18,2015-02-14 06:00:00,Preventive,Completed
MNT-00727,MAC-18,2015-02-14 06:00:00,Preventive,Completed
MNT-00728,MAC-18,2015-03-01 06:00:00,Preventive,Completed
MNT-00729,MAC-18,2015-03-31 06:00:00,Preventive,Completed
MNT-00730,MAC-18,2015-03-31 06:00:00,Corrective,Completed
MNT-00731,MAC-18,2015-04-15 06:00:00,Preventive,Completed
MNT-00732,MAC-18,2015-04-15 06:00:00,Preventive,Completed
MNT-00733,MAC-18,2015-05-15 06:00:00,Preventive,Completed
MNT-00734,MAC-18,2015-05-15 06:00:00,Preventive,Completed
MNT-00735,MAC-18,2015-05-15 06:00:00,Corrective,Completed
MNT-00736,MAC-18,2015-05-30 06:00:00,Preventive,Completed
MNT-00737,MAC-18,2015-06-29 06:00:00,Preventive,Completed
MNT-00738,MAC-18,2015-06-29 06:00:00,Corrective,Completed
MNT-00739,MAC-18,2015-07-14 06:00:00,Preventive,Completed
MNT-00740,MAC-18,2015-07-29 06:00:00,Preventive,Completed
MNT-00741,MAC-18,2015-07-29 06:00:00,Preventive,Completed
MNT-00742,MAC-18,2015-07-29 06:00:00,Corrective,Completed
MNT-00743,MAC-18,2015-08-13 06:00:00,Preventive,Completed
MNT-00744,MAC-18,2015-08-13 06:00:00,Preventive,Completed
MNT-00745,MAC-18,2015-08-28 06:00:00,Preventive,Completed
MNT-00746,MAC-18,2015-08-28 06:00:00,Corrective,Completed
MNT-00747,MAC-18,2015-09-12 06:00:00,Preventive,Completed
MNT-00748,MAC-18,2015-09-12 06:00:00,Preventive,Completed
MNT-00749,MAC-18,2015-09-12 06:00:00,Corrective,Completed
MNT-00750,MAC-18,2015-10-12 06:00:00,Preventive,Completed
MNT-00751,MAC-18,2015-10-27 06:00:00,Preventive,Completed
MNT-00752,MAC-18,2015-10-27 06:00:00,Corrective,Completed
MNT-00753,MAC-18,2015-11-11 06:00:00,Preventive,Completed
MNT-00754,MAC-18,2015-11-26 06:00:00,Preventive,Completed
MNT-00755,MAC-18,2015-12-26 06:00:00,Preventive,Completed
MNT-00756,MAC-19,2014-06-01 06:00:00,Preventive,Completed
MNT-00757,MAC-19,2014-07-01 06:00:00,Preventive,Completed
MNT-00758,MAC-19,2014-08-15 06:00:00,Preventive,Completed
MNT-00759,MAC-19,2014-12-13 06:00:00,Preventive,Completed
MNT-00760,MAC-19,2015-01-13 06:00:00,Preventive,Completed
MNT-00761,MAC-19,2015-01-13 06:00:00,Corrective,Completed
MNT-00762,MAC-19,2015-01-28 06:00:00,Preventive,Completed
MNT-00763,MAC-19,2015-01-28 06:00:00,Preventive,Completed
MNT-00764,MAC-19,2015-02-12 06:00:00,Preventive,Completed
MNT-00765,MAC-19,2015-02-27 06:00:00,Preventive,Completed
MNT-00766,MAC-19,2015-02-27 06:00:00,Corrective,Completed
MNT-00767,MAC-19,2015-03-14 06:00:00,Preventive,Completed
MNT-00768,MAC-19,2015-04-13 06:00:00,Preventive,Completed
MNT-00769,MAC-19,2015-04-13 06:00:00,Preventive,Completed
MNT-00770,MAC-19,2015-04-13 06:00:00,Corrective,Completed
MNT-00771,MAC-19,2015-04-28 06:00:00,Preventive,Completed
MNT-00772,MAC-19,2015-04-28 06:00:00,Preventive,Completed
MNT-00773,MAC-19,2015-05-13 06:00:00,Preventive,Completed
MNT-00774,MAC-19,2015-05-13 06:00:00,Preventive,Completed
MNT-00775,MAC-19,2015-05-28 06:00:00,Preventive,Completed
MNT-00776,MAC-19,2015-05-28 06:00:00,Preventive,Completed
MNT-00777,MAC-19,2015-06-12 06:00:00,Preventive,Completed
MNT-00778,MAC-19,2015-06-27 06:00:00,Preventive,Completed
MNT-00779,MAC-19,2015-06-27 06:00:00,Preventive,Completed
MNT-00780,MAC-19,2015-06-27 06:00:00,Corrective,Completed
MNT-00781,MAC-19,2015-07-12 06:00:00,Preventive,Completed
MNT-00782,MAC-19,2015-07-27 06:00:00,Preventive,Completed
MNT-00783,MAC-19,2015-08-11 06:00:00,Preventive,Completed
MNT-00784,MAC-19,2015-08-11 06:00:00,Preventive,Completed
MNT-00785,MAC-19,2015-08-26 06:00:00,Preventive,Completed
MNT-00786,MAC-19,2015-09-10 06:00:00,Preventive,Completed
MNT-00787,MAC-19,2015-09-10 06:00:00,Corrective,Completed
MNT-00788,MAC-19,2015-09-25 06:00:00,Preventive,Completed
MNT-00789,MAC-19,2015-10-10 06:00:00,Preventive,Completed
MNT-00790,MAC-19,2015-10-10 06:00:00,Preventive,Completed
MNT-00791,MAC-19,2015-10-25 06:00:00,Preventive,Completed
MNT-00792,MAC-19,2015-11-24 06:00:00,Preventive,Completed
MNT-00793,MAC-19,2015-11-24 06:00:00,Corrective,Completed
MNT-00794,MAC-19,2015-12-09 06:00:00,Preventive,Completed
MNT-00795,MAC-19,2015-12-09 06:00:00,Corrective,Completed
MNT-00796,MAC-19,2015-12-24 06:00:00,Preventive,Completed
MNT-00797,MAC-20,2014-06-01 06:00:00,Preventive,Completed
MNT-00798,MAC-20,2014-06-01 06:00:00,Preventive,Completed
MNT-00799,MAC-20,2014-07-01 06:00:00,Preventive,Completed
MNT-00800,MAC-20,2014-10-29 06:00:00,Preventive,Completed
MNT-00801,MAC-20,2015-01-04 06:00:00,Preventive,Completed
MNT-00802,MAC-20,2015-01-04 06:00:00,Corrective,Completed
MNT-00803,MAC-20,2015-01-19 06:00:00,Preventive,Completed
MNT-00804,MAC-20,2015-01-19 06:00:00,Corrective,Completed
MNT-00805,MAC-20,2015-02-03 06:00:00,Preventive,Completed
MNT-00806,MAC-20,2015-02-03 06:00:00,Preventive,Completed
MNT-00807,MAC-20,2015-02-03 06:00:00,Corrective,Completed
MNT-00808,MAC-20,2015-02-18 06:00:00,Preventive,Completed
MNT-00809,MAC-20,2015-03-05 06:00:00,Preventive,Completed
MNT-00810,MAC-20,2015-03-20 06:00:00,Preventive,Completed
MNT-00811,MAC-20,2015-03-20 06:00:00,Preventive,Completed
MNT-00812,MAC-20,2015-03-20 06:00:00,Corrective,Completed
MNT-00813,MAC-20,2015-04-04 06:00:00,Preventive,Completed
MNT-00814,MAC-20,2015-04-04 06:00:00,Preventive,Completed
MNT-00815,MAC-20,2015-04-04 06:00:00,Corrective,Completed
MNT-00816,MAC-20,2015-04-19 06:00:00,Preventive,Completed
MNT-00817,MAC-20,2015-04-19 06:00:00,Preventive,Completed
MNT-00818,MAC-20,2015-04-19 06:00:00,Corrective,Completed
MNT-00819,MAC-20,2015-05-04 06:00:00,Preventive,Completed
MNT-00820,MAC-20,2015-06-18 06:00:00,Preventive,Completed
MNT-00821,MAC-20,2015-07-03 06:00:00,Preventive,Completed
MNT-00822,MAC-20,2015-07-18 06:00:00,Preventive,Completed
MNT-00823,MAC-20,2015-07-18 06:00:00,Corrective,Completed
MNT-00824,MAC-20,2015-08-02 06:00:00,Preventive,Completed
MNT-00825,MAC-20,2015-08-02 06:00:00,Preventive,Completed
MNT-00826,MAC-20,2015-08-17 06:00:00,Preventive,Completed
MNT-00827,MAC-20,2015-08-17 06:00:00,Corrective,Completed
MNT-00828,MAC-20,2015-09-01 06:00:00,Preventive,Completed
MNT-00829,MAC-20,2015-09-16 06:00:00,Preventive,Completed
MNT-00830,MAC-20,2015-10-01 06:00:00,Preventive,Completed
MNT-00831,MAC-20,2015-10-01 06:00:00,Corrective,Completed
MNT-00832,MAC-20,2015-10-16 06:00:00,Preventive,Completed
MNT-00833,MAC-20,2015-10-31 06:00:00,Preventive,Completed
MNT-00834,MAC-20,2015-10-31 06:00:00,Corrective,Completed
MNT-00835,MAC-20,2015-11-15 06:00:00,Preventive,Completed
MNT-00836,MAC-20,2015-11-15 06:00:00,Preventive,Completed
MNT-00837,MAC-20,2015-11-15 06:00:00,Corrective,Completed
MNT-00838,MAC-20,2015-11-30 06:00:00,Preventive,Completed
MNT-00839,MAC-20,2015-12-15 06:00:00,Preventive,Completed
MNT-00840,MAC-20,2015-12-15 06:00:00,Corrective,Completed
MNT-00841,MAC-20,2015-12-30 06:00:00,Preventive,Completed
MNT-00842,MAC-20,2015-12-30 06:00:00,Corrective,Completed
MNT-00843,MAC-21,2014-06-01 06:00:00,Preventive,Completed
MNT-00844,MAC-21,2014-09-14 06:00:00,Preventive,Completed
MNT-00845,MAC-21,2014-09-29 06:00:00,Preventive,Completed
MNT-00846,MAC-21,2014-11-28 06:00:00,Preventive,Completed
MNT-00847,MAC-21,2015-01-23 06:00:00,Preventive,Completed
MNT-00848,MAC-21,2015-01-23 06:00:00,Corrective,Completed
MNT-00849,MAC-21,2015-02-22 06:00:00,Preventive,Completed
MNT-00850,MAC-21,2015-03-09 06:00:00,Preventive,Completed
MNT-00851,MAC-21,2015-04-08 06:00:00,Preventive,Completed
MNT-00852,MAC-21,2015-04-08 06:00:00,Corrective,Completed
MNT-00853,MAC-21,2015-04-23 06:00:00,Preventive,Completed
MNT-00854,MAC-21,2015-05-08 06:00:00,Preventive,Completed
MNT-00855,MAC-21,2015-05-08 06:00:00,Corrective,Completed
MNT-00856,MAC-21,2015-06-07 06:00:00,Preventive,Completed
MNT-00857,MAC-21,2015-06-07 06:00:00,Preventive,Completed
MNT-00858,MAC-21,2015-06-22 06:00:00,Preventive,Completed
MNT-00859,MAC-21,2015-07-07 06:00:00,Preventive,Completed
MNT-00860,MAC-21,2015-07-07 06:00:00,Preventive,Completed
MNT-00861,MAC-21,2015-08-06 06:00:00,Preventive,Completed
MNT-00862,MAC-21,2015-08-06 06:00:00,Preventive,Completed
MNT-00863,MAC-21,2015-08-06 06:00:00,Corrective,Completed
MNT-00864,MAC-21,2015-08-06 06:00:00,Corrective,Completed
MNT-00865,MAC-21,2015-08-21 06:00:00,Preventive,Completed
MNT-00866,MAC-21,2015-09-05 06:00:00,Preventive,Completed
MNT-00867,MAC-21,2015-09-05 06:00:00,Corrective,Completed
MNT-00868,MAC-21,2015-09-20 06:00:00,Preventive,Completed
MNT-00869,MAC-21,2015-09-20 06:00:00,Corrective,Completed
MNT-00870,MAC-21,2015-10-05 06:00:00,Preventive,Completed
MNT-00871,MAC-21,2015-10-05 06:00:00,Preventive,Completed
MNT-00872,MAC-21,2015-10-05 06:00:00,Corrective,Completed
MNT-00873,MAC-21,2015-10-20 06:00:00,Preventive,Completed
MNT-00874,MAC-21,2015-11-04 06:00:00,Preventive,Completed
MNT-00875,MAC-21,2015-11-04 06:00:00,Corrective,Completed
MNT-00876,MAC-21,2015-11-19 06:00:00,Preventive,Completed
MNT-00877,MAC-21,2015-12-04 06:00:00,Preventive,Completed
MNT-00878,MAC-21,2015-12-04 06:00:00,Preventive,Completed
MNT-00879,MAC-21,2015-12-04 06:00:00,Corrective,Completed
MNT-00880,MAC-21,2015-12-19 06:00:00,Preventive,Completed
MNT-00881,MAC-21,2015-12-19 06:00:00,Preventive,Completed
MNT-00882,MAC-21,2015-12-19 06:00:00,Corrective,Completed
MNT-00883,MAC-22,2014-06-16 06:00:00,Preventive,Completed
MNT-00884,MAC-22,2014-08-15 06:00:00,Preventive,Completed
MNT-00885,MAC-22,2014-12-13 06:00:00,Preventive,Completed
MNT-00886,MAC-22,2014-12-28 06:00:00,Preventive,Completed
MNT-00887,MAC-22,2015-01-02 03:00:00,Corrective,Completed
MNT-00888,MAC-22,2015-01-07 06:00:00,Preventive,Completed
MNT-00889,MAC-22,2015-01-22 06:00:00,Preventive,Completed
MNT-00890,MAC-22,2015-02-06 06:00:00,Preventive,Completed
MNT-00891,MAC-22,2015-02-06 06:00:00,Preventive,Completed
MNT-00892,MAC-22,2015-02-06 06:00:00,Corrective,Completed
MNT-00893,MAC-22,2015-02-21 06:00:00,Preventive,Completed
MNT-00894,MAC-22,2015-03-08 06:00:00,Preventive,Completed
MNT-00895,MAC-22,2015-03-23 06:00:00,Preventive,Completed
MNT-00896,MAC-22,2015-03-23 06:00:00,Preventive,Completed
MNT-00897,MAC-22,2015-03-23 06:00:00,Corrective,Completed
MNT-00898,MAC-22,2015-03-23 06:00:00,Corrective,Completed
MNT-00899,MAC-22,2015-04-07 06:00:00,Preventive,Completed
MNT-00900,MAC-22,2015-04-07 06:00:00,Corrective,Completed
MNT-00901,MAC-22,2015-04-22 06:00:00,Preventive,Completed
MNT-00902,MAC-22,2015-04-22 06:00:00,Corrective,Completed
MNT-00903,MAC-22,2015-05-07 06:00:00,Preventive,Completed
MNT-00904,MAC-22,2015-05-22 06:00:00,Preventive,Completed
MNT-00905,MAC-22,2015-05-22 06:00:00,Preventive,Completed
MNT-00906,MAC-22,2015-05-22 06:00:00,Corrective,Completed
MNT-00907,MAC-22,2015-05-22 06:00:00,Corrective,Completed
MNT-00908,MAC-22,2015-06-06 06:00:00,Preventive,Completed
MNT-00909,MAC-22,2015-06-21 06:00:00,Preventive,Completed
MNT-00910,MAC-22,2015-06-21 06:00:00,Preventive,Completed
MNT-00911,MAC-22,2015-06-21 06:00:00,Corrective,Completed
MNT-00912,MAC-22,2015-07-06 06:00:00,Preventive,Completed
MNT-00913,MAC-22,2015-07-06 06:00:00,Preventive,Completed
MNT-00914,MAC-22,2015-07-06 06:00:00,Corrective,Completed
MNT-00915,MAC-22,2015-08-05 06:00:00,Preventive,Completed
MNT-00916,MAC-22,2015-08-05 06:00:00,Corrective,Completed
MNT-00917,MAC-22,2015-08-20 06:00:00,Preventive,Completed
MNT-00918,MAC-22,2015-08-20 06:00:00,Corrective,Completed
MNT-00919,MAC-22,2015-09-04 06:00:00,Preventive,Completed
MNT-00920,MAC-22,2015-09-19 06:00:00,Preventive,Completed
MNT-00921,MAC-22,2015-09-19 06:00:00,Corrective,Completed
MNT-00922,MAC-22,2015-10-04 06:00:00,Preventive,Completed
MNT-00923,MAC-22,2015-10-19 06:00:00,Preventive,Completed
MNT-00924,MAC-22,2015-11-03 06:00:00,Preventive,Completed
MNT-00925,MAC-22,2015-11-03 06:00:00,Preventive,Completed
MNT-00926,MAC-22,2015-11-03 06:00:00,Corrective,Completed
MNT-00927,MAC-22,2015-11-18 06:00:00,Preventive,Completed
MNT-00928,MAC-22,2015-11-18 06:00:00,Preventive,Completed
MNT-00929,MAC-22,2015-11-18 06:00:00,Corrective,Completed
MNT-00930,MAC-22,2015-12-03 06:00:00,Preventive,Completed
MNT-00931,MAC-23,2014-10-14 06:00:00,Preventive,Completed
MNT-00932,MAC-23,2014-10-14 06:00:00,Preventive,Completed
MNT-00933,MAC-23,2014-11-28 06:00:00,Preventive,Completed
MNT-00934,MAC-23,2014-11-28 06:00:00,Preventive,Completed
MNT-00935,MAC-23,2015-01-05 06:00:00,Preventive,Completed
MNT-00936,MAC-23,2015-01-05 06:00:00,Corrective,Completed
MNT-00937,MAC-23,2015-01-20 06:00:00,Preventive,Completed
MNT-00938,MAC-23,2015-01-20 06:00:00,Corrective,Completed
MNT-00939,MAC-23,2015-02-04 06:00:00,Preventive,Completed
MNT-00940,MAC-23,2015-03-21 06:00:00,Preventive,Completed
MNT-00941,MAC-23,2015-03-21 06:00:00,Corrective,Completed
MNT-00942,MAC-23,2015-04-05 06:00:00,Preventive,Completed
MNT-00943,MAC-23,2015-04-05 06:00:00,Preventive,Completed
MNT-00944,MAC-23,2015-04-05 06:00:00,Corrective,Completed
MNT-00945,MAC-23,2015-04-20 06:00:00,Preventive,Completed
MNT-00946,MAC-23,2015-05-05 06:00:00,Preventive,Completed
MNT-00947,MAC-23,2015-05-05 06:00:00,Preventive,Completed
MNT-00948,MAC-23,2015-05-20 06:00:00,Preventive,Completed
MNT-00949,MAC-23,2015-06-04 06:00:00,Preventive,Completed
MNT-00950,MAC-23,2015-06-04 06:00:00,Corrective,Completed
MNT-00951,MAC-23,2015-06-19 06:00:00,Preventive,Completed
MNT-00952,MAC-23,2015-07-04 06:00:00,Preventive,Completed
MNT-00953,MAC-23,2015-07-19 06:00:00,Preventive,Completed
MNT-00954,MAC-23,2015-07-19 06:00:00,Corrective,Completed
MNT-00955,MAC-23,2015-08-03 06:00:00,Preventive,Completed
MNT-00956,MAC-23,2015-08-03 06:00:00,Corrective,Completed
MNT-00957,MAC-23,2015-08-18 06:00:00,Preventive,Completed
MNT-00958,MAC-23,2015-08-18 06:00:00,Preventive,Completed
MNT-00959,MAC-23,2015-09-02 06:00:00,Preventive,Completed
MNT-00960,MAC-23,2015-09-02 06:00:00,Preventive,Completed
MNT-00961,MAC-23,2015-09-02 06:00:00,Corrective,Completed
MNT-00962,MAC-23,2015-10-02 06:00:00,Preventive,Completed
MNT-00963,MAC-23,2015-10-02 06:00:00,Preventive,Completed
MNT-00964,MAC-23,2015-10-02 06:00:00,Corrective,Completed
MNT-00965,MAC-23,2015-10-17 06:00:00,Preventive,Completed
MNT-00966,MAC-23,2015-10-17 06:00:00,Corrective,Completed
MNT-00967,MAC-23,2015-11-01 06:00:00,Preventive,Completed
MNT-00968,MAC-23,2015-11-16 06:00:00,Preventive,Completed
MNT-00969,MAC-23,2015-11-16 06:00:00,Preventive,Completed
MNT-00970,MAC-23,2015-11-16 06:00:00,Corrective,Completed
MNT-00971,MAC-23,2015-12-01 06:00:00,Preventive,Completed
MNT-00972,MAC-23,2015-12-16 06:00:00,Preventive,Completed
MNT-00973,MAC-23,2015-12-16 06:00:00,Corrective,Completed
MNT-00974,MAC-23,2015-12-31 06:00:00,Preventive,Completed
MNT-00975,MAC-24,2014-07-01 06:00:00,Preventive,Completed
MNT-00976,MAC-24,2014-08-15 06:00:00,Preventive,Completed
MNT-00977,MAC-24,2014-09-14 06:00:00,Preventive,Completed
MNT-00978,MAC-24,2014-10-14 06:00:00,Preventive,Completed
MNT-00979,MAC-24,2015-01-02 06:00:00,Preventive,Completed
MNT-00980,MAC-24,2015-01-02 06:00:00,Preventive,Completed
MNT-00981,MAC-24,2015-01-02 06:00:00,Corrective,Completed
MNT-00982,MAC-24,2015-01-17 06:00:00,Preventive,Completed
MNT-00983,MAC-24,2015-02-01 06:00:00,Preventive,Completed
MNT-00984,MAC-24,2015-02-16 06:00:00,Preventive,Completed
MNT-00985,MAC-24,2015-02-16 06:00:00,Corrective,Completed
MNT-00986,MAC-24,2015-03-18 06:00:00,Preventive,Completed
MNT-00987,MAC-24,2015-03-18 06:00:00,Preventive,Completed
MNT-00988,MAC-24,2015-04-02 06:00:00,Preventive,Completed
MNT-00989,MAC-24,2015-04-02 06:00:00,Corrective,Completed
MNT-00990,MAC-24,2015-04-17 06:00:00,Preventive,Completed
MNT-00991,MAC-24,2015-04-17 06:00:00,Corrective,Completed
MNT-00992,MAC-24,2015-05-02 06:00:00,Preventive,Completed
MNT-00993,MAC-24,2015-05-17 06:00:00,Preventive,Completed
MNT-00994,MAC-24,2015-06-01 06:00:00,Preventive,Completed
MNT-00995,MAC-24,2015-06-01 06:00:00,Preventive,Completed
MNT-00996,MAC-24,2015-06-16 06:00:00,Preventive,Completed
MNT-00997,MAC-24,2015-07-01 06:00:00,Preventive,Completed
MNT-00998,MAC-24,2015-07-01 06:00:00,Corrective,Completed
MNT-00999,MAC-24,2015-07-16 06:00:00,Preventive,Completed
MNT-01000,MAC-24,2015-07-16 06:00:00,Preventive,Completed
MNT-01001,MAC-24,2015-07-31 06:00:00,Preventive,Completed
MNT-01002,MAC-24,2015-07-31 06:00:00,Preventive,Completed
MNT-01003,MAC-24,2015-07-31 06:00:00,Corrective,Completed
MNT-01004,MAC-24,2015-08-15 06:00:00,Preventive,Completed
MNT-01005,MAC-24,2015-08-15 06:00:00,Preventive,Completed
MNT-01006,MAC-24,2015-08-30 06:00:00,Preventive,Completed
MNT-01007,MAC-24,2015-08-30 06:00:00,Preventive,Completed
MNT-01008,MAC-24,2015-09-14 06:00:00,Preventive,Completed
MNT-01009,MAC-24,2015-09-29 06:00:00,Preventive,Completed
MNT-01010,MAC-24,2015-09-29 06:00:00,Corrective,Completed
MNT-01011,MAC-24,2015-10-14 06:00:00,Preventive,Completed
MNT-01012,MAC-24,2015-10-14 06:00:00,Corrective,Completed
MNT-01013,MAC-24,2015-10-29 06:00:00,Preventive,Completed
MNT-01014,MAC-24,2015-11-13 06:00:00,Preventive,Completed
MNT-01015,MAC-24,2015-11-13 06:00:00,Preventive,Completed
MNT-01016,MAC-24,2015-11-13 06:00:00,Corrective,Completed
MNT-01017,MAC-24,2015-11-28 06:00:00,Preventive,Completed
MNT-01018,MAC-24,2015-11-28 06:00:00,Preventive,Completed
MNT-01019,MAC-24,2015-11-28 06:00:00,Corrective,Completed
MNT-01020,MAC-24,2015-12-13 06:00:00,Preventive,Completed
MNT-01021,MAC-24,2015-12-28 06:00:00,Preventive,Completed
MNT-01022,MAC-24,2015-12-28 06:00:00,Preventive,Completed
MNT-01023,MAC-25,2014-06-16 06:00:00,Preventive,Completed
MNT-01024,MAC-25,2014-09-29 06:00:00,Preventive,Completed
MNT-01025,MAC-25,2014-09-29 06:00:00,Preventive,Completed
MNT-01026,MAC-25,2014-11-28 06:00:00,Preventive,Completed
MNT-01027,MAC-25,2015-02-03 06:00:00,Preventive,Completed
MNT-01028,MAC-25,2015-02-03 06:00:00,Preventive,Completed
MNT-01029,MAC-25,2015-03-05 06:00:00,Preventive,Completed
MNT-01030,MAC-25,2015-03-05 06:00:00,Preventive,Completed
MNT-01031,MAC-25,2015-03-05 06:00:00,Corrective,Completed
MNT-01032,MAC-25,2015-03-20 06:00:00,Preventive,Completed
MNT-01033,MAC-25,2015-04-04 06:00:00,Preventive,Completed
MNT-01034,MAC-25,2015-04-19 06:00:00,Preventive,Completed
MNT-01035,MAC-25,2015-05-04 06:00:00,Preventive,Completed
MNT-01036,MAC-25,2015-05-04 06:00:00,Corrective,Completed
MNT-01037,MAC-25,2015-05-19 06:00:00,Preventive,Completed
MNT-01038,MAC-25,2015-06-03 06:00:00,Preventive,Completed
MNT-01039,MAC-25,2015-06-03 06:00:00,Preventive,Completed
MNT-01040,MAC-25,2015-06-03 06:00:00,Corrective,Completed
MNT-01041,MAC-25,2015-06-03 06:00:00,Corrective,Completed
MNT-01042,MAC-25,2015-06-18 06:00:00,Preventive,Completed
MNT-01043,MAC-25,2015-07-18 06:00:00,Preventive,Completed
MNT-01044,MAC-25,2015-08-02 06:00:00,Preventive,Completed
MNT-01045,MAC-25,2015-08-17 06:00:00,Preventive,Completed
MNT-01046,MAC-25,2015-08-17 06:00:00,Preventive,Completed
MNT-01047,MAC-25,2015-08-17 06:00:00,Corrective,Completed
MNT-01048,MAC-25,2015-08-17 06:00:00,Corrective,Completed
MNT-01049,MAC-25,2015-09-01 06:00:00,Preventive,Completed
MNT-01050,MAC-25,2015-09-16 06:00:00,Preventive,Completed
MNT-01051,MAC-25,2015-09-16 06:00:00,Preventive,Completed
MNT-01052,MAC-25,2015-10-01 06:00:00,Preventive,Completed
MNT-01053,MAC-25,2015-10-31 06:00:00,Preventive,Completed
MNT-01054,MAC-25,2015-10-31 06:00:00,Preventive,Completed
MNT-01055,MAC-25,2015-10-31 06:00:00,Corrective,Completed
MNT-01056,MAC-25,2015-11-30 06:00:00,Preventive,Completed
MNT-01057,MAC-25,2015-11-30 06:00:00,Corrective,Completed
MNT-01058,MAC-25,2015-12-30 06:00:00,Preventive,Completed
MNT-01059,MAC-25,2015-12-30 06:00:00,Preventive,Completed
MNT-01060,MAC-26,2014-06-01 06:00:00,Preventive,Completed
MNT-01061,MAC-26,2014-06-16 06:00:00,Preventive,Completed
MNT-01062,MAC-26,2014-10-14 06:00:00,Preventive,Completed
MNT-01063,MAC-26,2014-11-28 06:00:00,Preventive,Completed
MNT-01064,MAC-26,2015-01-21 06:00:00,Preventive,Completed
MNT-01065,MAC-26,2015-02-05 06:00:00,Preventive,Completed
MNT-01066,MAC-26,2015-03-07 06:00:00,Preventive,Completed
MNT-01067,MAC-26,2015-03-22 06:00:00,Preventive,Completed
MNT-01068,MAC-26,2015-04-06 06:00:00,Preventive,Completed
MNT-01069,MAC-26,2015-04-06 06:00:00,Corrective,Completed
MNT-01070,MAC-26,2015-05-06 06:00:00,Preventive,Completed
MNT-01071,MAC-26,2015-05-06 06:00:00,Preventive,Completed
MNT-01072,MAC-26,2015-05-21 06:00:00,Preventive,Completed
MNT-01073,MAC-26,2015-06-05 06:00:00,Preventive,Completed
MNT-01074,MAC-26,2015-06-05 06:00:00,Preventive,Completed
MNT-01075,MAC-26,2015-06-20 06:00:00,Preventive,Completed
MNT-01076,MAC-26,2015-06-20 06:00:00,Preventive,Completed
MNT-01077,MAC-26,2015-07-05 06:00:00,Preventive,Completed
MNT-01078,MAC-26,2015-07-05 06:00:00,Preventive,Completed
MNT-01079,MAC-26,2015-07-20 06:00:00,Preventive,Completed
MNT-01080,MAC-26,2015-08-04 06:00:00,Preventive,Completed
MNT-01081,MAC-26,2015-08-19 06:00:00,Preventive,Completed
MNT-01082,MAC-26,2015-08-19 06:00:00,Preventive,Completed
MNT-01083,MAC-26,2015-08-19 06:00:00,Corrective,Completed
MNT-01084,MAC-26,2015-09-03 06:00:00,Preventive,Completed
MNT-01085,MAC-26,2015-09-03 06:00:00,Corrective,Completed
MNT-01086,MAC-26,2015-09-18 06:00:00,Preventive,Completed
MNT-01087,MAC-26,2015-10-03 06:00:00,Preventive,Completed
MNT-01088,MAC-26,2015-10-18 06:00:00,Preventive,Completed
MNT-01089,MAC-26,2015-10-18 06:00:00,Preventive,Completed
MNT-01090,MAC-26,2015-10-18 06:00:00,Corrective,Completed
MNT-01091,MAC-26,2015-11-02 06:00:00,Preventive,Completed
MNT-01092,MAC-26,2015-11-02 06:00:00,Preventive,Completed
MNT-01093,MAC-26,2015-11-02 06:00:00,Corrective,Completed
MNT-01094,MAC-26,2015-11-17 06:00:00,Preventive,Completed
MNT-01095,MAC-26,2015-11-17 06:00:00,Preventive,Completed
MNT-01096,MAC-26,2015-11-17 06:00:00,Corrective,Completed
MNT-01097,MAC-26,2015-12-02 06:00:00,Preventive,Completed
MNT-01098,MAC-26,2015-12-17 06:00:00,Preventive,Completed
MNT-01099,MAC-26,2016-01-01 06:00:00,Preventive,Completed
MNT-01100,MAC-27,2014-08-15 06:00:00,Preventive,Completed
MNT-01101,MAC-27,2014-09-29 06:00:00,Preventive,Completed
MNT-01102,MAC-27,2014-10-29 06:00:00,Preventive,Completed
MNT-01103,MAC-27,2014-12-13 06:00:00,Preventive,Completed
MNT-01104,MAC-27,2015-01-10 06:00:00,Preventive,Completed
MNT-01105,MAC-27,2015-01-10 06:00:00,Preventive,Completed
MNT-01106,MAC-27,2015-01-10 06:00:00,Corrective,Completed
MNT-01107,MAC-27,2015-01-25 06:00:00,Preventive,Completed
MNT-01108,MAC-27,2015-01-25 06:00:00,Preventive,Completed
MNT-01109,MAC-27,2015-01-25 06:00:00,Corrective,Completed
MNT-01110,MAC-27,2015-02-09 06:00:00,Preventive,Completed
MNT-01111,MAC-27,2015-02-24 06:00:00,Preventive,Completed
MNT-01112,MAC-27,2015-02-24 06:00:00,Preventive,Completed
MNT-01113,MAC-27,2015-02-24 06:00:00,Corrective,Completed
MNT-01114,MAC-27,2015-03-11 06:00:00,Preventive,Completed
MNT-01115,MAC-27,2015-03-26 06:00:00,Preventive,Completed
MNT-01116,MAC-27,2015-04-25 06:00:00,Preventive,Completed
MNT-01117,MAC-27,2015-04-25 06:00:00,Preventive,Completed
MNT-01118,MAC-27,2015-05-10 06:00:00,Preventive,Completed
MNT-01119,MAC-27,2015-05-25 06:00:00,Preventive,Completed
MNT-01120,MAC-27,2015-06-09 06:00:00,Preventive,Completed
MNT-01121,MAC-27,2015-06-09 06:00:00,Preventive,Completed
MNT-01122,MAC-27,2015-06-24 06:00:00,Preventive,Completed
MNT-01123,MAC-27,2015-06-24 06:00:00,Preventive,Completed
MNT-01124,MAC-27,2015-07-09 06:00:00,Preventive,Completed
MNT-01125,MAC-27,2015-07-09 06:00:00,Preventive,Completed
MNT-01126,MAC-27,2015-08-08 06:00:00,Preventive,Completed
MNT-01127,MAC-27,2015-08-08 06:00:00,Preventive,Completed
MNT-01128,MAC-27,2015-08-23 06:00:00,Preventive,Completed
MNT-01129,MAC-27,2015-09-07 06:00:00,Preventive,Completed
MNT-01130,MAC-27,2015-09-22 06:00:00,Preventive,Completed
MNT-01131,MAC-27,2015-09-22 06:00:00,Preventive,Completed
MNT-01132,MAC-27,2015-10-07 06:00:00,Preventive,Completed
MNT-01133,MAC-27,2015-10-22 06:00:00,Preventive,Completed
MNT-01134,MAC-27,2015-10-22 06:00:00,Preventive,Completed
MNT-01135,MAC-27,2015-11-06 06:00:00,Preventive,Completed
MNT-01136,MAC-27,2015-11-06 06:00:00,Preventive,Completed
MNT-01137,MAC-27,2015-11-21 06:00:00,Preventive,Completed
MNT-01138,MAC-27,2015-12-06 06:00:00,Preventive,Completed
MNT-01139,MAC-27,2015-12-06 06:00:00,Preventive,Completed
MNT-01140,MAC-27,2015-12-21 06:00:00,Preventive,Completed
MNT-01141,MAC-28,2014-06-16 06:00:00,Preventive,Completed
MNT-01142,MAC-28,2014-07-01 06:00:00,Preventive,Completed
MNT-01143,MAC-28,2014-09-14 06:00:00,Preventive,Completed
MNT-01144,MAC-28,2014-09-29 06:00:00,Preventive,Completed
MNT-01145,MAC-28,2015-01-31 06:00:00,Preventive,Completed
MNT-01146,MAC-28,2015-02-15 06:00:00,Preventive,Completed
MNT-01147,MAC-28,2015-03-02 06:00:00,Preventive,Completed
MNT-01148,MAC-28,2015-03-17 06:00:00,Preventive,Completed
MNT-01149,MAC-28,2015-03-17 06:00:00,Corrective,Completed
MNT-01150,MAC-28,2015-04-01 06:00:00,Preventive,Completed
MNT-01151,MAC-28,2015-04-16 06:00:00,Preventive,Completed
MNT-01152,MAC-28,2015-05-01 06:00:00,Preventive,Completed
MNT-01153,MAC-28,2015-05-01 06:00:00,Corrective,Completed
MNT-01154,MAC-28,2015-05-16 06:00:00,Preventive,Completed
MNT-01155,MAC-28,2015-05-16 06:00:00,Preventive,Completed
MNT-01156,MAC-28,2015-05-31 06:00:00,Preventive,Completed
MNT-01157,MAC-28,2015-05-31 06:00:00,Preventive,Completed
MNT-01158,MAC-28,2015-06-15 06:00:00,Preventive,Completed
MNT-01159,MAC-28,2015-06-15 06:00:00,Preventive,Completed
MNT-01160,MAC-28,2015-06-15 06:00:00,Corrective,Completed
MNT-01161,MAC-28,2015-06-30 06:00:00,Preventive,Completed
MNT-01162,MAC-28,2015-07-15 06:00:00,Preventive,Completed
MNT-01163,MAC-28,2015-07-30 06:00:00,Preventive,Completed
MNT-01164,MAC-28,2015-08-14 06:00:00,Preventive,Completed
MNT-01165,MAC-28,2015-08-14 06:00:00,Preventive,Completed
MNT-01166,MAC-28,2015-08-14 06:00:00,Corrective,Completed
MNT-01167,MAC-28,2015-09-13 06:00:00,Preventive,Completed
MNT-01168,MAC-28,2015-09-28 06:00:00,Preventive,Completed
MNT-01169,MAC-28,2015-10-13 06:00:00,Preventive,Completed
MNT-01170,MAC-28,2015-10-28 06:00:00,Preventive,Completed
MNT-01171,MAC-28,2015-11-27 06:00:00,Preventive,Completed
MNT-01172,MAC-28,2015-11-27 06:00:00,Preventive,Completed
MNT-01173,MAC-28,2015-12-12 06:00:00,Preventive,Completed
MNT-01174,MAC-28,2015-12-27 06:00:00,Preventive,Completed
MNT-01175,MAC-28,2015-12-27 06:00:00,Preventive,Completed
MNT-01176,MAC-28,2015-12-27 06:00:00,Corrective,Completed
MNT-01177,MAC-29,2014-07-16 06:00:00,Preventive,Completed
MNT-01178,MAC-29,2014-08-15 06:00:00,Preventive,Completed
MNT-01179,MAC-29,2014-10-29 06:00:00,Preventive,Completed
MNT-01180,MAC-29,2014-12-28 06:00:00,Preventive,Completed
MNT-01181,MAC-29,2015-01-02 06:00:00,Preventive,Completed
MNT-01182,MAC-29,2015-01-17 06:00:00,Preventive,Completed
MNT-01183,MAC-29,2015-02-01 06:00:00,Preventive,Completed
MNT-01184,MAC-29,2015-02-16 06:00:00,Preventive,Completed
MNT-01185,MAC-29,2015-03-03 06:00:00,Preventive,Completed
MNT-01186,MAC-29,2015-03-03 06:00:00,Preventive,Completed
MNT-01187,MAC-29,2015-03-03 06:00:00,Corrective,Completed
MNT-01188,MAC-29,2015-03-18 06:00:00,Preventive,Completed
MNT-01189,MAC-29,2015-04-02 06:00:00,Preventive,Completed
MNT-01190,MAC-29,2015-04-17 06:00:00,Preventive,Completed
MNT-01191,MAC-29,2015-05-02 06:00:00,Preventive,Completed
MNT-01192,MAC-29,2015-06-01 06:00:00,Preventive,Completed
MNT-01193,MAC-29,2015-06-01 06:00:00,Preventive,Completed
MNT-01194,MAC-29,2015-06-16 06:00:00,Preventive,Completed
MNT-01195,MAC-29,2015-07-01 06:00:00,Preventive,Completed
MNT-01196,MAC-29,2015-07-16 06:00:00,Preventive,Completed
MNT-01197,MAC-29,2015-07-16 06:00:00,Preventive,Completed
MNT-01198,MAC-29,2015-07-31 06:00:00,Preventive,Completed
MNT-01199,MAC-29,2015-07-31 06:00:00,Preventive,Completed
MNT-01200,MAC-29,2015-08-15 06:00:00,Preventive,Completed
MNT-01201,MAC-29,2015-08-30 06:00:00,Preventive,Completed
MNT-01202,MAC-29,2015-09-29 06:00:00,Preventive,Completed
MNT-01203,MAC-29,2015-10-14 06:00:00,Preventive,Completed
MNT-01204,MAC-29,2015-10-14 06:00:00,Preventive,Completed
MNT-01205,MAC-29,2015-10-29 06:00:00,Preventive,Completed
MNT-01206,MAC-29,2015-11-13 06:00:00,Preventive,Completed
MNT-01207,MAC-29,2015-11-28 06:00:00,Preventive,Completed
MNT-01208,MAC-29,2015-11-28 06:00:00,Preventive,Completed
MNT-01209,MAC-29,2015-11-28 06:00:00,Corrective,Completed
MNT-01210,MAC-29,2015-12-13 06:00:00,Preventive,Completed
MNT-01211,MAC-29,2015-12-13 06:00:00,Preventive,Completed
MNT-01212,MAC-29,2015-12-28 06:00:00,Preventive,Completed
MNT-01213,MAC-30,2014-07-01 06:00:00,Preventive,Completed
MNT-01214,MAC-30,2014-07-01 06:00:00,Preventive,Completed
MNT-01215,MAC-30,2014-07-31 06:00:00,Preventive,Completed
MNT-01216,MAC-30,2014-11-28 06:00:00,Preventive,Completed
MNT-01217,MAC-30,2015-01-09 06:00:00,Preventive,Completed
MNT-01218,MAC-30,2015-01-09 06:00:00,Corrective,Completed
MNT-01219,MAC-30,2015-01-24 06:00:00,Preventive,Completed
MNT-01220,MAC-30,2015-02-08 06:00:00,Preventive,Completed
MNT-01221,MAC-30,2015-02-08 06:00:00,Preventive,Completed
MNT-01222,MAC-30,2015-02-23 06:00:00,Preventive,Completed
MNT-01223,MAC-30,2015-03-10 06:00:00,Preventive,Completed
MNT-01224,MAC-30,2015-03-25 06:00:00,Preventive,Completed
MNT-01225,MAC-30,2015-03-25 06:00:00,Corrective,Completed
MNT-01226,MAC-30,2015-04-09 06:00:00,Preventive,Completed
MNT-01227,MAC-30,2015-04-09 06:00:00,Preventive,Completed
MNT-01228,MAC-30,2015-04-24 06:00:00,Preventive,Completed
MNT-01229,MAC-30,2015-05-09 06:00:00,Preventive,Completed
MNT-01230,MAC-30,2015-05-24 06:00:00,Preventive,Completed
MNT-01231,MAC-30,2015-05-24 06:00:00,Preventive,Completed
MNT-01232,MAC-30,2015-06-08 06:00:00,Preventive,Completed
MNT-01233,MAC-30,2015-06-08 06:00:00,Preventive,Completed
MNT-01234,MAC-30,2015-06-23 06:00:00,Preventive,Completed
MNT-01235,MAC-30,2015-06-23 06:00:00,Preventive,Completed
MNT-01236,MAC-30,2015-07-08 06:00:00,Preventive,Completed
MNT-01237,MAC-30,2015-08-07 06:00:00,Preventive,Completed
MNT-01238,MAC-30,2015-08-07 06:00:00,Preventive,Completed
MNT-01239,MAC-30,2015-08-07 06:00:00,Corrective,Completed
MNT-01240,MAC-30,2015-08-07 06:00:00,Corrective,Completed
MNT-01241,MAC-30,2015-08-22 06:00:00,Preventive,Completed
MNT-01242,MAC-30,2015-09-06 06:00:00,Preventive,Completed
MNT-01243,MAC-30,2015-09-06 06:00:00,Preventive,Completed
MNT-01244,MAC-30,2015-09-21 06:00:00,Preventive,Completed
MNT-01245,MAC-30,2015-10-06 06:00:00,Preventive,Completed
MNT-01246,MAC-30,2015-10-06 06:00:00,Preventive,Completed
MNT-01247,MAC-30,2015-10-21 06:00:00,Preventive,Completed
MNT-01248,MAC-30,2015-11-05 06:00:00,Preventive,Completed
MNT-01249,MAC-30,2015-11-20 06:00:00,Preventive,Completed
MNT-01250,MAC-30,2015-12-05 06:00:00,Preventive,Completed
MNT-01251,MAC-30,2015-12-05 06:00:00,Preventive,Completed
MNT-01252,MAC-30,2015-12-05 06:00:00,Corrective,Completed
MNT-01253,MAC-30,2015-12-20 06:00:00,Preventive,Completed
MNT-01254,MAC-30,2015-12-20 06:00:00,Preventive,Completed
MNT-01255,MAC-31,2014-07-16 06:00:00,Preventive,Completed
MNT-01256,MAC-31,2014-08-15 06:00:00,Preventive,Completed
MNT-01257,MAC-31,2014-08-15 06:00:00,Preventive,Completed
MNT-01258,MAC-31,2014-09-29 06:00:00,Preventive,Completed
MNT-01259,MAC-31,2015-01-22 06:00:00,Preventive,Completed
MNT-01260,MAC-31,2015-02-06 06:00:00,Preventive,Completed
MNT-01261,MAC-31,2015-02-21 06:00:00,Preventive,Completed
MNT-01262,MAC-31,2015-03-08 06:00:00,Preventive,Completed
MNT-01263,MAC-31,2015-03-23 06:00:00,Preventive,Completed
MNT-01264,MAC-31,2015-03-23 06:00:00,Corrective,Completed
MNT-01265,MAC-31,2015-04-07 06:00:00,Preventive,Completed
MNT-01266,MAC-31,2015-04-07 06:00:00,Preventive,Completed
MNT-01267,MAC-31,2015-04-22 06:00:00,Preventive,Completed
MNT-01268,MAC-31,2015-05-07 06:00:00,Preventive,Completed
MNT-01269,MAC-31,2015-05-22 06:00:00,Preventive,Completed
MNT-01270,MAC-31,2015-05-22 06:00:00,Preventive,Completed
MNT-01271,MAC-31,2015-05-22 06:00:00,Corrective,Completed
MNT-01272,MAC-31,2015-06-06 06:00:00,Preventive,Completed
MNT-01273,MAC-31,2015-06-21 06:00:00,Preventive,Completed
MNT-01274,MAC-31,2015-06-21 06:00:00,Preventive,Completed
MNT-01275,MAC-31,2015-07-06 06:00:00,Preventive,Completed
MNT-01276,MAC-31,2015-07-06 06:00:00,Preventive,Completed
MNT-01277,MAC-31,2015-07-06 06:00:00,Corrective,Completed
MNT-01278,MAC-31,2015-07-21 06:00:00,Preventive,Completed
MNT-01279,MAC-31,2015-08-05 06:00:00,Preventive,Completed
MNT-01280,MAC-31,2015-08-20 06:00:00,Preventive,Completed
MNT-01281,MAC-31,2015-08-20 06:00:00,Preventive,Completed
MNT-01282,MAC-31,2015-09-04 06:00:00,Preventive,Completed
MNT-01283,MAC-31,2015-09-04 06:00:00,Corrective,Completed
MNT-01284,MAC-31,2015-09-19 06:00:00,Preventive,Completed
MNT-01285,MAC-31,2015-10-19 06:00:00,Preventive,Completed
MNT-01286,MAC-31,2015-10-19 06:00:00,Corrective,Completed
MNT-01287,MAC-31,2015-11-03 06:00:00,Preventive,Completed
MNT-01288,MAC-31,2015-11-03 06:00:00,Preventive,Completed
MNT-01289,MAC-31,2015-11-18 06:00:00,Preventive,Completed
MNT-01290,MAC-31,2015-11-18 06:00:00,Preventive,Completed
MNT-01291,MAC-31,2015-11-18 06:00:00,Corrective,Completed
MNT-01292,MAC-31,2015-11-18 06:00:00,Corrective,Completed
MNT-01293,MAC-31,2015-12-18 06:00:00,Preventive,Completed
MNT-01294,MAC-32,2014-07-31 06:00:00,Preventive,Completed
MNT-01295,MAC-32,2014-09-14 06:00:00,Preventive,Completed
MNT-01296,MAC-32,2014-10-14 06:00:00,Preventive,Completed
MNT-01297,MAC-32,2014-12-13 06:00:00,Preventive,Completed
MNT-01298,MAC-32,2015-01-10 06:00:00,Preventive,Completed
MNT-01299,MAC-32,2015-01-10 06:00:00,Corrective,Completed
MNT-01300,MAC-32,2015-01-25 06:00:00,Preventive,Completed
MNT-01301,MAC-32,2015-02-09 06:00:00,Preventive,Completed
MNT-01302,MAC-32,2015-02-09 06:00:00,Corrective,Completed
MNT-01303,MAC-32,2015-02-24 06:00:00,Preventive,Completed
MNT-01304,MAC-32,2015-02-24 06:00:00,Preventive,Completed
MNT-01305,MAC-32,2015-03-11 06:00:00,Preventive,Completed
MNT-01306,MAC-32,2015-03-11 06:00:00,Preventive,Completed
MNT-01307,MAC-32,2015-03-11 06:00:00,Corrective,Completed
MNT-01308,MAC-32,2015-04-10 06:00:00,Preventive,Completed
MNT-01309,MAC-32,2015-04-10 06:00:00,Preventive,Completed
MNT-01310,MAC-32,2015-04-10 06:00:00,Corrective,Completed
MNT-01311,MAC-32,2015-04-25 06:00:00,Preventive,Completed
MNT-01312,MAC-32,2015-05-10 06:00:00,Preventive,Completed
MNT-01313,MAC-32,2015-05-10 06:00:00,Corrective,Completed
MNT-01314,MAC-32,2015-05-25 06:00:00,Preventive,Completed
MNT-01315,MAC-32,2015-06-09 06:00:00,Preventive,Completed
MNT-01316,MAC-32,2015-06-24 06:00:00,Preventive,Completed
MNT-01317,MAC-32,2015-06-24 06:00:00,Preventive,Completed
MNT-01318,MAC-32,2015-06-24 06:00:00,Corrective,Completed
MNT-01319,MAC-32,2015-06-24 06:00:00,Corrective,Completed
MNT-01320,MAC-32,2015-07-09 06:00:00,Preventive,Completed
MNT-01321,MAC-32,2015-07-09 06:00:00,Preventive,Completed
MNT-01322,MAC-32,2015-07-24 06:00:00,Preventive,Completed
MNT-01323,MAC-32,2015-08-08 06:00:00,Preventive,Completed
MNT-01324,MAC-32,2015-08-08 06:00:00,Corrective,Completed
MNT-01325,MAC-32,2015-08-23 06:00:00,Preventive,Completed
MNT-01326,MAC-32,2015-09-07 06:00:00,Preventive,Completed
MNT-01327,MAC-32,2015-09-07 06:00:00,Preventive,Completed
MNT-01328,MAC-32,2015-09-22 06:00:00,Preventive,Completed
MNT-01329,MAC-32,2015-09-22 06:00:00,Preventive,Completed
MNT-01330,MAC-32,2015-09-22 06:00:00,Corrective,Completed
MNT-01331,MAC-32,2015-10-07 06:00:00,Preventive,Completed
MNT-01332,MAC-32,2015-11-06 06:00:00,Preventive,Completed
MNT-01333,MAC-32,2015-11-06 06:00:00,Corrective,Completed
MNT-01334,MAC-32,2015-11-21 06:00:00,Preventive,Completed
MNT-01335,MAC-32,2015-12-06 06:00:00,Preventive,Completed
MNT-01336,MAC-32,2015-12-21 06:00:00,Preventive,Completed
MNT-01337,MAC-32,2015-12-21 06:00:00,Preventive,Completed
MNT-01338,MAC-33,2014-08-30 06:00:00,Preventive,Completed
MNT-01339,MAC-33,2014-09-14 06:00:00,Preventive,Completed
MNT-01340,MAC-33,2014-10-14 06:00:00,Preventive,Completed
MNT-01341,MAC-33,2014-11-28 06:00:00,Preventive,Completed
MNT-01342,MAC-33,2015-01-31 06:00:00,Preventive,Completed
MNT-01343,MAC-33,2015-01-31 06:00:00,Preventive,Completed
MNT-01344,MAC-33,2015-01-31 06:00:00,Corrective,Completed
MNT-01345,MAC-33,2015-01-31 06:00:00,Corrective,Completed
MNT-01346,MAC-33,2015-02-15 06:00:00,Preventive,Completed
MNT-01347,MAC-33,2015-02-15 06:00:00,Preventive,Completed
MNT-01348,MAC-33,2015-03-02 06:00:00,Preventive,Completed
MNT-01349,MAC-33,2015-03-17 06:00:00,Preventive,Completed
MNT-01350,MAC-33,2015-04-01 06:00:00,Preventive,Completed
MNT-01351,MAC-33,2015-04-01 06:00:00,Preventive,Completed
MNT-01352,MAC-33,2015-04-01 06:00:00,Corrective,Completed
MNT-01353,MAC-33,2015-04-16 06:00:00,Preventive,Completed
MNT-01354,MAC-33,2015-05-01 06:00:00,Preventive,Completed
MNT-01355,MAC-33,2015-05-01 06:00:00,Corrective,Completed
MNT-01356,MAC-33,2015-05-31 06:00:00,Preventive,Completed
MNT-01357,MAC-33,2015-05-31 06:00:00,Corrective,Completed
MNT-01358,MAC-33,2015-06-15 06:00:00,Preventive,Completed
MNT-01359,MAC-33,2015-06-15 06:00:00,Corrective,Completed
MNT-01360,MAC-33,2015-07-15 06:00:00,Preventive,Completed
MNT-01361,MAC-33,2015-07-15 06:00:00,Preventive,Completed
MNT-01362,MAC-33,2015-07-30 06:00:00,Preventive,Completed
MNT-01363,MAC-33,2015-08-29 06:00:00,Preventive,Completed
MNT-01364,MAC-33,2015-08-29 06:00:00,Preventive,Completed
MNT-01365,MAC-33,2015-08-29 06:00:00,Corrective,Completed
MNT-01366,MAC-33,2015-09-13 06:00:00,Preventive,Completed
MNT-01367,MAC-33,2015-09-28 06:00:00,Preventive,Completed
MNT-01368,MAC-33,2015-09-28 06:00:00,Corrective,Completed
MNT-01369,MAC-33,2015-10-13 06:00:00,Preventive,Completed
MNT-01370,MAC-33,2015-11-12 06:00:00,Preventive,Completed
MNT-01371,MAC-33,2015-11-12 06:00:00,Preventive,Completed
MNT-01372,MAC-33,2015-11-27 06:00:00,Preventive,Completed
MNT-01373,MAC-33,2015-11-27 06:00:00,Preventive,Completed
MNT-01374,MAC-33,2015-11-27 06:00:00,Corrective,Completed
MNT-01375,MAC-33,2015-12-12 06:00:00,Preventive,Completed
MNT-01376,MAC-33,2015-12-12 06:00:00,Preventive,Completed
MNT-01377,MAC-33,2015-12-27 06:00:00,Preventive,Completed
MNT-01378,MAC-34,2014-06-16 06:00:00,Preventive,Completed
MNT-01379,MAC-34,2014-07-31 06:00:00,Preventive,Completed
MNT-01380,MAC-34,2014-09-14 06:00:00,Preventive,Completed
MNT-01381,MAC-34,2014-09-29 06:00:00,Preventive,Completed
MNT-01382,MAC-34,2015-01-01 06:00:00,Preventive,Completed
MNT-01383,MAC-34,2015-01-01 06:00:00,Preventive,Completed
MNT-01384,MAC-34,2015-01-31 06:00:00,Preventive,Completed
MNT-01385,MAC-34,2015-02-15 06:00:00,Preventive,Completed
MNT-01386,MAC-34,2015-03-02 06:00:00,Preventive,Completed
MNT-01387,MAC-34,2015-03-17 06:00:00,Preventive,Completed
MNT-01388,MAC-34,2015-04-01 06:00:00,Preventive,Completed
MNT-01389,MAC-34,2015-04-16 06:00:00,Preventive,Completed
MNT-01390,MAC-34,2015-04-16 06:00:00,Corrective,Completed
MNT-01391,MAC-34,2015-05-01 06:00:00,Preventive,Completed
MNT-01392,MAC-34,2015-05-16 06:00:00,Preventive,Completed
MNT-01393,MAC-34,2015-05-16 06:00:00,Preventive,Completed
MNT-01394,MAC-34,2015-05-31 06:00:00,Preventive,Completed
MNT-01395,MAC-34,2015-05-31 06:00:00,Preventive,Completed
MNT-01396,MAC-34,2015-06-15 06:00:00,Preventive,Completed
MNT-01397,MAC-34,2015-07-30 06:00:00,Preventive,Completed
MNT-01398,MAC-34,2015-07-30 06:00:00,Preventive,Completed
MNT-01399,MAC-34,2015-08-14 06:00:00,Preventive,Completed
MNT-01400,MAC-34,2015-08-14 06:00:00,Preventive,Completed
MNT-01401,MAC-34,2015-08-29 06:00:00,Preventive,Completed
MNT-01402,MAC-34,2015-08-29 06:00:00,Preventive,Completed
MNT-01403,MAC-34,2015-09-13 06:00:00,Preventive,Completed
MNT-01404,MAC-34,2015-09-28 06:00:00,Preventive,Completed
MNT-01405,MAC-34,2015-10-28 06:00:00,Preventive,Completed
MNT-01406,MAC-34,2015-10-28 06:00:00,Corrective,Completed
MNT-01407,MAC-34,2015-11-12 06:00:00,Preventive,Completed
MNT-01408,MAC-34,2015-11-12 06:00:00,Preventive,Completed
MNT-01409,MAC-34,2015-11-12 06:00:00,Corrective,Completed
MNT-01410,MAC-34,2015-11-27 06:00:00,Preventive,Completed
MNT-01411,MAC-34,2015-12-12 06:00:00,Preventive,Completed
MNT-01412,MAC-34,2015-12-27 06:00:00,Preventive,Completed
MNT-01413,MAC-35,2014-06-16 06:00:00,Preventive,Completed
MNT-01414,MAC-35,2014-07-31 06:00:00,Preventive,Completed
MNT-01415,MAC-35,2014-10-14 06:00:00,Preventive,Completed
MNT-01416,MAC-35,2014-12-13 06:00:00,Preventive,Completed
MNT-01417,MAC-35,2015-01-02 03:00:00,Corrective,Completed
MNT-01418,MAC-35,2015-01-06 06:00:00,Preventive,Completed
MNT-01419,MAC-35,2015-01-06 06:00:00,Corrective,Completed
MNT-01420,MAC-35,2015-02-05 06:00:00,Preventive,Completed
MNT-01421,MAC-35,2015-02-05 06:00:00,Corrective,Completed
MNT-01422,MAC-35,2015-02-20 06:00:00,Preventive,Completed
MNT-01423,MAC-35,2015-03-07 06:00:00,Preventive,Completed
MNT-01424,MAC-35,2015-03-07 06:00:00,Preventive,Completed
MNT-01425,MAC-35,2015-03-22 06:00:00,Preventive,Completed
MNT-01426,MAC-35,2015-03-22 06:00:00,Corrective,Completed
MNT-01427,MAC-35,2015-04-06 06:00:00,Preventive,Completed
MNT-01428,MAC-35,2015-04-06 06:00:00,Corrective,Completed
MNT-01429,MAC-35,2015-04-21 06:00:00,Preventive,Completed
MNT-01430,MAC-35,2015-05-06 06:00:00,Preventive,Completed
MNT-01431,MAC-35,2015-05-06 06:00:00,Preventive,Completed
MNT-01432,MAC-35,2015-05-06 06:00:00,Corrective,Completed
MNT-01433,MAC-35,2015-05-21 06:00:00,Preventive,Completed
MNT-01434,MAC-35,2015-05-21 06:00:00,Preventive,Completed
MNT-01435,MAC-35,2015-05-21 06:00:00,Corrective,Completed
MNT-01436,MAC-35,2015-06-05 06:00:00,Preventive,Completed
MNT-01437,MAC-35,2015-06-05 06:00:00,Preventive,Completed
MNT-01438,MAC-35,2015-06-20 06:00:00,Preventive,Completed
MNT-01439,MAC-35,2015-07-05 06:00:00,Preventive,Completed
MNT-01440,MAC-35,2015-07-05 06:00:00,Preventive,Completed
MNT-01441,MAC-35,2015-07-20 06:00:00,Preventive,Completed
MNT-01442,MAC-35,2015-07-20 06:00:00,Preventive,Completed
MNT-01443,MAC-35,2015-07-20 06:00:00,Corrective,Completed
MNT-01444,MAC-35,2015-08-04 06:00:00,Preventive,Completed
MNT-01445,MAC-35,2015-08-04 06:00:00,Preventive,Completed
MNT-01446,MAC-35,2015-08-04 06:00:00,Corrective,Completed
MNT-01447,MAC-35,2015-08-19 06:00:00,Preventive,Completed
MNT-01448,MAC-35,2015-09-18 06:00:00,Preventive,Completed
MNT-01449,MAC-35,2015-09-18 06:00:00,Preventive,Completed
MNT-01450,MAC-35,2015-09-18 06:00:00,Corrective,Completed
MNT-01451,MAC-35,2015-09-18 06:00:00,Corrective,Completed
MNT-01452,MAC-35,2015-10-03 06:00:00,Preventive,Completed
MNT-01453,MAC-35,2015-11-02 06:00:00,Preventive,Completed
MNT-01454,MAC-35,2015-11-17 06:00:00,Preventive,Completed
MNT-01455,MAC-35,2015-12-02 06:00:00,Preventive,Completed
MNT-01456,MAC-35,2015-12-17 06:00:00,Preventive,Completed
MNT-01457,MAC-35,2015-12-17 06:00:00,Preventive,Completed
MNT-01458,MAC-35,2016-01-01 06:00:00,Preventive,Completed
MNT-01459,MAC-36,2014-07-16 06:00:00,Preventive,Completed
MNT-01460,MAC-36,2014-07-16 06:00:00,Preventive,Completed
MNT-01461,MAC-36,2014-09-29 06:00:00,Preventive,Completed
MNT-01462,MAC-36,2014-10-14 06:00:00,Preventive,Completed
MNT-01463,MAC-36,2015-01-22 06:00:00,Preventive,Completed
MNT-01464,MAC-36,2015-02-06 06:00:00,Preventive,Completed
MNT-01465,MAC-36,2015-02-21 06:00:00,Preventive,Completed
MNT-01466,MAC-36,2015-02-21 06:00:00,Preventive,Completed
MNT-01467,MAC-36,2015-02-21 06:00:00,Corrective,Completed
MNT-01468,MAC-36,2015-03-08 06:00:00,Preventive,Completed
MNT-01469,MAC-36,2015-04-07 06:00:00,Preventive,Completed
MNT-01470,MAC-36,2015-04-07 06:00:00,Preventive,Completed
MNT-01471,MAC-36,2015-04-22 06:00:00,Preventive,Completed
MNT-01472,MAC-36,2015-05-07 06:00:00,Preventive,Completed
MNT-01473,MAC-36,2015-05-07 06:00:00,Preventive,Completed
MNT-01474,MAC-36,2015-05-22 06:00:00,Preventive,Completed
MNT-01475,MAC-36,2015-06-06 06:00:00,Preventive,Completed
MNT-01476,MAC-36,2015-06-06 06:00:00,Preventive,Completed
MNT-01477,MAC-36,2015-06-06 06:00:00,Corrective,Completed
MNT-01478,MAC-36,2015-06-21 06:00:00,Preventive,Completed
MNT-01479,MAC-36,2015-06-21 06:00:00,Preventive,Completed
MNT-01480,MAC-36,2015-06-21 06:00:00,Corrective,Completed
MNT-01481,MAC-36,2015-07-06 06:00:00,Preventive,Completed
MNT-01482,MAC-36,2015-07-06 06:00:00,Preventive,Completed
MNT-01483,MAC-36,2015-07-21 06:00:00,Preventive,Completed
MNT-01484,MAC-36,2015-08-05 06:00:00,Preventive,Completed
MNT-01485,MAC-36,2015-08-20 06:00:00,Preventive,Completed
MNT-01486,MAC-36,2015-09-04 06:00:00,Preventive,Completed
MNT-01487,MAC-36,2015-09-04 06:00:00,Preventive,Completed
MNT-01488,MAC-36,2015-09-04 06:00:00,Corrective,Completed
MNT-01489,MAC-36,2015-09-19 06:00:00,Preventive,Completed
MNT-01490,MAC-36,2015-10-04 06:00:00,Preventive,Completed
MNT-01491,MAC-36,2015-10-04 06:00:00,Preventive,Completed
MNT-01492,MAC-36,2015-10-19 06:00:00,Preventive,Completed
MNT-01493,MAC-36,2015-11-18 06:00:00,Preventive,Completed
MNT-01494,MAC-36,2015-11-18 06:00:00,Preventive,Completed
MNT-01495,MAC-36,2015-12-03 06:00:00,Preventive,Completed
MNT-01496,MAC-36,2015-12-18 06:00:00,Preventive,Completed
MNT-01497,MAC-37,2014-06-01 06:00:00,Preventive,Completed
MNT-01498,MAC-37,2014-08-15 06:00:00,Preventive,Completed
MNT-01499,MAC-37,2014-08-30 06:00:00,Preventive,Completed
MNT-01500,MAC-37,2014-09-29 06:00:00,Preventive,Completed
MNT-01501,MAC-37,2015-01-04 06:00:00,Preventive,Completed
MNT-01502,MAC-37,2015-01-04 06:00:00,Corrective,Completed
MNT-01503,MAC-37,2015-01-19 06:00:00,Preventive,Completed
MNT-01504,MAC-37,2015-01-19 06:00:00,Preventive,Completed
MNT-01505,MAC-37,2015-02-03 06:00:00,Preventive,Completed
MNT-01506,MAC-37,2015-02-03 06:00:00,Preventive,Completed
MNT-01507,MAC-37,2015-02-03 06:00:00,Corrective,Completed
MNT-01508,MAC-37,2015-02-18 06:00:00,Preventive,Completed
MNT-01509,MAC-37,2015-02-18 06:00:00,Preventive,Completed
MNT-01510,MAC-37,2015-03-05 06:00:00,Preventive,Completed
MNT-01511,MAC-37,2015-03-05 06:00:00,Preventive,Completed
MNT-01512,MAC-37,2015-03-20 06:00:00,Preventive,Completed
MNT-01513,MAC-37,2015-03-20 06:00:00,Preventive,Completed
MNT-01514,MAC-37,2015-04-04 06:00:00,Preventive,Completed
MNT-01515,MAC-37,2015-04-19 06:00:00,Preventive,Completed
MNT-01516,MAC-37,2015-04-19 06:00:00,Preventive,Completed
MNT-01517,MAC-37,2015-04-19 06:00:00,Corrective,Completed
MNT-01518,MAC-37,2015-05-19 06:00:00,Preventive,Completed
MNT-01519,MAC-37,2015-05-19 06:00:00,Corrective,Completed
MNT-01520,MAC-37,2015-06-03 06:00:00,Preventive,Completed
MNT-01521,MAC-37,2015-06-03 06:00:00,Corrective,Completed
MNT-01522,MAC-37,2015-06-18 06:00:00,Preventive,Completed
MNT-01523,MAC-37,2015-06-18 06:00:00,Corrective,Completed
MNT-01524,MAC-37,2015-07-03 06:00:00,Preventive,Completed
MNT-01525,MAC-37,2015-07-03 06:00:00,Corrective,Completed
MNT-01526,MAC-37,2015-07-18 06:00:00,Preventive,Completed
MNT-01527,MAC-37,2015-07-18 06:00:00,Preventive,Completed
MNT-01528,MAC-37,2015-07-18 06:00:00,Corrective,Completed
MNT-01529,MAC-37,2015-08-02 06:00:00,Preventive,Completed
MNT-01530,MAC-37,2015-08-17 06:00:00,Preventive,Completed
MNT-01531,MAC-37,2015-08-17 06:00:00,Corrective,Completed
MNT-01532,MAC-37,2015-09-01 06:00:00,Preventive,Completed
MNT-01533,MAC-37,2015-09-16 06:00:00,Preventive,Completed
MNT-01534,MAC-37,2015-09-16 06:00:00,Preventive,Completed
MNT-01535,MAC-37,2015-09-16 06:00:00,Corrective,Completed
MNT-01536,MAC-37,2015-10-01 06:00:00,Preventive,Completed
MNT-01537,MAC-37,2015-10-01 06:00:00,Preventive,Completed
MNT-01538,MAC-37,2015-10-01 06:00:00,Corrective,Completed
MNT-01539,MAC-37,2015-11-15 06:00:00,Preventive,Completed
MNT-01540,MAC-37,2015-11-15 06:00:00,Corrective,Completed
MNT-01541,MAC-37,2015-11-30 06:00:00,Preventive,Completed
MNT-01542,MAC-37,2015-11-30 06:00:00,Corrective,Completed
MNT-01543,MAC-37,2015-12-15 06:00:00,Preventive,Completed
MNT-01544,MAC-37,2015-12-15 06:00:00,Corrective,Completed
MNT-01545,MAC-37,2015-12-30 06:00:00,Preventive,Completed
MNT-01546,MAC-38,2014-07-16 06:00:00,Preventive,Completed
MNT-01547,MAC-38,2014-10-14 06:00:00,Preventive,Completed
MNT-01548,MAC-38,2014-10-29 06:00:00,Preventive,Completed
MNT-01549,MAC-38,2014-11-28 06:00:00,Preventive,Completed
MNT-01550,MAC-38,2015-01-17 06:00:00,Preventive,Completed
MNT-01551,MAC-38,2015-01-17 06:00:00,Corrective,Completed
MNT-01552,MAC-38,2015-02-01 06:00:00,Preventive,Completed
MNT-01553,MAC-38,2015-02-16 06:00:00,Preventive,Completed
MNT-01554,MAC-38,2015-02-16 06:00:00,Preventive,Completed
MNT-01555,MAC-38,2015-03-03 06:00:00,Preventive,Completed
MNT-01556,MAC-38,2015-03-18 06:00:00,Preventive,Completed
MNT-01557,MAC-38,2015-04-02 06:00:00,Preventive,Completed
MNT-01558,MAC-38,2015-04-02 06:00:00,Corrective,Completed
MNT-01559,MAC-38,2015-04-17 06:00:00,Preventive,Completed
MNT-01560,MAC-38,2015-04-17 06:00:00,Preventive,Completed
MNT-01561,MAC-38,2015-04-17 06:00:00,Corrective,Completed
MNT-01562,MAC-38,2015-05-02 06:00:00,Preventive,Completed
MNT-01563,MAC-38,2015-05-02 06:00:00,Preventive,Completed
MNT-01564,MAC-38,2015-05-17 06:00:00,Preventive,Completed
MNT-01565,MAC-38,2015-05-17 06:00:00,Preventive,Completed
MNT-01566,MAC-38,2015-06-16 06:00:00,Preventive,Completed
MNT-01567,MAC-38,2015-07-01 06:00:00,Preventive,Completed
MNT-01568,MAC-38,2015-07-01 06:00:00,Corrective,Completed
MNT-01569,MAC-38,2015-07-16 06:00:00,Preventive,Completed
MNT-01570,MAC-38,2015-07-31 06:00:00,Preventive,Completed
MNT-01571,MAC-38,2015-08-30 06:00:00,Preventive,Completed
MNT-01572,MAC-38,2015-08-30 06:00:00,Corrective,Completed
MNT-01573,MAC-38,2015-09-14 06:00:00,Preventive,Completed
MNT-01574,MAC-38,2015-09-29 06:00:00,Preventive,Completed
MNT-01575,MAC-38,2015-10-14 06:00:00,Preventive,Completed
MNT-01576,MAC-38,2015-10-14 06:00:00,Preventive,Completed
MNT-01577,MAC-38,2015-10-29 06:00:00,Preventive,Completed
MNT-01578,MAC-38,2015-12-13 06:00:00,Preventive,Completed
MNT-01579,MAC-38,2015-12-13 06:00:00,Preventive,Completed
MNT-01580,MAC-38,2015-12-13 06:00:00,Corrective,Completed
MNT-01581,MAC-38,2015-12-13 06:00:00,Corrective,Completed
MNT-01582,MAC-39,2014-06-01 06:00:00,Preventive,Completed
MNT-01583,MAC-39,2014-06-16 06:00:00,Preventive,Completed
MNT-01584,MAC-39,2014-10-29 06:00:00,Preventive,Completed
MNT-01585,MAC-39,2014-11-28 06:00:00,Preventive,Completed
MNT-01586,MAC-39,2015-01-31 06:00:00,Preventive,Completed
MNT-01587,MAC-39,2015-01-31 06:00:00,Preventive,Completed
MNT-01588,MAC-39,2015-02-15 06:00:00,Preventive,Completed
MNT-01589,MAC-39,2015-03-02 06:00:00,Preventive,Completed
MNT-01590,MAC-39,2015-03-17 06:00:00,Preventive,Completed
MNT-01591,MAC-39,2015-04-01 06:00:00,Preventive,Completed
MNT-01592,MAC-39,2015-04-01 06:00:00,Preventive,Completed
MNT-01593,MAC-39,2015-04-01 06:00:00,Corrective,Completed
MNT-01594,MAC-39,2015-04-16 06:00:00,Preventive,Completed
MNT-01595,MAC-39,2015-04-16 06:00:00,Preventive,Completed
MNT-01596,MAC-39,2015-05-01 06:00:00,Preventive,Completed
MNT-01597,MAC-39,2015-05-16 06:00:00,Preventive,Completed
MNT-01598,MAC-39,2015-05-31 06:00:00,Preventive,Completed
MNT-01599,MAC-39,2015-06-15 06:00:00,Preventive,Completed
MNT-01600,MAC-39,2015-06-30 06:00:00,Preventive,Completed
MNT-01601,MAC-39,2015-07-30 06:00:00,Preventive,Completed
MNT-01602,MAC-39,2015-07-30 06:00:00,Preventive,Completed
MNT-01603,MAC-39,2015-07-30 06:00:00,Corrective,Completed
MNT-01604,MAC-39,2015-08-14 06:00:00,Preventive,Completed
MNT-01605,MAC-39,2015-08-29 06:00:00,Preventive,Completed
MNT-01606,MAC-39,2015-09-13 06:00:00,Preventive,Completed
MNT-01607,MAC-39,2015-09-13 06:00:00,Preventive,Completed
MNT-01608,MAC-39,2015-10-13 06:00:00,Preventive,Completed
MNT-01609,MAC-39,2015-10-13 06:00:00,Preventive,Completed
MNT-01610,MAC-39,2015-10-13 06:00:00,Corrective,Completed
MNT-01611,MAC-39,2015-11-12 06:00:00,Preventive,Completed
MNT-01612,MAC-39,2015-11-12 06:00:00,Preventive,Completed
MNT-01613,MAC-39,2015-11-27 06:00:00,Preventive,Completed
MNT-01614,MAC-39,2015-11-27 06:00:00,Preventive,Completed
MNT-01615,MAC-39,2015-12-12 06:00:00,Preventive,Completed
MNT-01616,MAC-39,2015-12-27 06:00:00,Preventive,Completed
MNT-01617,MAC-39,2015-12-27 06:00:00,Preventive,Completed
MNT-01618,MAC-39,2015-12-27 06:00:00,Corrective,Completed
MNT-01619,MAC-40,2014-06-01 06:00:00,Preventive,Completed
MNT-01620,MAC-40,2014-08-15 06:00:00,Preventive,Completed
MNT-01621,MAC-40,2014-10-14 06:00:00,Preventive,Completed
MNT-01622,MAC-40,2014-11-28 06:00:00,Preventive,Completed
MNT-01623,MAC-40,2015-01-04 06:00:00,Preventive,Completed
MNT-01624,MAC-40,2015-01-04 06:00:00,Preventive,Completed
MNT-01625,MAC-40,2015-01-04 06:00:00,Corrective,Completed
MNT-01626,MAC-40,2015-01-19 06:00:00,Preventive,Completed
MNT-01627,MAC-40,2015-01-19 06:00:00,Preventive,Completed
MNT-01628,MAC-40,2015-02-03 06:00:00,Preventive,Completed
MNT-01629,MAC-40,2015-02-18 06:00:00,Preventive,Completed
MNT-01630,MAC-40,2015-02-18 06:00:00,Preventive,Completed
MNT-01631,MAC-40,2015-02-18 06:00:00,Corrective,Completed
MNT-01632,MAC-40,2015-03-05 06:00:00,Preventive,Completed
MNT-01633,MAC-40,2015-04-04 06:00:00,Preventive,Completed
MNT-01634,MAC-40,2015-04-04 06:00:00,Corrective,Completed
MNT-01635,MAC-40,2015-04-19 06:00:00,Preventive,Completed
MNT-01636,MAC-40,2015-05-04 06:00:00,Preventive,Completed
MNT-01637,MAC-40,2015-06-03 06:00:00,Preventive,Completed
MNT-01638,MAC-40,2015-06-03 06:00:00,Preventive,Completed
MNT-01639,MAC-40,2015-06-03 06:00:00,Corrective,Completed
MNT-01640,MAC-40,2015-06-18 06:00:00,Preventive,Completed
MNT-01641,MAC-40,2015-06-18 06:00:00,Corrective,Completed
MNT-01642,MAC-40,2015-07-03 06:00:00,Preventive,Completed
MNT-01643,MAC-40,2015-07-03 06:00:00,Preventive,Completed
MNT-01644,MAC-40,2015-07-03 06:00:00,Corrective,Completed
MNT-01645,MAC-40,2015-07-18 06:00:00,Preventive,Completed
MNT-01646,MAC-40,2015-07-18 06:00:00,Preventive,Completed
MNT-01647,MAC-40,2015-08-02 06:00:00,Preventive,Completed
MNT-01648,MAC-40,2015-08-17 06:00:00,Preventive,Completed
MNT-01649,MAC-40,2015-08-17 06:00:00,Preventive,Completed
MNT-01650,MAC-40,2015-08-17 06:00:00,Corrective,Completed
MNT-01651,MAC-40,2015-09-01 06:00:00,Preventive,Completed
MNT-01652,MAC-40,2015-09-16 06:00:00,Preventive,Completed
MNT-01653,MAC-40,2015-09-16 06:00:00,Preventive,Completed
MNT-01654,MAC-40,2015-10-31 06:00:00,Preventive,Completed
MNT-01655,MAC-40,2015-11-15 06:00:00,Preventive,Completed
MNT-01656,MAC-40,2015-11-30 06:00:00,Preventive,Completed
MNT-01657,MAC-40,2015-11-30 06:00:00,Corrective,Completed
MNT-01658,MAC-40,2015-12-15 06:00:00,Preventive,Completed
MNT-01659,MAC-40,2015-12-15 06:00:00,Corrective,Completed
MNT-01660,MAC-40,2015-12-30 06:00:00,Preventive,Completed
MNT-01661,MAC-40,2015-12-30 06:00:00,Preventive,Completed
MNT-01662,MAC-41,2014-06-01 06:00:00,Preventive,Completed
MNT-01663,MAC-41,2014-07-31 06:00:00,Preventive,Completed
MNT-01664,MAC-41,2014-08-15 06:00:00,Preventive,Completed
MNT-01665,MAC-41,2014-09-29 06:00:00,Preventive,Completed
MNT-01666,MAC-41,2015-01-17 06:00:00,Preventive,Completed
MNT-01667,MAC-41,2015-02-01 06:00:00,Preventive,Completed
MNT-01668,MAC-41,2015-02-01 06:00:00,Corrective,Completed
MNT-01669,MAC-41,2015-03-03 06:00:00,Preventive,Completed
MNT-01670,MAC-41,2015-03-18 06:00:00,Preventive,Completed
MNT-01671,MAC-41,2015-03-18 06:00:00,Preventive,Completed
MNT-01672,MAC-41,2015-04-17 06:00:00,Preventive,Completed
MNT-01673,MAC-41,2015-05-02 06:00:00,Preventive,Completed
MNT-01674,MAC-41,2015-05-02 06:00:00,Corrective,Completed
MNT-01675,MAC-41,2015-05-17 06:00:00,Preventive,Completed
MNT-01676,MAC-41,2015-05-17 06:00:00,Preventive,Completed
MNT-01677,MAC-41,2015-06-01 06:00:00,Preventive,Completed
MNT-01678,MAC-41,2015-06-01 06:00:00,Preventive,Completed
MNT-01679,MAC-41,2015-06-16 06:00:00,Preventive,Completed
MNT-01680,MAC-41,2015-06-16 06:00:00,Preventive,Completed
MNT-01681,MAC-41,2015-07-01 06:00:00,Preventive,Completed
MNT-01682,MAC-41,2015-07-16 06:00:00,Preventive,Completed
MNT-01683,MAC-41,2015-07-31 06:00:00,Preventive,Completed
MNT-01684,MAC-41,2015-07-31 06:00:00,Preventive,Completed
MNT-01685,MAC-41,2015-08-15 06:00:00,Preventive,Completed
MNT-01686,MAC-41,2015-08-30 06:00:00,Preventive,Completed
MNT-01687,MAC-41,2015-09-14 06:00:00,Preventive,Completed
MNT-01688,MAC-41,2015-09-14 06:00:00,Preventive,Completed
MNT-01689,MAC-41,2015-09-29 06:00:00,Preventive,Completed
MNT-01690,MAC-41,2015-09-29 06:00:00,Preventive,Completed
MNT-01691,MAC-41,2015-10-29 06:00:00,Preventive,Completed
MNT-01692,MAC-41,2015-10-29 06:00:00,Preventive,Completed
MNT-01693,MAC-41,2015-10-29 06:00:00,Corrective,Completed
MNT-01694,MAC-41,2015-11-13 06:00:00,Preventive,Completed
MNT-01695,MAC-41,2015-11-13 06:00:00,Preventive,Completed
MNT-01696,MAC-41,2015-11-28 06:00:00,Preventive,Completed
MNT-01697,MAC-41,2015-12-28 06:00:00,Preventive,Completed
MNT-01698,MAC-41,2015-12-28 06:00:00,Preventive,Completed
MNT-01699,MAC-42,2014-07-01 06:00:00,Preventive,Completed
MNT-01700,MAC-42,2014-07-16 06:00:00,Preventive,Completed
MNT-01701,MAC-42,2014-09-14 06:00:00,Preventive,Completed
MNT-01702,MAC-42,2014-10-29 06:00:00,Preventive,Completed
MNT-01703,MAC-42,2015-01-21 06:00:00,Preventive,Completed
MNT-01704,MAC-42,2015-01-21 06:00:00,Preventive,Completed
MNT-01705,MAC-42,2015-01-21 06:00:00,Corrective,Completed
MNT-01706,MAC-42,2015-02-05 06:00:00,Preventive,Completed
MNT-01707,MAC-42,2015-02-05 06:00:00,Preventive,Completed
MNT-01708,MAC-42,2015-02-20 06:00:00,Preventive,Completed
MNT-01709,MAC-42,2015-03-07 06:00:00,Preventive,Completed
MNT-01710,MAC-42,2015-03-07 06:00:00,Preventive,Completed
MNT-01711,MAC-42,2015-03-22 06:00:00,Preventive,Completed
MNT-01712,MAC-42,2015-04-06 06:00:00,Preventive,Completed
MNT-01713,MAC-42,2015-04-06 06:00:00,Preventive,Completed
MNT-01714,MAC-42,2015-04-06 06:00:00,Corrective,Completed
MNT-01715,MAC-42,2015-04-21 06:00:00,Preventive,Completed
MNT-01716,MAC-42,2015-04-21 06:00:00,Preventive,Completed
MNT-01717,MAC-42,2015-05-06 06:00:00,Preventive,Completed
MNT-01718,MAC-42,2015-05-06 06:00:00,Preventive,Completed
MNT-01719,MAC-42,2015-05-06 06:00:00,Corrective,Completed
MNT-01720,MAC-42,2015-05-21 06:00:00,Preventive,Completed
MNT-01721,MAC-42,2015-06-05 06:00:00,Preventive,Completed
MNT-01722,MAC-42,2015-06-05 06:00:00,Corrective,Completed
MNT-01723,MAC-42,2015-06-20 06:00:00,Preventive,Completed
MNT-01724,MAC-42,2015-06-20 06:00:00,Preventive,Completed
MNT-01725,MAC-42,2015-06-20 06:00:00,Corrective,Completed
MNT-01726,MAC-42,2015-07-05 06:00:00,Preventive,Completed
MNT-01727,MAC-42,2015-07-20 06:00:00,Preventive,Completed
MNT-01728,MAC-42,2015-08-04 06:00:00,Preventive,Completed
MNT-01729,MAC-42,2015-08-19 06:00:00,Preventive,Completed
MNT-01730,MAC-42,2015-08-19 06:00:00,Corrective,Completed
MNT-01731,MAC-42,2015-09-03 06:00:00,Preventive,Completed
MNT-01732,MAC-42,2015-09-03 06:00:00,Preventive,Completed
MNT-01733,MAC-42,2015-09-18 06:00:00,Preventive,Completed
MNT-01734,MAC-42,2015-09-18 06:00:00,Preventive,Completed
MNT-01735,MAC-42,2015-09-18 06:00:00,Corrective,Completed
MNT-01736,MAC-42,2015-10-03 06:00:00,Preventive,Completed
MNT-01737,MAC-42,2015-10-03 06:00:00,Preventive,Completed
MNT-01738,MAC-42,2015-10-18 06:00:00,Preventive,Completed
MNT-01739,MAC-42,2015-11-02 06:00:00,Preventive,Completed
MNT-01740,MAC-42,2015-11-17 06:00:00,Preventive,Completed
MNT-01741,MAC-42,2015-11-17 06:00:00,Corrective,Completed
MNT-01742,MAC-42,2015-12-02 06:00:00,Preventive,Completed
MNT-01743,MAC-42,2015-12-17 06:00:00,Preventive,Completed
MNT-01744,MAC-42,2015-12-17 06:00:00,Corrective,Completed
MNT-01745,MAC-42,2016-01-01 06:00:00,Preventive,Completed
MNT-01746,MAC-43,2014-06-16 06:00:00,Preventive,Completed
MNT-01747,MAC-43,2014-07-16 06:00:00,Preventive,Completed
MNT-01748,MAC-43,2014-07-31 06:00:00,Preventive,Completed
MNT-01749,MAC-43,2014-10-29 06:00:00,Preventive,Completed
MNT-01750,MAC-43,2015-01-21 06:00:00,Preventive,Completed
MNT-01751,MAC-43,2015-02-05 06:00:00,Preventive,Completed
MNT-01752,MAC-43,2015-02-05 06:00:00,Corrective,Completed
MNT-01753,MAC-43,2015-02-20 06:00:00,Preventive,Completed
MNT-01754,MAC-43,2015-02-20 06:00:00,Preventive,Completed
MNT-01755,MAC-43,2015-02-20 06:00:00,Corrective,Completed
MNT-01756,MAC-43,2015-03-07 06:00:00,Preventive,Completed
MNT-01757,MAC-43,2015-03-22 06:00:00,Preventive,Completed
MNT-01758,MAC-43,2015-03-22 06:00:00,Preventive,Completed
MNT-01759,MAC-43,2015-03-22 06:00:00,Corrective,Completed
MNT-01760,MAC-43,2015-04-06 06:00:00,Preventive,Completed
MNT-01761,MAC-43,2015-04-21 06:00:00,Preventive,Completed
MNT-01762,MAC-43,2015-04-21 06:00:00,Preventive,Completed
MNT-01763,MAC-43,2015-05-06 06:00:00,Preventive,Completed
MNT-01764,MAC-43,2015-05-06 06:00:00,Preventive,Completed
MNT-01765,MAC-43,2015-05-21 06:00:00,Preventive,Completed
MNT-01766,MAC-43,2015-05-21 06:00:00,Preventive,Completed
MNT-01767,MAC-43,2015-05-21 06:00:00,Corrective,Completed
MNT-01768,MAC-43,2015-06-05 06:00:00,Preventive,Completed
MNT-01769,MAC-43,2015-06-05 06:00:00,Preventive,Completed
MNT-01770,MAC-43,2015-06-05 06:00:00,Corrective,Completed
MNT-01771,MAC-43,2015-06-20 06:00:00,Preventive,Completed
MNT-01772,MAC-43,2015-07-05 06:00:00,Preventive,Completed
MNT-01773,MAC-43,2015-07-20 06:00:00,Preventive,Completed
MNT-01774,MAC-43,2015-07-20 06:00:00,Corrective,Completed
MNT-01775,MAC-43,2015-08-04 06:00:00,Preventive,Completed
MNT-01776,MAC-43,2015-08-04 06:00:00,Corrective,Completed
MNT-01777,MAC-43,2015-08-19 06:00:00,Preventive,Completed
MNT-01778,MAC-43,2015-09-18 06:00:00,Preventive,Completed
MNT-01779,MAC-43,2015-10-03 06:00:00,Preventive,Completed
MNT-01780,MAC-43,2015-10-03 06:00:00,Corrective,Completed
MNT-01781,MAC-43,2015-10-18 06:00:00,Preventive,Completed
MNT-01782,MAC-43,2015-11-02 06:00:00,Preventive,Completed
MNT-01783,MAC-43,2015-11-02 06:00:00,Preventive,Completed
MNT-01784,MAC-43,2015-11-02 06:00:00,Corrective,Completed
MNT-01785,MAC-43,2015-11-17 06:00:00,Preventive,Completed
MNT-01786,MAC-43,2015-11-17 06:00:00,Corrective,Completed
MNT-01787,MAC-43,2015-12-02 06:00:00,Preventive,Completed
MNT-01788,MAC-43,2015-12-17 06:00:00,Preventive,Completed
MNT-01789,MAC-43,2016-01-01 06:00:00,Preventive,Completed
MNT-01790,MAC-44,2014-06-16 06:00:00,Preventive,Completed
MNT-01791,MAC-44,2014-07-16 06:00:00,Preventive,Completed
MNT-01792,MAC-44,2014-08-30 06:00:00,Preventive,Completed
MNT-01793,MAC-44,2014-12-13 06:00:00,Preventive,Completed
MNT-01794,MAC-44,2015-01-30 06:00:00,Preventive,Completed
MNT-01795,MAC-44,2015-01-30 06:00:00,Preventive,Completed
MNT-01796,MAC-44,2015-02-14 06:00:00,Preventive,Completed
MNT-01797,MAC-44,2015-03-01 06:00:00,Preventive,Completed
MNT-01798,MAC-44,2015-03-16 06:00:00,Preventive,Completed
MNT-01799,MAC-44,2015-03-16 06:00:00,Corrective,Completed
MNT-01800,MAC-44,2015-03-31 06:00:00,Preventive,Completed
MNT-01801,MAC-44,2015-03-31 06:00:00,Preventive,Completed
MNT-01802,MAC-44,2015-04-15 06:00:00,Preventive,Completed
MNT-01803,MAC-44,2015-04-30 06:00:00,Preventive,Completed
MNT-01804,MAC-44,2015-05-30 06:00:00,Preventive,Completed
MNT-01805,MAC-44,2015-06-14 06:00:00,Preventive,Completed
MNT-01806,MAC-44,2015-06-14 06:00:00,Corrective,Completed
MNT-01807,MAC-44,2015-06-29 06:00:00,Preventive,Completed
MNT-01808,MAC-44,2015-06-29 06:00:00,Preventive,Completed
MNT-01809,MAC-44,2015-07-14 06:00:00,Preventive,Completed
MNT-01810,MAC-44,2015-07-29 06:00:00,Preventive,Completed
MNT-01811,MAC-44,2015-07-29 06:00:00,Preventive,Completed
MNT-01812,MAC-44,2015-07-29 06:00:00,Corrective,Completed
MNT-01813,MAC-44,2015-08-13 06:00:00,Preventive,Completed
MNT-01814,MAC-44,2015-08-28 06:00:00,Preventive,Completed
MNT-01815,MAC-44,2015-08-28 06:00:00,Preventive,Completed
MNT-01816,MAC-44,2015-08-28 06:00:00,Corrective,Completed
MNT-01817,MAC-44,2015-09-12 06:00:00,Preventive,Completed
MNT-01818,MAC-44,2015-09-12 06:00:00,Preventive,Completed
MNT-01819,MAC-44,2015-09-27 06:00:00,Preventive,Completed
MNT-01820,MAC-44,2015-10-12 06:00:00,Preventive,Completed
MNT-01821,MAC-44,2015-10-27 06:00:00,Preventive,Completed
MNT-01822,MAC-44,2015-11-26 06:00:00,Preventive,Completed
MNT-01823,MAC-44,2015-12-11 06:00:00,Preventive,Completed
MNT-01824,MAC-44,2015-12-11 06:00:00,Preventive,Completed
MNT-01825,MAC-44,2015-12-26 06:00:00,Preventive,Completed
MNT-01826,MAC-44,2015-12-26 06:00:00,Preventive,Completed
MNT-01827,MAC-45,2014-08-30 06:00:00,Preventive,Completed
MNT-01828,MAC-45,2014-11-28 06:00:00,Preventive,Completed
MNT-01829,MAC-45,2014-12-13 06:00:00,Preventive,Completed
MNT-01830,MAC-45,2014-12-28 06:00:00,Preventive,Completed
MNT-01831,MAC-45,2015-01-02 03:00:00,Corrective,Completed
MNT-01832,MAC-45,2015-01-22 06:00:00,Preventive,Completed
MNT-01833,MAC-45,2015-01-22 06:00:00,Corrective,Completed
MNT-01834,MAC-45,2015-02-06 06:00:00,Preventive,Completed
MNT-01835,MAC-45,2015-02-21 06:00:00,Preventive,Completed
MNT-01836,MAC-45,2015-02-21 06:00:00,Preventive,Completed
MNT-01837,MAC-45,2015-02-21 06:00:00,Corrective,Completed
MNT-01838,MAC-45,2015-03-08 06:00:00,Preventive,Completed
MNT-01839,MAC-45,2015-03-08 06:00:00,Preventive,Completed
MNT-01840,MAC-45,2015-03-23 06:00:00,Preventive,Completed
MNT-01841,MAC-45,2015-04-07 06:00:00,Preventive,Completed
MNT-01842,MAC-45,2015-04-22 06:00:00,Preventive,Completed
MNT-01843,MAC-45,2015-05-07 06:00:00,Preventive,Completed
MNT-01844,MAC-45,2015-05-22 06:00:00,Preventive,Completed
MNT-01845,MAC-45,2015-05-22 06:00:00,Corrective,Completed
MNT-01846,MAC-45,2015-06-06 06:00:00,Preventive,Completed
MNT-01847,MAC-45,2015-06-21 06:00:00,Preventive,Completed
MNT-01848,MAC-45,2015-07-06 06:00:00,Preventive,Completed
MNT-01849,MAC-45,2015-07-21 06:00:00,Preventive,Completed
MNT-01850,MAC-45,2015-07-21 06:00:00,Preventive,Completed
MNT-01851,MAC-45,2015-07-21 06:00:00,Corrective,Completed
MNT-01852,MAC-45,2015-08-05 06:00:00,Preventive,Completed
MNT-01853,MAC-45,2015-08-20 06:00:00,Preventive,Completed
MNT-01854,MAC-45,2015-09-04 06:00:00,Preventive,Completed
MNT-01855,MAC-45,2015-09-19 06:00:00,Preventive,Completed
MNT-01856,MAC-45,2015-10-19 06:00:00,Preventive,Completed
MNT-01857,MAC-45,2015-10-19 06:00:00,Corrective,Completed
MNT-01858,MAC-45,2015-11-03 06:00:00,Preventive,Completed
MNT-01859,MAC-45,2015-11-03 06:00:00,Preventive,Completed
MNT-01860,MAC-45,2015-11-03 06:00:00,Corrective,Completed
MNT-01861,MAC-45,2015-11-18 06:00:00,Preventive,Completed
MNT-01862,MAC-45,2015-12-03 06:00:00,Preventive,Completed
MNT-01863,MAC-45,2015-12-18 06:00:00,Preventive,Completed
MNT-01864,MAC-45,2015-12-18 06:00:00,Preventive,Completed
MNT-01865,MAC-46,2014-06-16 06:00:00,Preventive,Completed
MNT-01866,MAC-46,2014-06-16 06:00:00,Preventive,Completed
MNT-01867,MAC-46,2014-09-29 06:00:00,Preventive,Completed
MNT-01868,MAC-46,2014-10-14 06:00:00,Preventive,Completed
MNT-01869,MAC-46,2015-02-07 06:00:00,Preventive,Completed
MNT-01870,MAC-46,2015-02-07 06:00:00,Preventive,Completed
MNT-01871,MAC-46,2015-02-22 06:00:00,Preventive,Completed
MNT-01872,MAC-46,2015-02-22 06:00:00,Corrective,Completed
MNT-01873,MAC-46,2015-03-09 06:00:00,Preventive,Completed
MNT-01874,MAC-46,2015-03-24 06:00:00,Preventive,Completed
MNT-01875,MAC-46,2015-04-08 06:00:00,Preventive,Completed
MNT-01876,MAC-46,2015-04-23 06:00:00,Preventive,Completed
MNT-01877,MAC-46,2015-05-08 06:00:00,Preventive,Completed
MNT-01878,MAC-46,2015-05-08 06:00:00,Preventive,Completed
MNT-01879,MAC-46,2015-05-23 06:00:00,Preventive,Completed
MNT-01880,MAC-46,2015-05-23 06:00:00,Preventive,Completed
MNT-01881,MAC-46,2015-06-07 06:00:00,Preventive,Completed
MNT-01882,MAC-46,2015-06-07 06:00:00,Preventive,Completed
MNT-01883,MAC-46,2015-06-22 06:00:00,Preventive,Completed
MNT-01884,MAC-46,2015-06-22 06:00:00,Preventive,Completed
MNT-01885,MAC-46,2015-07-07 06:00:00,Preventive,Completed
MNT-01886,MAC-46,2015-07-07 06:00:00,Preventive,Completed
MNT-01887,MAC-46,2015-07-22 06:00:00,Preventive,Completed
MNT-01888,MAC-46,2015-08-06 06:00:00,Preventive,Completed
MNT-01889,MAC-46,2015-08-21 06:00:00,Preventive,Completed
MNT-01890,MAC-46,2015-09-05 06:00:00,Preventive,Completed
MNT-01891,MAC-46,2015-09-20 06:00:00,Preventive,Completed
MNT-01892,MAC-46,2015-10-05 06:00:00,Preventive,Completed
MNT-01893,MAC-46,2015-10-05 06:00:00,Preventive,Completed
MNT-01894,MAC-46,2015-10-20 06:00:00,Preventive,Completed
MNT-01895,MAC-46,2015-10-20 06:00:00,Preventive,Completed
MNT-01896,MAC-46,2015-11-04 06:00:00,Preventive,Completed
MNT-01897,MAC-46,2015-11-19 06:00:00,Preventive,Completed
MNT-01898,MAC-46,2015-11-19 06:00:00,Preventive,Completed
MNT-01899,MAC-46,2015-11-19 06:00:00,Corrective,Completed
MNT-01900,MAC-46,2015-12-04 06:00:00,Preventive,Completed
MNT-01901,MAC-46,2015-12-04 06:00:00,Preventive,Completed
MNT-01902,MAC-46,2015-12-19 06:00:00,Preventive,Completed
MNT-01903,MAC-47,2014-06-01 06:00:00,Preventive,Completed
MNT-01904,MAC-47,2014-07-31 06:00:00,Preventive,Completed
MNT-01905,MAC-47,2014-10-29 06:00:00,Preventive,Completed
MNT-01906,MAC-47,2014-11-13 06:00:00,Preventive,Completed
MNT-01907,MAC-47,2015-01-24 06:00:00,Preventive,Completed
MNT-01908,MAC-47,2015-01-24 06:00:00,Corrective,Completed
MNT-01909,MAC-47,2015-02-08 06:00:00,Preventive,Completed
MNT-01910,MAC-47,2015-02-23 06:00:00,Preventive,Completed
MNT-01911,MAC-47,2015-03-25 06:00:00,Preventive,Completed
MNT-01912,MAC-47,2015-03-25 06:00:00,Corrective,Completed
MNT-01913,MAC-47,2015-04-09 06:00:00,Preventive,Completed
MNT-01914,MAC-47,2015-04-09 06:00:00,Corrective,Completed
MNT-01915,MAC-47,2015-05-09 06:00:00,Preventive,Completed
MNT-01916,MAC-47,2015-05-24 06:00:00,Preventive,Completed
MNT-01917,MAC-47,2015-06-08 06:00:00,Preventive,Completed
MNT-01918,MAC-47,2015-06-23 06:00:00,Preventive,Completed
MNT-01919,MAC-47,2015-06-23 06:00:00,Corrective,Completed
MNT-01920,MAC-47,2015-07-08 06:00:00,Preventive,Completed
MNT-01921,MAC-47,2015-07-08 06:00:00,Preventive,Completed
MNT-01922,MAC-47,2015-07-08 06:00:00,Corrective,Completed
MNT-01923,MAC-47,2015-07-23 06:00:00,Preventive,Completed
MNT-01924,MAC-47,2015-08-07 06:00:00,Preventive,Completed
MNT-01925,MAC-47,2015-08-07 06:00:00,Corrective,Completed
MNT-01926,MAC-47,2015-08-22 06:00:00,Preventive,Completed
MNT-01927,MAC-47,2015-08-22 06:00:00,Preventive,Completed
MNT-01928,MAC-47,2015-09-06 06:00:00,Preventive,Completed
MNT-01929,MAC-47,2015-09-21 06:00:00,Preventive,Completed
MNT-01930,MAC-47,2015-09-21 06:00:00,Corrective,Completed
MNT-01931,MAC-47,2015-10-06 06:00:00,Preventive,Completed
MNT-01932,MAC-47,2015-10-21 06:00:00,Preventive,Completed
MNT-01933,MAC-47,2015-10-21 06:00:00,Preventive,Completed
MNT-01934,MAC-47,2015-10-21 06:00:00,Corrective,Completed
MNT-01935,MAC-47,2015-11-05 06:00:00,Preventive,Completed
MNT-01936,MAC-47,2015-11-20 06:00:00,Preventive,Completed
MNT-01937,MAC-47,2015-11-20 06:00:00,Corrective,Completed
MNT-01938,MAC-47,2015-12-20 06:00:00,Preventive,Completed
MNT-01939,MAC-47,2015-12-20 06:00:00,Corrective,Completed
MNT-01940,MAC-48,2014-06-01 06:00:00,Preventive,Completed
MNT-01941,MAC-48,2014-10-29 06:00:00,Preventive,Completed
MNT-01942,MAC-48,2014-11-13 06:00:00,Preventive,Completed
MNT-01943,MAC-48,2014-12-28 06:00:00,Preventive,Completed
MNT-01944,MAC-48,2015-01-11 06:00:00,Preventive,Completed
MNT-01945,MAC-48,2015-01-11 06:00:00,Corrective,Completed
MNT-01946,MAC-48,2015-01-26 06:00:00,Preventive,Completed
MNT-01947,MAC-48,2015-02-10 06:00:00,Preventive,Completed
MNT-01948,MAC-48,2015-02-25 06:00:00,Preventive,Completed
MNT-01949,MAC-48,2015-03-12 06:00:00,Preventive,Completed
MNT-01950,MAC-48,2015-03-12 06:00:00,Corrective,Completed
MNT-01951,MAC-48,2015-03-27 06:00:00,Preventive,Completed
MNT-01952,MAC-48,2015-03-27 06:00:00,Preventive,Completed
MNT-01953,MAC-48,2015-04-11 06:00:00,Preventive,Completed
MNT-01954,MAC-48,2015-05-11 06:00:00,Preventive,Completed
MNT-01955,MAC-48,2015-05-11 06:00:00,Preventive,Completed
MNT-01956,MAC-48,2015-05-11 06:00:00,Corrective,Completed
MNT-01957,MAC-48,2015-05-26 06:00:00,Preventive,Completed
MNT-01958,MAC-48,2015-06-10 06:00:00,Preventive,Completed
MNT-01959,MAC-48,2015-07-10 06:00:00,Preventive,Completed
MNT-01960,MAC-48,2015-07-10 06:00:00,Corrective,Completed
MNT-01961,MAC-48,2015-07-25 06:00:00,Preventive,Completed
MNT-01962,MAC-48,2015-07-25 06:00:00,Preventive,Completed
MNT-01963,MAC-48,2015-07-25 06:00:00,Corrective,Completed
MNT-01964,MAC-48,2015-08-09 06:00:00,Preventive,Completed
MNT-01965,MAC-48,2015-08-24 06:00:00,Preventive,Completed
MNT-01966,MAC-48,2015-08-24 06:00:00,Preventive,Completed
MNT-01967,MAC-48,2015-09-08 06:00:00,Preventive,Completed
MNT-01968,MAC-48,2015-09-08 06:00:00,Preventive,Completed
MNT-01969,MAC-48,2015-09-08 06:00:00,Corrective,Completed
MNT-01970,MAC-48,2015-09-23 06:00:00,Preventive,Completed
MNT-01971,MAC-48,2015-10-08 06:00:00,Preventive,Completed
MNT-01972,MAC-48,2015-10-08 06:00:00,Preventive,Completed
MNT-01973,MAC-48,2015-10-23 06:00:00,Preventive,Completed
MNT-01974,MAC-48,2015-11-07 06:00:00,Preventive,Completed
MNT-01975,MAC-48,2015-11-07 06:00:00,Preventive,Completed
MNT-01976,MAC-48,2015-11-07 06:00:00,Corrective,Completed
MNT-01977,MAC-48,2015-11-22 06:00:00,Preventive,Completed
MNT-01978,MAC-48,2015-12-07 06:00:00,Preventive,Completed
MNT-01979,MAC-48,2015-12-22 06:00:00,Preventive,Completed
MNT-01980,MAC-49,2014-07-31 06:00:00,Preventive,Completed
MNT-01981,MAC-49,2014-08-30 06:00:00,Preventive,Completed
MNT-01982,MAC-49,2014-10-29 06:00:00,Preventive,Completed
MNT-01983,MAC-49,2014-11-28 06:00:00,Preventive,Completed
MNT-01984,MAC-49,2015-01-30 06:00:00,Preventive,Completed
MNT-01985,MAC-49,2015-02-14 06:00:00,Preventive,Completed
MNT-01986,MAC-49,2015-03-01 06:00:00,Preventive,Completed
MNT-01987,MAC-49,2015-03-01 06:00:00,Corrective,Completed
MNT-01988,MAC-49,2015-03-16 06:00:00,Preventive,Completed
MNT-01989,MAC-49,2015-03-16 06:00:00,Corrective,Completed
MNT-01990,MAC-49,2015-03-31 06:00:00,Preventive,Completed
MNT-01991,MAC-49,2015-04-15 06:00:00,Preventive,Completed
MNT-01992,MAC-49,2015-04-15 06:00:00,Preventive,Completed
MNT-01993,MAC-49,2015-04-15 06:00:00,Corrective,Completed
MNT-01994,MAC-49,2015-04-30 06:00:00,Preventive,Completed
MNT-01995,MAC-49,2015-05-15 06:00:00,Preventive,Completed
MNT-01996,MAC-49,2015-05-15 06:00:00,Preventive,Completed
MNT-01997,MAC-49,2015-05-15 06:00:00,Corrective,Completed
MNT-01998,MAC-49,2015-05-30 06:00:00,Preventive,Completed
MNT-01999,MAC-49,2015-06-29 06:00:00,Preventive,Completed
MNT-02000,MAC-49,2015-06-29 06:00:00,Preventive,Completed
MNT-02001,MAC-49,2015-07-14 06:00:00,Preventive,Completed
MNT-02002,MAC-49,2015-07-14 06:00:00,Corrective,Completed
MNT-02003,MAC-49,2015-07-29 06:00:00,Preventive,Completed
MNT-02004,MAC-49,2015-07-29 06:00:00,Preventive,Completed
MNT-02005,MAC-49,2015-07-29 06:00:00,Corrective,Completed
MNT-02006,MAC-49,2015-09-12 06:00:00,Preventive,Completed
MNT-02007,MAC-49,2015-09-12 06:00:00,Preventive,Completed
MNT-02008,MAC-49,2015-09-12 06:00:00,Corrective,Completed
MNT-02009,MAC-49,2015-09-12 06:00:00,Corrective,Completed
MNT-02010,MAC-49,2015-10-12 06:00:00,Preventive,Completed
MNT-02011,MAC-49,2015-10-12 06:00:00,Corrective,Completed
MNT-02012,MAC-49,2015-11-11 06:00:00,Preventive,Completed
MNT-02013,MAC-49,2015-11-11 06:00:00,Corrective,Completed
MNT-02014,MAC-49,2015-11-26 06:00:00,Preventive,Completed
MNT-02015,MAC-49,2015-11-26 06:00:00,Corrective,Completed
MNT-02016,MAC-49,2015-12-11 06:00:00,Preventive,Completed
MNT-02017,MAC-49,2015-12-26 06:00:00,Preventive,Completed
MNT-02018,MAC-49,2015-12-26 06:00:00,Preventive,Completed
MNT-02019,MAC-49,2015-12-26 06:00:00,Corrective,Completed
MNT-02020,MAC-50,2014-07-01 06:00:00,Preventive,Completed
MNT-02021,MAC-50,2014-08-30 06:00:00,Preventive,Completed
MNT-02022,MAC-50,2014-09-14 06:00:00,Preventive,Completed
MNT-02023,MAC-50,2014-10-29 06:00:00,Preventive,Completed
MNT-02024,MAC-50,2015-01-30 06:00:00,Preventive,Completed
MNT-02025,MAC-50,2015-01-30 06:00:00,Preventive,Completed
MNT-02026,MAC-50,2015-01-30 06:00:00,Corrective,Completed
MNT-02027,MAC-50,2015-02-14 06:00:00,Preventive,Completed
MNT-02028,MAC-50,2015-03-01 06:00:00,Preventive,Completed
MNT-02029,MAC-50,2015-03-16 06:00:00,Preventive,Completed
MNT-02030,MAC-50,2015-03-16 06:00:00,Preventive,Completed
MNT-02031,MAC-50,2015-03-31 06:00:00,Preventive,Completed
MNT-02032,MAC-50,2015-04-30 06:00:00,Preventive,Completed
MNT-02033,MAC-50,2015-04-30 06:00:00,Preventive,Completed
MNT-02034,MAC-50,2015-04-30 06:00:00,Corrective,Completed
MNT-02035,MAC-50,2015-05-15 06:00:00,Preventive,Completed
MNT-02036,MAC-50,2015-05-15 06:00:00,Preventive,Completed
MNT-02037,MAC-50,2015-05-30 06:00:00,Preventive,Completed
MNT-02038,MAC-50,2015-05-30 06:00:00,Preventive,Completed
MNT-02039,MAC-50,2015-06-14 06:00:00,Preventive,Completed
MNT-02040,MAC-50,2015-06-29 06:00:00,Preventive,Completed
MNT-02041,MAC-50,2015-07-14 06:00:00,Preventive,Completed
MNT-02042,MAC-50,2015-07-29 06:00:00,Preventive,Completed
MNT-02043,MAC-50,2015-08-13 06:00:00,Preventive,Completed
MNT-02044,MAC-50,2015-08-28 06:00:00,Preventive,Completed
MNT-02045,MAC-50,2015-08-28 06:00:00,Preventive,Completed
MNT-02046,MAC-50,2015-09-12 06:00:00,Preventive,Completed
MNT-02047,MAC-50,2015-09-12 06:00:00,Corrective,Completed
MNT-02048,MAC-50,2015-09-27 06:00:00,Preventive,Completed
MNT-02049,MAC-50,2015-10-12 06:00:00,Preventive,Completed
MNT-02050,MAC-50,2015-10-12 06:00:00,Preventive,Completed
MNT-02051,MAC-50,2015-10-12 06:00:00,Corrective,Completed
MNT-02052,MAC-50,2015-11-11 06:00:00,Preventive,Completed
MNT-02053,MAC-50,2015-11-26 06:00:00,Preventive,Completed
MNT-02054,MAC-50,2015-12-11 06:00:00,Preventive,Completed
MNT-02055,MAC-51,2014-06-16 06:00:00,Preventive,Completed
MNT-02056,MAC-51,2014-09-14 06:00:00,Preventive,Completed
MNT-02057,MAC-51,2014-10-14 06:00:00,Preventive,Completed
MNT-02058,MAC-51,2014-11-28 06:00:00,Preventive,Completed
MNT-02059,MAC-51,2015-01-01 06:00:00,Preventive,Completed
MNT-02060,MAC-51,2015-01-01 06:00:00,Preventive,Completed
MNT-02061,MAC-51,2015-01-02 03:00:00,Corrective,Completed
MNT-02062,MAC-51,2015-01-16 06:00:00,Preventive,Completed
MNT-02063,MAC-51,2015-01-31 06:00:00,Preventive,Completed
MNT-02064,MAC-51,2015-03-02 06:00:00,Preventive,Completed
MNT-02065,MAC-51,2015-03-02 06:00:00,Corrective,Completed
MNT-02066,MAC-51,2015-03-17 06:00:00,Preventive,Completed
MNT-02067,MAC-51,2015-04-01 06:00:00,Preventive,Completed
MNT-02068,MAC-51,2015-04-01 06:00:00,Corrective,Completed
MNT-02069,MAC-51,2015-04-16 06:00:00,Preventive,Completed
MNT-02070,MAC-51,2015-05-01 06:00:00,Preventive,Completed
MNT-02071,MAC-51,2015-05-16 06:00:00,Preventive,Completed
MNT-02072,MAC-51,2015-05-31 06:00:00,Preventive,Completed
MNT-02073,MAC-51,2015-05-31 06:00:00,Corrective,Completed
MNT-02074,MAC-51,2015-06-15 06:00:00,Preventive,Completed
MNT-02075,MAC-51,2015-06-30 06:00:00,Preventive,Completed
MNT-02076,MAC-51,2015-06-30 06:00:00,Preventive,Completed
MNT-02077,MAC-51,2015-06-30 06:00:00,Corrective,Completed
MNT-02078,MAC-51,2015-07-15 06:00:00,Preventive,Completed
MNT-02079,MAC-51,2015-07-15 06:00:00,Corrective,Completed
MNT-02080,MAC-51,2015-07-30 06:00:00,Preventive,Completed
MNT-02081,MAC-51,2015-08-14 06:00:00,Preventive,Completed
MNT-02082,MAC-51,2015-08-29 06:00:00,Preventive,Completed
MNT-02083,MAC-51,2015-09-13 06:00:00,Preventive,Completed
MNT-02084,MAC-51,2015-09-13 06:00:00,Corrective,Completed
MNT-02085,MAC-51,2015-09-28 06:00:00,Preventive,Completed
MNT-02086,MAC-51,2015-09-28 06:00:00,Corrective,Completed
MNT-02087,MAC-51,2015-10-13 06:00:00,Preventive,Completed
MNT-02088,MAC-51,2015-10-28 06:00:00,Preventive,Completed
MNT-02089,MAC-51,2015-11-12 06:00:00,Preventive,Completed
MNT-02090,MAC-51,2015-11-27 06:00:00,Preventive,Completed
MNT-02091,MAC-51,2015-11-27 06:00:00,Corrective,Completed
MNT-02092,MAC-51,2015-12-12 06:00:00,Preventive,Completed
MNT-02093,MAC-51,2015-12-12 06:00:00,Preventive,Completed
MNT-02094,MAC-51,2015-12-12 06:00:00,Corrective,Completed
MNT-02095,MAC-51,2015-12-27 06:00:00,Preventive,Completed
MNT-02096,MAC-52,2014-06-01 06:00:00,Preventive,Completed
MNT-02097,MAC-52,2014-10-29 06:00:00,Preventive,Completed
MNT-02098,MAC-52,2014-11-13 06:00:00,Preventive,Completed
MNT-02099,MAC-52,2014-11-28 06:00:00,Preventive,Completed
MNT-02100,MAC-52,2015-01-19 06:00:00,Preventive,Completed
MNT-02101,MAC-52,2015-01-19 06:00:00,Preventive,Completed
MNT-02102,MAC-52,2015-01-19 06:00:00,Corrective,Completed
MNT-02103,MAC-52,2015-01-19 06:00:00,Corrective,Completed
MNT-02104,MAC-52,2015-02-03 06:00:00,Preventive,Completed
MNT-02105,MAC-52,2015-02-18 06:00:00,Preventive,Completed
MNT-02106,MAC-52,2015-02-18 06:00:00,Preventive,Completed
MNT-02107,MAC-52,2015-03-05 06:00:00,Preventive,Completed
MNT-02108,MAC-52,2015-03-20 06:00:00,Preventive,Completed
MNT-02109,MAC-52,2015-03-20 06:00:00,Preventive,Completed
MNT-02110,MAC-52,2015-04-04 06:00:00,Preventive,Completed
MNT-02111,MAC-52,2015-04-04 06:00:00,Preventive,Completed
MNT-02112,MAC-52,2015-04-19 06:00:00,Preventive,Completed
MNT-02113,MAC-52,2015-04-19 06:00:00,Preventive,Completed
MNT-02114,MAC-52,2015-05-04 06:00:00,Preventive,Completed
MNT-02115,MAC-52,2015-05-19 06:00:00,Preventive,Completed
MNT-02116,MAC-52,2015-06-03 06:00:00,Preventive,Completed
MNT-02117,MAC-52,2015-06-18 06:00:00,Preventive,Completed
MNT-02118,MAC-52,2015-07-03 06:00:00,Preventive,Completed
MNT-02119,MAC-52,2015-07-03 06:00:00,Preventive,Completed
MNT-02120,MAC-52,2015-07-18 06:00:00,Preventive,Completed
MNT-02121,MAC-52,2015-07-18 06:00:00,Corrective,Completed
MNT-02122,MAC-52,2015-08-02 06:00:00,Preventive,Completed
MNT-02123,MAC-52,2015-08-02 06:00:00,Preventive,Completed
MNT-02124,MAC-52,2015-08-02 06:00:00,Corrective,Completed
MNT-02125,MAC-52,2015-08-17 06:00:00,Preventive,Completed
MNT-02126,MAC-52,2015-09-01 06:00:00,Preventive,Completed
MNT-02127,MAC-52,2015-09-16 06:00:00,Preventive,Completed
MNT-02128,MAC-52,2015-10-01 06:00:00,Preventive,Completed
MNT-02129,MAC-52,2015-10-16 06:00:00,Preventive,Completed
MNT-02130,MAC-52,2015-10-31 06:00:00,Preventive,Completed
MNT-02131,MAC-52,2015-10-31 06:00:00,Preventive,Completed
MNT-02132,MAC-52,2015-10-31 06:00:00,Corrective,Completed
MNT-02133,MAC-52,2015-10-31 06:00:00,Corrective,Completed
MNT-02134,MAC-52,2015-11-15 06:00:00,Preventive,Completed
MNT-02135,MAC-52,2015-11-30 06:00:00,Preventive,Completed
MNT-02136,MAC-52,2015-12-15 06:00:00,Preventive,Completed
MNT-02137,MAC-52,2015-12-15 06:00:00,Preventive,Completed
MNT-02138,MAC-52,2015-12-30 06:00:00,Preventive,Completed
MNT-02139,MAC-52,2015-12-30 06:00:00,Corrective,Completed
MNT-02140,MAC-53,2014-10-14 06:00:00,Preventive,Completed
MNT-02141,MAC-53,2014-10-29 06:00:00,Preventive,Completed
MNT-02142,MAC-53,2014-11-28 06:00:00,Preventive,Completed
MNT-02143,MAC-53,2014-12-13 06:00:00,Preventive,Completed
MNT-02144,MAC-53,2015-01-28 06:00:00,Preventive,Completed
MNT-02145,MAC-53,2015-02-12 06:00:00,Preventive,Completed
MNT-02146,MAC-53,2015-02-27 06:00:00,Preventive,Completed
MNT-02147,MAC-53,2015-03-14 06:00:00,Preventive,Completed
MNT-02148,MAC-53,2015-03-29 06:00:00,Preventive,Completed
MNT-02149,MAC-53,2015-03-29 06:00:00,Corrective,Completed
MNT-02150,MAC-53,2015-04-13 06:00:00,Preventive,Completed
MNT-02151,MAC-53,2015-04-13 06:00:00,Preventive,Completed
MNT-02152,MAC-53,2015-05-13 06:00:00,Preventive,Completed
MNT-02153,MAC-53,2015-05-13 06:00:00,Preventive,Completed
MNT-02154,MAC-53,2015-05-13 06:00:00,Corrective,Completed
MNT-02155,MAC-53,2015-05-28 06:00:00,Preventive,Completed
MNT-02156,MAC-53,2015-06-12 06:00:00,Preventive,Completed
MNT-02157,MAC-53,2015-06-27 06:00:00,Preventive,Completed
MNT-02158,MAC-53,2015-07-12 06:00:00,Preventive,Completed
MNT-02159,MAC-53,2015-07-12 06:00:00,Corrective,Completed
MNT-02160,MAC-53,2015-07-27 06:00:00,Preventive,Completed
MNT-02161,MAC-53,2015-08-11 06:00:00,Preventive,Completed
MNT-02162,MAC-53,2015-08-26 06:00:00,Preventive,Completed
MNT-02163,MAC-53,2015-10-10 06:00:00,Preventive,Completed
MNT-02164,MAC-53,2015-10-10 06:00:00,Corrective,Completed
MNT-02165,MAC-53,2015-10-25 06:00:00,Preventive,Completed
MNT-02166,MAC-53,2015-11-09 06:00:00,Preventive,Completed
MNT-02167,MAC-53,2015-11-09 06:00:00,Corrective,Completed
MNT-02168,MAC-53,2015-12-09 06:00:00,Preventive,Completed
MNT-02169,MAC-53,2015-12-09 06:00:00,Corrective,Completed
MNT-02170,MAC-53,2015-12-24 06:00:00,Preventive,Completed
MNT-02171,MAC-54,2014-06-01 06:00:00,Preventive,Completed
MNT-02172,MAC-54,2014-07-01 06:00:00,Preventive,Completed
MNT-02173,MAC-54,2014-09-29 06:00:00,Preventive,Completed
MNT-02174,MAC-54,2014-12-28 06:00:00,Preventive,Completed
MNT-02175,MAC-54,2015-01-15 06:00:00,Preventive,Completed
MNT-02176,MAC-54,2015-01-15 06:00:00,Corrective,Completed
MNT-02177,MAC-54,2015-02-14 06:00:00,Preventive,Completed
MNT-02178,MAC-54,2015-03-01 06:00:00,Preventive,Completed
MNT-02179,MAC-54,2015-03-16 06:00:00,Preventive,Completed
MNT-02180,MAC-54,2015-03-31 06:00:00,Preventive,Completed
MNT-02181,MAC-54,2015-03-31 06:00:00,Preventive,Completed
MNT-02182,MAC-54,2015-03-31 06:00:00,Corrective,Completed
MNT-02183,MAC-54,2015-04-15 06:00:00,Preventive,Completed
MNT-02184,MAC-54,2015-04-30 06:00:00,Preventive,Completed
MNT-02185,MAC-54,2015-04-30 06:00:00,Corrective,Completed
MNT-02186,MAC-54,2015-05-15 06:00:00,Preventive,Completed
MNT-02187,MAC-54,2015-05-30 06:00:00,Preventive,Completed
MNT-02188,MAC-54,2015-06-14 06:00:00,Preventive,Completed
MNT-02189,MAC-54,2015-06-14 06:00:00,Preventive,Completed
MNT-02190,MAC-54,2015-06-29 06:00:00,Preventive,Completed
MNT-02191,MAC-54,2015-06-29 06:00:00,Corrective,Completed
MNT-02192,MAC-54,2015-07-14 06:00:00,Preventive,Completed
MNT-02193,MAC-54,2015-07-14 06:00:00,Preventive,Completed
MNT-02194,MAC-54,2015-07-29 06:00:00,Preventive,Completed
MNT-02195,MAC-54,2015-07-29 06:00:00,Preventive,Completed
MNT-02196,MAC-54,2015-08-13 06:00:00,Preventive,Completed
MNT-02197,MAC-54,2015-08-13 06:00:00,Preventive,Completed
MNT-02198,MAC-54,2015-08-28 06:00:00,Preventive,Completed
MNT-02199,MAC-54,2015-09-12 06:00:00,Preventive,Completed
MNT-02200,MAC-54,2015-09-27 06:00:00,Preventive,Completed
MNT-02201,MAC-54,2015-09-27 06:00:00,Preventive,Completed
MNT-02202,MAC-54,2015-10-12 06:00:00,Preventive,Completed
MNT-02203,MAC-54,2015-10-27 06:00:00,Preventive,Completed
MNT-02204,MAC-54,2015-10-27 06:00:00,Preventive,Completed
MNT-02205,MAC-54,2015-11-11 06:00:00,Preventive,Completed
MNT-02206,MAC-54,2015-11-11 06:00:00,Preventive,Completed
MNT-02207,MAC-54,2015-11-26 06:00:00,Preventive,Completed
MNT-02208,MAC-54,2015-12-11 06:00:00,Preventive,Completed
MNT-02209,MAC-54,2015-12-26 06:00:00,Preventive,Completed
MNT-02210,MAC-54,2015-12-26 06:00:00,Corrective,Completed
MNT-02211,MAC-55,2014-06-16 06:00:00,Preventive,Completed
MNT-02212,MAC-55,2014-06-16 06:00:00,Preventive,Completed
MNT-02213,MAC-55,2014-10-14 06:00:00,Preventive,Completed
MNT-02214,MAC-55,2014-12-28 06:00:00,Preventive,Completed
MNT-02215,MAC-55,2015-01-06 06:00:00,Preventive,Completed
MNT-02216,MAC-55,2015-01-21 06:00:00,Preventive,Completed
MNT-02217,MAC-55,2015-01-21 06:00:00,Preventive,Completed
MNT-02218,MAC-55,2015-02-05 06:00:00,Preventive,Completed
MNT-02219,MAC-55,2015-02-20 06:00:00,Preventive,Completed
MNT-02220,MAC-55,2015-03-07 06:00:00,Preventive,Completed
MNT-02221,MAC-55,2015-03-07 06:00:00,Corrective,Completed
MNT-02222,MAC-55,2015-03-22 06:00:00,Preventive,Completed
MNT-02223,MAC-55,2015-04-06 06:00:00,Preventive,Completed
MNT-02224,MAC-55,2015-04-21 06:00:00,Preventive,Completed
MNT-02225,MAC-55,2015-04-21 06:00:00,Corrective,Completed
MNT-02226,MAC-55,2015-05-06 06:00:00,Preventive,Completed
MNT-02227,MAC-55,2015-05-21 06:00:00,Preventive,Completed
MNT-02228,MAC-55,2015-06-05 06:00:00,Preventive,Completed
MNT-02229,MAC-55,2015-06-05 06:00:00,Corrective,Completed
MNT-02230,MAC-55,2015-06-20 06:00:00,Preventive,Completed
MNT-02231,MAC-55,2015-06-20 06:00:00,Corrective,Completed
MNT-02232,MAC-55,2015-07-05 06:00:00,Preventive,Completed
MNT-02233,MAC-55,2015-07-20 06:00:00,Preventive,Completed
MNT-02234,MAC-55,2015-08-04 06:00:00,Preventive,Completed
MNT-02235,MAC-55,2015-08-04 06:00:00,Corrective,Completed
MNT-02236,MAC-55,2015-08-19 06:00:00,Preventive,Completed
MNT-02237,MAC-55,2015-08-19 06:00:00,Corrective,Completed
MNT-02238,MAC-55,2015-09-03 06:00:00,Preventive,Completed
MNT-02239,MAC-55,2015-09-03 06:00:00,Corrective,Completed
MNT-02240,MAC-55,2015-09-18 06:00:00,Preventive,Completed
MNT-02241,MAC-55,2015-10-18 06:00:00,Preventive,Completed
MNT-02242,MAC-55,2015-10-18 06:00:00,Preventive,Completed
MNT-02243,MAC-55,2015-11-17 06:00:00,Preventive,Completed
MNT-02244,MAC-55,2015-12-02 06:00:00,Preventive,Completed
MNT-02245,MAC-55,2015-12-02 06:00:00,Preventive,Completed
MNT-02246,MAC-55,2015-12-02 06:00:00,Corrective,Completed
MNT-02247,MAC-55,2015-12-17 06:00:00,Preventive,Completed
MNT-02248,MAC-55,2016-01-01 06:00:00,Preventive,Completed
MNT-02249,MAC-56,2014-06-01 06:00:00,Preventive,Completed
MNT-02250,MAC-56,2014-07-31 06:00:00,Preventive,Completed
MNT-02251,MAC-56,2014-10-14 06:00:00,Preventive,Completed
MNT-02252,MAC-56,2014-12-13 06:00:00,Preventive,Completed
MNT-02253,MAC-56,2015-01-02 03:00:00,Corrective,Completed
MNT-02254,MAC-56,2015-01-14 06:00:00,Preventive,Completed
MNT-02255,MAC-56,2015-01-14 06:00:00,Corrective,Completed
MNT-02256,MAC-56,2015-02-13 06:00:00,Preventive,Completed
MNT-02257,MAC-56,2015-03-15 06:00:00,Preventive,Completed
MNT-02258,MAC-56,2015-03-15 06:00:00,Corrective,Completed
MNT-02259,MAC-56,2015-03-30 06:00:00,Preventive,Completed
MNT-02260,MAC-56,2015-04-14 06:00:00,Preventive,Completed
MNT-02261,MAC-56,2015-04-14 06:00:00,Preventive,Completed
MNT-02262,MAC-56,2015-04-14 06:00:00,Corrective,Completed
MNT-02263,MAC-56,2015-04-29 06:00:00,Preventive,Completed
MNT-02264,MAC-56,2015-04-29 06:00:00,Preventive,Completed
MNT-02265,MAC-56,2015-04-29 06:00:00,Corrective,Completed
MNT-02266,MAC-56,2015-05-14 06:00:00,Preventive,Completed
MNT-02267,MAC-56,2015-05-29 06:00:00,Preventive,Completed
MNT-02268,MAC-56,2015-05-29 06:00:00,Preventive,Completed
MNT-02269,MAC-56,2015-06-13 06:00:00,Preventive,Completed
MNT-02270,MAC-56,2015-06-13 06:00:00,Preventive,Completed
MNT-02271,MAC-56,2015-06-13 06:00:00,Corrective,Completed
MNT-02272,MAC-56,2015-06-28 06:00:00,Preventive,Completed
MNT-02273,MAC-56,2015-07-13 06:00:00,Preventive,Completed
MNT-02274,MAC-56,2015-07-13 06:00:00,Preventive,Completed
MNT-02275,MAC-56,2015-08-27 06:00:00,Preventive,Completed
MNT-02276,MAC-56,2015-09-11 06:00:00,Preventive,Completed
MNT-02277,MAC-56,2015-09-26 06:00:00,Preventive,Completed
MNT-02278,MAC-56,2015-09-26 06:00:00,Preventive,Completed
MNT-02279,MAC-56,2015-09-26 06:00:00,Corrective,Completed
MNT-02280,MAC-56,2015-09-26 06:00:00,Corrective,Completed
MNT-02281,MAC-56,2015-10-11 06:00:00,Preventive,Completed
MNT-02282,MAC-56,2015-10-26 06:00:00,Preventive,Completed
MNT-02283,MAC-56,2015-11-10 06:00:00,Preventive,Completed
MNT-02284,MAC-56,2015-11-10 06:00:00,Corrective,Completed
MNT-02285,MAC-56,2015-11-25 06:00:00,Preventive,Completed
MNT-02286,MAC-56,2015-11-25 06:00:00,Corrective,Completed
MNT-02287,MAC-56,2015-12-10 06:00:00,Preventive,Completed
MNT-02288,MAC-56,2015-12-25 06:00:00,Preventive,Completed
MNT-02289,MAC-56,2015-12-25 06:00:00,Corrective,Completed
MNT-02290,MAC-57,2014-06-16 06:00:00,Preventive,Completed
MNT-02291,MAC-57,2014-08-15 06:00:00,Preventive,Completed
MNT-02292,MAC-57,2014-08-15 06:00:00,Preventive,Completed
MNT-02293,MAC-57,2014-11-28 06:00:00,Preventive,Completed
MNT-02294,MAC-57,2015-01-23 06:00:00,Preventive,Completed
MNT-02295,MAC-57,2015-02-07 06:00:00,Preventive,Completed
MNT-02296,MAC-57,2015-02-07 06:00:00,Preventive,Completed
MNT-02297,MAC-57,2015-02-07 06:00:00,Corrective,Completed
MNT-02298,MAC-57,2015-02-22 06:00:00,Preventive,Completed
MNT-02299,MAC-57,2015-03-09 06:00:00,Preventive,Completed
MNT-02300,MAC-57,2015-03-09 06:00:00,Preventive,Completed
MNT-02301,MAC-57,2015-03-24 06:00:00,Preventive,Completed
MNT-02302,MAC-57,2015-03-24 06:00:00,Preventive,Completed
MNT-02303,MAC-57,2015-04-08 06:00:00,Preventive,Completed
MNT-02304,MAC-57,2015-04-08 06:00:00,Preventive,Completed
MNT-02305,MAC-57,2015-04-23 06:00:00,Preventive,Completed
MNT-02306,MAC-57,2015-05-08 06:00:00,Preventive,Completed
MNT-02307,MAC-57,2015-05-23 06:00:00,Preventive,Completed
MNT-02308,MAC-57,2015-05-23 06:00:00,Preventive,Completed
MNT-02309,MAC-57,2015-06-07 06:00:00,Preventive,Completed
MNT-02310,MAC-57,2015-06-22 06:00:00,Preventive,Completed
MNT-02311,MAC-57,2015-07-07 06:00:00,Preventive,Completed
MNT-02312,MAC-57,2015-07-22 06:00:00,Preventive,Completed
MNT-02313,MAC-57,2015-07-22 06:00:00,Preventive,Completed
MNT-02314,MAC-57,2015-08-06 06:00:00,Preventive,Completed
MNT-02315,MAC-57,2015-08-06 06:00:00,Preventive,Completed
MNT-02316,MAC-57,2015-08-21 06:00:00,Preventive,Completed
MNT-02317,MAC-57,2015-09-05 06:00:00,Preventive,Completed
MNT-02318,MAC-57,2015-09-20 06:00:00,Preventive,Completed
MNT-02319,MAC-57,2015-10-05 06:00:00,Preventive,Completed
MNT-02320,MAC-57,2015-10-20 06:00:00,Preventive,Completed
MNT-02321,MAC-57,2015-11-04 06:00:00,Preventive,Completed
MNT-02322,MAC-57,2015-11-04 06:00:00,Corrective,Completed
MNT-02323,MAC-57,2015-11-19 06:00:00,Preventive,Completed
MNT-02324,MAC-57,2015-12-04 06:00:00,Preventive,Completed
MNT-02325,MAC-57,2015-12-19 06:00:00,Preventive,Completed
MNT-02326,MAC-58,2014-07-01 06:00:00,Preventive,Completed
MNT-02327,MAC-58,2014-08-15 06:00:00,Preventive,Completed
MNT-02328,MAC-58,2014-08-30 06:00:00,Preventive,Completed
MNT-02329,MAC-58,2014-10-29 06:00:00,Preventive,Completed
MNT-02330,MAC-58,2015-01-02 03:00:00,Corrective,Completed
MNT-02331,MAC-58,2015-01-31 06:00:00,Preventive,Completed
MNT-02332,MAC-58,2015-01-31 06:00:00,Preventive,Completed
MNT-02333,MAC-58,2015-01-31 06:00:00,Corrective,Completed
MNT-02334,MAC-58,2015-02-15 06:00:00,Preventive,Completed
MNT-02335,MAC-58,2015-03-02 06:00:00,Preventive,Completed
MNT-02336,MAC-58,2015-03-02 06:00:00,Preventive,Completed
MNT-02337,MAC-58,2015-03-17 06:00:00,Preventive,Completed
MNT-02338,MAC-58,2015-04-01 06:00:00,Preventive,Completed
MNT-02339,MAC-58,2015-05-01 06:00:00,Preventive,Completed
MNT-02340,MAC-58,2015-05-01 06:00:00,Corrective,Completed
MNT-02341,MAC-58,2015-05-16 06:00:00,Preventive,Completed
MNT-02342,MAC-58,2015-05-16 06:00:00,Corrective,Completed
MNT-02343,MAC-58,2015-05-31 06:00:00,Preventive,Completed
MNT-02344,MAC-58,2015-05-31 06:00:00,Preventive,Completed
MNT-02345,MAC-58,2015-05-31 06:00:00,Corrective,Completed
MNT-02346,MAC-58,2015-06-15 06:00:00,Preventive,Completed
MNT-02347,MAC-58,2015-06-30 06:00:00,Preventive,Completed
MNT-02348,MAC-58,2015-06-30 06:00:00,Preventive,Completed
MNT-02349,MAC-58,2015-07-15 06:00:00,Preventive,Completed
MNT-02350,MAC-58,2015-07-30 06:00:00,Preventive,Completed
MNT-02351,MAC-58,2015-07-30 06:00:00,Preventive,Completed
MNT-02352,MAC-58,2015-07-30 06:00:00,Corrective,Completed
MNT-02353,MAC-58,2015-08-29 06:00:00,Preventive,Completed
MNT-02354,MAC-58,2015-09-13 06:00:00,Preventive,Completed
MNT-02355,MAC-58,2015-09-28 06:00:00,Preventive,Completed
MNT-02356,MAC-58,2015-09-28 06:00:00,Preventive,Completed
MNT-02357,MAC-58,2015-09-28 06:00:00,Corrective,Completed
MNT-02358,MAC-58,2015-10-13 06:00:00,Preventive,Completed
MNT-02359,MAC-58,2015-10-28 06:00:00,Preventive,Completed
MNT-02360,MAC-58,2015-10-28 06:00:00,Preventive,Completed
MNT-02361,MAC-58,2015-11-27 06:00:00,Preventive,Completed
MNT-02362,MAC-58,2015-11-27 06:00:00,Preventive,Completed
MNT-02363,MAC-58,2015-12-12 06:00:00,Preventive,Completed
MNT-02364,MAC-58,2015-12-12 06:00:00,Corrective,Completed
MNT-02365,MAC-59,2014-07-16 06:00:00,Preventive,Completed
MNT-02366,MAC-59,2014-08-15 06:00:00,Preventive,Completed
MNT-02367,MAC-59,2014-10-29 06:00:00,Preventive,Completed
MNT-02368,MAC-59,2014-12-28 06:00:00,Preventive,Completed
MNT-02369,MAC-59,2015-01-02 03:00:00,Corrective,Completed
MNT-02370,MAC-59,2015-01-05 06:00:00,Preventive,Completed
MNT-02371,MAC-59,2015-01-20 06:00:00,Preventive,Completed
MNT-02372,MAC-59,2015-01-20 06:00:00,Preventive,Completed
MNT-02373,MAC-59,2015-02-04 06:00:00,Preventive,Completed
MNT-02374,MAC-59,2015-02-04 06:00:00,Preventive,Completed
MNT-02375,MAC-59,2015-02-04 06:00:00,Corrective,Completed
MNT-02376,MAC-59,2015-02-19 06:00:00,Preventive,Completed
MNT-02377,MAC-59,2015-03-21 06:00:00,Preventive,Completed
MNT-02378,MAC-59,2015-04-05 06:00:00,Preventive,Completed
MNT-02379,MAC-59,2015-04-05 06:00:00,Corrective,Completed
MNT-02380,MAC-59,2015-04-20 06:00:00,Preventive,Completed
MNT-02381,MAC-59,2015-05-05 06:00:00,Preventive,Completed
MNT-02382,MAC-59,2015-05-20 06:00:00,Preventive,Completed
MNT-02383,MAC-59,2015-05-20 06:00:00,Corrective,Completed
MNT-02384,MAC-59,2015-06-04 06:00:00,Preventive,Completed
MNT-02385,MAC-59,2015-06-19 06:00:00,Preventive,Completed
MNT-02386,MAC-59,2015-06-19 06:00:00,Preventive,Completed
MNT-02387,MAC-59,2015-07-04 06:00:00,Preventive,Completed
MNT-02388,MAC-59,2015-07-19 06:00:00,Preventive,Completed
MNT-02389,MAC-59,2015-07-19 06:00:00,Corrective,Completed
MNT-02390,MAC-59,2015-08-03 06:00:00,Preventive,Completed
MNT-02391,MAC-59,2015-08-03 06:00:00,Corrective,Completed
MNT-02392,MAC-59,2015-08-18 06:00:00,Preventive,Completed
MNT-02393,MAC-59,2015-08-18 06:00:00,Corrective,Completed
MNT-02394,MAC-59,2015-09-02 06:00:00,Preventive,Completed
MNT-02395,MAC-59,2015-09-17 06:00:00,Preventive,Completed
MNT-02396,MAC-59,2015-10-02 06:00:00,Preventive,Completed
MNT-02397,MAC-59,2015-10-02 06:00:00,Preventive,Completed
MNT-02398,MAC-59,2015-10-17 06:00:00,Preventive,Completed
MNT-02399,MAC-59,2015-10-17 06:00:00,Preventive,Completed
MNT-02400,MAC-59,2015-10-17 06:00:00,Corrective,Completed
MNT-02401,MAC-59,2015-11-01 06:00:00,Preventive,Completed
MNT-02402,MAC-59,2015-11-01 06:00:00,Preventive,Completed
MNT-02403,MAC-59,2015-12-01 06:00:00,Preventive,Completed
MNT-02404,MAC-59,2015-12-16 06:00:00,Preventive,Completed
MNT-02405,MAC-59,2015-12-16 06:00:00,Preventive,Completed
MNT-02406,MAC-59,2015-12-31 06:00:00,Preventive,Completed
MNT-02407,MAC-60,2014-06-01 06:00:00,Preventive,Completed
MNT-02408,MAC-60,2014-07-16 06:00:00,Preventive,Completed
MNT-02409,MAC-60,2014-09-14 06:00:00,Preventive,Completed
MNT-02410,MAC-60,2014-09-29 06:00:00,Preventive,Completed
MNT-02411,MAC-60,2015-01-15 06:00:00,Preventive,Completed
MNT-02412,MAC-60,2015-01-15 06:00:00,Preventive,Completed
MNT-02413,MAC-60,2015-01-30 06:00:00,Preventive,Completed
MNT-02414,MAC-60,2015-01-30 06:00:00,Preventive,Completed
MNT-02415,MAC-60,2015-01-30 06:00:00,Corrective,Completed
MNT-02416,MAC-60,2015-02-14 06:00:00,Preventive,Completed
MNT-02417,MAC-60,2015-03-01 06:00:00,Preventive,Completed
MNT-02418,MAC-60,2015-03-16 06:00:00,Preventive,Completed
MNT-02419,MAC-60,2015-03-16 06:00:00,Preventive,Completed
MNT-02420,MAC-60,2015-04-15 06:00:00,Preventive,Completed
MNT-02421,MAC-60,2015-04-15 06:00:00,Preventive,Completed
MNT-02422,MAC-60,2015-04-15 06:00:00,Corrective,Completed
MNT-02423,MAC-60,2015-04-30 06:00:00,Preventive,Completed
MNT-02424,MAC-60,2015-05-15 06:00:00,Preventive,Completed
MNT-02425,MAC-60,2015-05-30 06:00:00,Preventive,Completed
MNT-02426,MAC-60,2015-06-14 06:00:00,Preventive,Completed
MNT-02427,MAC-60,2015-06-29 06:00:00,Preventive,Completed
MNT-02428,MAC-60,2015-07-14 06:00:00,Preventive,Completed
MNT-02429,MAC-60,2015-07-29 06:00:00,Preventive,Completed
MNT-02430,MAC-60,2015-07-29 06:00:00,Preventive,Completed
MNT-02431,MAC-60,2015-07-29 06:00:00,Corrective,Completed
MNT-02432,MAC-60,2015-08-13 06:00:00,Preventive,Completed
MNT-02433,MAC-60,2015-08-28 06:00:00,Preventive,Completed
MNT-02434,MAC-60,2015-09-12 06:00:00,Preventive,Completed
MNT-02435,MAC-60,2015-09-12 06:00:00,Preventive,Completed
MNT-02436,MAC-60,2015-09-12 06:00:00,Corrective,Completed
MNT-02437,MAC-60,2015-09-27 06:00:00,Preventive,Completed
MNT-02438,MAC-60,2015-10-12 06:00:00,Preventive,Completed
MNT-02439,MAC-60,2015-10-27 06:00:00,Preventive,Completed
MNT-02440,MAC-60,2015-11-11 06:00:00,Preventive,Completed
MNT-02441,MAC-60,2015-11-26 06:00:00,Preventive,Completed
MNT-02442,MAC-60,2015-12-11 06:00:00,Preventive,Completed
MNT-02443,MAC-61,2014-06-16 06:00:00,Preventive,Completed
MNT-02444,MAC-61,2014-07-01 06:00:00,Preventive,Completed
MNT-02445,MAC-61,2014-07-31 06:00:00,Preventive,Completed
MNT-02446,MAC-61,2014-10-29 06:00:00,Preventive,Completed
MNT-02447,MAC-61,2015-01-28 06:00:00,Preventive,Completed
MNT-02448,MAC-61,2015-02-12 06:00:00,Preventive,Completed
MNT-02449,MAC-61,2015-02-27 06:00:00,Preventive,Completed
MNT-02450,MAC-61,2015-02-27 06:00:00,Preventive,Completed
MNT-02451,MAC-61,2015-02-27 06:00:00,Corrective,Completed
MNT-02452,MAC-61,2015-03-14 06:00:00,Preventive,Completed
MNT-02453,MAC-61,2015-03-29 06:00:00,Preventive,Completed
MNT-02454,MAC-61,2015-04-13 06:00:00,Preventive,Completed
MNT-02455,MAC-61,2015-04-28 06:00:00,Preventive,Completed
MNT-02456,MAC-61,2015-05-13 06:00:00,Preventive,Completed
MNT-02457,MAC-61,2015-05-28 06:00:00,Preventive,Completed
MNT-02458,MAC-61,2015-05-28 06:00:00,Preventive,Completed
MNT-02459,MAC-61,2015-06-27 06:00:00,Preventive,Completed
MNT-02460,MAC-61,2015-06-27 06:00:00,Preventive,Completed
MNT-02461,MAC-61,2015-07-12 06:00:00,Preventive,Completed
MNT-02462,MAC-61,2015-07-27 06:00:00,Preventive,Completed
MNT-02463,MAC-61,2015-08-11 06:00:00,Preventive,Completed
MNT-02464,MAC-61,2015-08-11 06:00:00,Preventive,Completed
MNT-02465,MAC-61,2015-08-11 06:00:00,Corrective,Completed
MNT-02466,MAC-61,2015-08-26 06:00:00,Preventive,Completed
MNT-02467,MAC-61,2015-08-26 06:00:00,Preventive,Completed
MNT-02468,MAC-61,2015-09-25 06:00:00,Preventive,Completed
MNT-02469,MAC-61,2015-10-10 06:00:00,Preventive,Completed
MNT-02470,MAC-61,2015-10-25 06:00:00,Preventive,Completed
MNT-02471,MAC-61,2015-10-25 06:00:00,Preventive,Completed
MNT-02472,MAC-61,2015-10-25 06:00:00,Corrective,Completed
MNT-02473,MAC-61,2015-11-24 06:00:00,Preventive,Completed
MNT-02474,MAC-61,2015-11-24 06:00:00,Corrective,Completed
MNT-02475,MAC-61,2015-12-09 06:00:00,Preventive,Completed
MNT-02476,MAC-61,2015-12-24 06:00:00,Preventive,Completed
MNT-02477,MAC-62,2014-08-15 06:00:00,Preventive,Completed
MNT-02478,MAC-62,2014-08-30 06:00:00,Preventive,Completed
MNT-02479,MAC-62,2014-10-14 06:00:00,Preventive,Completed
MNT-02480,MAC-62,2014-11-13 06:00:00,Preventive,Completed
MNT-02481,MAC-62,2015-01-13 06:00:00,Preventive,Completed
MNT-02482,MAC-62,2015-01-13 06:00:00,Preventive,Completed
MNT-02483,MAC-62,2015-01-13 06:00:00,Corrective,Completed
MNT-02484,MAC-62,2015-01-28 06:00:00,Preventive,Completed
MNT-02485,MAC-62,2015-01-28 06:00:00,Preventive,Completed
MNT-02486,MAC-62,2015-01-28 06:00:00,Corrective,Completed
MNT-02487,MAC-62,2015-02-12 06:00:00,Preventive,Completed
MNT-02488,MAC-62,2015-02-27 06:00:00,Preventive,Completed
MNT-02489,MAC-62,2015-03-29 06:00:00,Preventive,Completed
MNT-02490,MAC-62,2015-03-29 06:00:00,Preventive,Completed
MNT-02491,MAC-62,2015-04-13 06:00:00,Preventive,Completed
MNT-02492,MAC-62,2015-04-13 06:00:00,Preventive,Completed
MNT-02493,MAC-62,2015-04-28 06:00:00,Preventive,Completed
MNT-02494,MAC-62,2015-05-13 06:00:00,Preventive,Completed
MNT-02495,MAC-62,2015-05-28 06:00:00,Preventive,Completed
MNT-02496,MAC-62,2015-05-28 06:00:00,Corrective,Completed
MNT-02497,MAC-62,2015-06-12 06:00:00,Preventive,Completed
MNT-02498,MAC-62,2015-06-12 06:00:00,Preventive,Completed
MNT-02499,MAC-62,2015-06-27 06:00:00,Preventive,Completed
MNT-02500,MAC-62,2015-06-27 06:00:00,Preventive,Completed
MNT-02501,MAC-62,2015-06-27 06:00:00,Corrective,Completed
MNT-02502,MAC-62,2015-07-12 06:00:00,Preventive,Completed
MNT-02503,MAC-62,2015-07-12 06:00:00,Preventive,Completed
MNT-02504,MAC-62,2015-07-27 06:00:00,Preventive,Completed
MNT-02505,MAC-62,2015-08-11 06:00:00,Preventive,Completed
MNT-02506,MAC-62,2015-08-11 06:00:00,Preventive,Completed
MNT-02507,MAC-62,2015-08-11 06:00:00,Corrective,Completed
MNT-02508,MAC-62,2015-09-10 06:00:00,Preventive,Completed
MNT-02509,MAC-62,2015-09-10 06:00:00,Preventive,Completed
MNT-02510,MAC-62,2015-09-25 06:00:00,Preventive,Completed
MNT-02511,MAC-62,2015-10-10 06:00:00,Preventive,Completed
MNT-02512,MAC-62,2015-10-10 06:00:00,Preventive,Completed
MNT-02513,MAC-62,2015-10-25 06:00:00,Preventive,Completed
MNT-02514,MAC-62,2015-10-25 06:00:00,Preventive,Completed
MNT-02515,MAC-62,2015-11-09 06:00:00,Preventive,Completed
MNT-02516,MAC-62,2015-11-24 06:00:00,Preventive,Completed
MNT-02517,MAC-62,2015-12-09 06:00:00,Preventive,Completed
MNT-02518,MAC-62,2015-12-09 06:00:00,Corrective,Completed
MNT-02519,MAC-62,2015-12-24 06:00:00,Preventive,Completed
MNT-02520,MAC-62,2015-12-24 06:00:00,Corrective,Completed
MNT-02521,MAC-63,2014-07-16 06:00:00,Preventive,Completed
MNT-02522,MAC-63,2014-07-16 06:00:00,Preventive,Completed
MNT-02523,MAC-63,2014-10-14 06:00:00,Preventive,Completed
MNT-02524,MAC-63,2014-10-14 06:00:00,Preventive,Completed
MNT-02525,MAC-63,2015-01-28 06:00:00,Preventive,Completed
MNT-02526,MAC-63,2015-01-28 06:00:00,Preventive,Completed
MNT-02527,MAC-63,2015-01-28 06:00:00,Corrective,Completed
MNT-02528,MAC-63,2015-01-28 06:00:00,Corrective,Completed
MNT-02529,MAC-63,2015-02-12 06:00:00,Preventive,Completed
MNT-02530,MAC-63,2015-02-27 06:00:00,Preventive,Completed
MNT-02531,MAC-63,2015-03-14 06:00:00,Preventive,Completed
MNT-02532,MAC-63,2015-03-14 06:00:00,Corrective,Completed
MNT-02533,MAC-63,2015-03-29 06:00:00,Preventive,Completed
MNT-02534,MAC-63,2015-03-29 06:00:00,Preventive,Completed
MNT-02535,MAC-63,2015-04-13 06:00:00,Preventive,Completed
MNT-02536,MAC-63,2015-04-13 06:00:00,Preventive,Completed
MNT-02537,MAC-63,2015-04-28 06:00:00,Preventive,Completed
MNT-02538,MAC-63,2015-05-13 06:00:00,Preventive,Completed
MNT-02539,MAC-63,2015-05-13 06:00:00,Corrective,Completed
MNT-02540,MAC-63,2015-05-28 06:00:00,Preventive,Completed
MNT-02541,MAC-63,2015-05-28 06:00:00,Preventive,Completed
MNT-02542,MAC-63,2015-05-28 06:00:00,Corrective,Completed
MNT-02543,MAC-63,2015-06-12 06:00:00,Preventive,Completed
MNT-02544,MAC-63,2015-06-12 06:00:00,Preventive,Completed
MNT-02545,MAC-63,2015-06-27 06:00:00,Preventive,Completed
MNT-02546,MAC-63,2015-07-12 06:00:00,Preventive,Completed
MNT-02547,MAC-63,2015-07-12 06:00:00,Preventive,Completed
MNT-02548,MAC-63,2015-07-27 06:00:00,Preventive,Completed
MNT-02549,MAC-63,2015-07-27 06:00:00,Corrective,Completed
MNT-02550,MAC-63,2015-08-11 06:00:00,Preventive,Completed
MNT-02551,MAC-63,2015-08-26 06:00:00,Preventive,Completed
MNT-02552,MAC-63,2015-08-26 06:00:00,Preventive,Completed
MNT-02553,MAC-63,2015-09-10 06:00:00,Preventive,Completed
MNT-02554,MAC-63,2015-10-10 06:00:00,Preventive,Completed
MNT-02555,MAC-63,2015-10-25 06:00:00,Preventive,Completed
MNT-02556,MAC-63,2015-10-25 06:00:00,Preventive,Completed
MNT-02557,MAC-63,2015-10-25 06:00:00,Corrective,Completed
MNT-02558,MAC-63,2015-11-09 06:00:00,Preventive,Completed
MNT-02559,MAC-63,2015-11-09 06:00:00,Preventive,Completed
MNT-02560,MAC-63,2015-11-09 06:00:00,Corrective,Completed
MNT-02561,MAC-63,2015-11-24 06:00:00,Preventive,Completed
MNT-02562,MAC-63,2015-12-09 06:00:00,Preventive,Completed
MNT-02563,MAC-63,2015-12-24 06:00:00,Preventive,Completed
MNT-02564,MAC-64,2014-07-16 06:00:00,Preventive,Completed
MNT-02565,MAC-64,2014-08-30 06:00:00,Preventive,Completed
MNT-02566,MAC-64,2014-11-13 06:00:00,Preventive,Completed
MNT-02567,MAC-64,2014-11-28 06:00:00,Preventive,Completed
MNT-02568,MAC-64,2015-01-05 06:00:00,Preventive,Completed
MNT-02569,MAC-64,2015-01-05 06:00:00,Preventive,Completed
MNT-02570,MAC-64,2015-01-05 06:00:00,Corrective,Completed
MNT-02571,MAC-64,2015-01-20 06:00:00,Preventive,Completed
MNT-02572,MAC-64,2015-01-20 06:00:00,Preventive,Completed
MNT-02573,MAC-64,2015-01-20 06:00:00,Corrective,Completed
MNT-02574,MAC-64,2015-02-04 06:00:00,Preventive,Completed
MNT-02575,MAC-64,2015-02-19 06:00:00,Preventive,Completed
MNT-02576,MAC-64,2015-02-19 06:00:00,Corrective,Completed
MNT-02577,MAC-64,2015-03-21 06:00:00,Preventive,Completed
MNT-02578,MAC-64,2015-04-05 06:00:00,Preventive,Completed
MNT-02579,MAC-64,2015-04-05 06:00:00,Preventive,Completed
MNT-02580,MAC-64,2015-04-05 06:00:00,Corrective,Completed
MNT-02581,MAC-64,2015-04-20 06:00:00,Preventive,Completed
MNT-02582,MAC-64,2015-05-05 06:00:00,Preventive,Completed
MNT-02583,MAC-64,2015-05-05 06:00:00,Corrective,Completed
MNT-02584,MAC-64,2015-05-20 06:00:00,Preventive,Completed
MNT-02585,MAC-64,2015-05-20 06:00:00,Preventive,Completed
MNT-02586,MAC-64,2015-06-04 06:00:00,Preventive,Completed
MNT-02587,MAC-64,2015-06-19 06:00:00,Preventive,Completed
MNT-02588,MAC-64,2015-07-04 06:00:00,Preventive,Completed
MNT-02589,MAC-64,2015-07-19 06:00:00,Preventive,Completed
MNT-02590,MAC-64,2015-07-19 06:00:00,Preventive,Completed
MNT-02591,MAC-64,2015-08-03 06:00:00,Preventive,Completed
MNT-02592,MAC-64,2015-08-18 06:00:00,Preventive,Completed
MNT-02593,MAC-64,2015-09-02 06:00:00,Preventive,Completed
MNT-02594,MAC-64,2015-09-17 06:00:00,Preventive,Completed
MNT-02595,MAC-64,2015-09-17 06:00:00,Preventive,Completed
MNT-02596,MAC-64,2015-09-17 06:00:00,Corrective,Completed
MNT-02597,MAC-64,2015-10-17 06:00:00,Preventive,Completed
MNT-02598,MAC-64,2015-10-17 06:00:00,Corrective,Completed
MNT-02599,MAC-64,2015-11-01 06:00:00,Preventive,Completed
MNT-02600,MAC-64,2015-11-16 06:00:00,Preventive,Completed
MNT-02601,MAC-64,2015-12-01 06:00:00,Preventive,Completed
MNT-02602,MAC-64,2015-12-31 06:00:00,Preventive,Completed
MNT-02603,MAC-64,2015-12-31 06:00:00,Preventive,Completed
MNT-02604,MAC-64,2015-12-31 06:00:00,Corrective,Completed
MNT-02605,MAC-65,2014-06-01 06:00:00,Preventive,Completed
MNT-02606,MAC-65,2014-07-16 06:00:00,Preventive,Completed
MNT-02607,MAC-65,2014-09-14 06:00:00,Preventive,Completed
MNT-02608,MAC-65,2014-09-29 06:00:00,Preventive,Completed
MNT-02609,MAC-65,2015-01-01 06:00:00,Preventive,Completed
MNT-02610,MAC-65,2015-01-31 06:00:00,Preventive,Completed
MNT-02611,MAC-65,2015-01-31 06:00:00,Preventive,Completed
MNT-02612,MAC-65,2015-02-15 06:00:00,Preventive,Completed
MNT-02613,MAC-65,2015-03-02 06:00:00,Preventive,Completed
MNT-02614,MAC-65,2015-03-17 06:00:00,Preventive,Completed
MNT-02615,MAC-65,2015-03-17 06:00:00,Preventive,Completed
MNT-02616,MAC-65,2015-03-17 06:00:00,Corrective,Completed
MNT-02617,MAC-65,2015-04-01 06:00:00,Preventive,Completed
MNT-02618,MAC-65,2015-04-01 06:00:00,Preventive,Completed
MNT-02619,MAC-65,2015-04-16 06:00:00,Preventive,Completed
MNT-02620,MAC-65,2015-05-16 06:00:00,Preventive,Completed
MNT-02621,MAC-65,2015-05-31 06:00:00,Preventive,Completed
MNT-02622,MAC-65,2015-05-31 06:00:00,Corrective,Completed
MNT-02623,MAC-65,2015-06-15 06:00:00,Preventive,Completed
MNT-02624,MAC-65,2015-06-30 06:00:00,Preventive,Completed
MNT-02625,MAC-65,2015-06-30 06:00:00,Corrective,Completed
MNT-02626,MAC-65,2015-07-15 06:00:00,Preventive,Completed
MNT-02627,MAC-65,2015-07-30 06:00:00,Preventive,Completed
MNT-02628,MAC-65,2015-08-14 06:00:00,Preventive,Completed
MNT-02629,MAC-65,2015-08-14 06:00:00,Preventive,Completed
MNT-02630,MAC-65,2015-08-14 06:00:00,Corrective,Completed
MNT-02631,MAC-65,2015-08-14 06:00:00,Corrective,Completed
MNT-02632,MAC-65,2015-08-29 06:00:00,Preventive,Completed
MNT-02633,MAC-65,2015-08-29 06:00:00,Preventive,Completed
MNT-02634,MAC-65,2015-09-13 06:00:00,Preventive,Completed
MNT-02635,MAC-65,2015-09-13 06:00:00,Corrective,Completed
MNT-02636,MAC-65,2015-09-28 06:00:00,Preventive,Completed
MNT-02637,MAC-65,2015-10-13 06:00:00,Preventive,Completed
MNT-02638,MAC-65,2015-10-28 06:00:00,Preventive,Completed
MNT-02639,MAC-65,2015-11-12 06:00:00,Preventive,Completed
MNT-02640,MAC-65,2015-11-27 06:00:00,Preventive,Completed
MNT-02641,MAC-65,2015-12-12 06:00:00,Preventive,Completed
MNT-02642,MAC-65,2015-12-12 06:00:00,Preventive,Completed
MNT-02643,MAC-65,2015-12-27 06:00:00,Preventive,Completed
MNT-02644,MAC-66,2014-07-16 06:00:00,Preventive,Completed
MNT-02645,MAC-66,2014-10-29 06:00:00,Preventive,Completed
MNT-02646,MAC-66,2014-12-13 06:00:00,Preventive,Completed
MNT-02647,MAC-66,2014-12-13 06:00:00,Preventive,Completed
MNT-02648,MAC-66,2015-01-19 06:00:00,Preventive,Completed
MNT-02649,MAC-66,2015-02-03 06:00:00,Preventive,Completed
MNT-02650,MAC-66,2015-02-18 06:00:00,Preventive,Completed
MNT-02651,MAC-66,2015-02-18 06:00:00,Preventive,Completed
MNT-02652,MAC-66,2015-02-18 06:00:00,Corrective,Completed
MNT-02653,MAC-66,2015-03-05 06:00:00,Preventive,Completed
MNT-02654,MAC-66,2015-03-05 06:00:00,Preventive,Completed
MNT-02655,MAC-66,2015-03-20 06:00:00,Preventive,Completed
MNT-02656,MAC-66,2015-03-20 06:00:00,Preventive,Completed
MNT-02657,MAC-66,2015-04-04 06:00:00,Preventive,Completed
MNT-02658,MAC-66,2015-04-04 06:00:00,Preventive,Completed
MNT-02659,MAC-66,2015-04-19 06:00:00,Preventive,Completed
MNT-02660,MAC-66,2015-05-04 06:00:00,Preventive,Completed
MNT-02661,MAC-66,2015-05-19 06:00:00,Preventive,Completed
MNT-02662,MAC-66,2015-05-19 06:00:00,Preventive,Completed
MNT-02663,MAC-66,2015-05-19 06:00:00,Corrective,Completed
MNT-02664,MAC-66,2015-05-19 06:00:00,Corrective,Completed
MNT-02665,MAC-66,2015-06-03 06:00:00,Preventive,Completed
MNT-02666,MAC-66,2015-06-03 06:00:00,Preventive,Completed
MNT-02667,MAC-66,2015-07-03 06:00:00,Preventive,Completed
MNT-02668,MAC-66,2015-07-18 06:00:00,Preventive,Completed
MNT-02669,MAC-66,2015-08-02 06:00:00,Preventive,Completed
MNT-02670,MAC-66,2015-08-17 06:00:00,Preventive,Completed
MNT-02671,MAC-66,2015-08-17 06:00:00,Preventive,Completed
MNT-02672,MAC-66,2015-09-01 06:00:00,Preventive,Completed
MNT-02673,MAC-66,2015-09-16 06:00:00,Preventive,Completed
MNT-02674,MAC-66,2015-10-01 06:00:00,Preventive,Completed
MNT-02675,MAC-66,2015-10-01 06:00:00,Preventive,Completed
MNT-02676,MAC-66,2015-10-01 06:00:00,Corrective,Completed
MNT-02677,MAC-66,2015-10-16 06:00:00,Preventive,Completed
MNT-02678,MAC-66,2015-10-16 06:00:00,Preventive,Completed
MNT-02679,MAC-66,2015-10-31 06:00:00,Preventive,Completed
MNT-02680,MAC-66,2015-11-15 06:00:00,Preventive,Completed
MNT-02681,MAC-66,2015-11-15 06:00:00,Preventive,Completed
MNT-02682,MAC-66,2015-11-30 06:00:00,Preventive,Completed
MNT-02683,MAC-66,2015-12-15 06:00:00,Preventive,Completed
MNT-02684,MAC-66,2015-12-15 06:00:00,Preventive,Completed
MNT-02685,MAC-66,2015-12-15 06:00:00,Corrective,Completed
MNT-02686,MAC-66,2015-12-30 06:00:00,Preventive,Completed
MNT-02687,MAC-66,2015-12-30 06:00:00,Preventive,Completed
MNT-02688,MAC-67,2014-07-01 06:00:00,Preventive,Completed
MNT-02689,MAC-67,2014-09-14 06:00:00,Preventive,Completed
MNT-02690,MAC-67,2014-10-14 06:00:00,Preventive,Completed
MNT-02691,MAC-67,2014-11-13 06:00:00,Preventive,Completed
MNT-02692,MAC-67,2015-01-01 06:00:00,Preventive,Completed
MNT-02693,MAC-67,2015-01-16 06:00:00,Preventive,Completed
MNT-02694,MAC-67,2015-01-16 06:00:00,Corrective,Completed
MNT-02695,MAC-67,2015-01-31 06:00:00,Preventive,Completed
MNT-02696,MAC-67,2015-02-15 06:00:00,Preventive,Completed
MNT-02697,MAC-67,2015-03-02 06:00:00,Preventive,Completed
MNT-02698,MAC-67,2015-03-17 06:00:00,Preventive,Completed
MNT-02699,MAC-67,2015-03-17 06:00:00,Corrective,Completed
MNT-02700,MAC-67,2015-04-01 06:00:00,Preventive,Completed
MNT-02701,MAC-67,2015-04-16 06:00:00,Preventive,Completed
MNT-02702,MAC-67,2015-05-01 06:00:00,Preventive,Completed
MNT-02703,MAC-67,2015-05-16 06:00:00,Preventive,Completed
MNT-02704,MAC-67,2015-05-16 06:00:00,Preventive,Completed
MNT-02705,MAC-67,2015-05-31 06:00:00,Preventive,Completed
MNT-02706,MAC-67,2015-05-31 06:00:00,Corrective,Completed
MNT-02707,MAC-67,2015-06-15 06:00:00,Preventive,Completed
MNT-02708,MAC-67,2015-06-15 06:00:00,Preventive,Completed
MNT-02709,MAC-67,2015-06-15 06:00:00,Corrective,Completed
MNT-02710,MAC-67,2015-06-30 06:00:00,Preventive,Completed
MNT-02711,MAC-67,2015-07-15 06:00:00,Preventive,Completed
MNT-02712,MAC-67,2015-07-15 06:00:00,Corrective,Completed
MNT-02713,MAC-67,2015-07-30 06:00:00,Preventive,Completed
MNT-02714,MAC-67,2015-08-14 06:00:00,Preventive,Completed
MNT-02715,MAC-67,2015-08-14 06:00:00,Preventive,Completed
MNT-02716,MAC-67,2015-08-29 06:00:00,Preventive,Completed
MNT-02717,MAC-67,2015-08-29 06:00:00,Preventive,Completed
MNT-02718,MAC-67,2015-08-29 06:00:00,Corrective,Completed
MNT-02719,MAC-67,2015-09-13 06:00:00,Preventive,Completed
MNT-02720,MAC-67,2015-09-13 06:00:00,Corrective,Completed
MNT-02721,MAC-67,2015-09-28 06:00:00,Preventive,Completed
MNT-02722,MAC-67,2015-09-28 06:00:00,Corrective,Completed
MNT-02723,MAC-67,2015-10-13 06:00:00,Preventive,Completed
MNT-02724,MAC-67,2015-10-13 06:00:00,Corrective,Completed
MNT-02725,MAC-67,2015-10-28 06:00:00,Preventive,Completed
MNT-02726,MAC-67,2015-11-12 06:00:00,Preventive,Completed
MNT-02727,MAC-67,2015-11-27 06:00:00,Preventive,Completed
MNT-02728,MAC-68,2014-09-14 06:00:00,Preventive,Completed
MNT-02729,MAC-68,2014-10-14 06:00:00,Preventive,Completed
MNT-02730,MAC-68,2014-11-28 06:00:00,Preventive,Completed
MNT-02731,MAC-68,2014-12-13 06:00:00,Preventive,Completed
MNT-02732,MAC-68,2015-01-02 06:00:00,Preventive,Completed
MNT-02733,MAC-68,2015-01-17 06:00:00,Preventive,Completed
MNT-02734,MAC-68,2015-01-17 06:00:00,Preventive,Completed
MNT-02735,MAC-68,2015-02-01 06:00:00,Preventive,Completed
MNT-02736,MAC-68,2015-02-16 06:00:00,Preventive,Completed
MNT-02737,MAC-68,2015-02-16 06:00:00,Preventive,Completed
MNT-02738,MAC-68,2015-03-03 06:00:00,Preventive,Completed
MNT-02739,MAC-68,2015-03-03 06:00:00,Preventive,Completed
MNT-02740,MAC-68,2015-03-18 06:00:00,Preventive,Completed
MNT-02741,MAC-68,2015-04-02 06:00:00,Preventive,Completed
MNT-02742,MAC-68,2015-04-02 06:00:00,Corrective,Completed
MNT-02743,MAC-68,2015-04-17 06:00:00,Preventive,Completed
MNT-02744,MAC-68,2015-05-02 06:00:00,Preventive,Completed
MNT-02745,MAC-68,2015-06-01 06:00:00,Preventive,Completed
MNT-02746,MAC-68,2015-06-16 06:00:00,Preventive,Completed
MNT-02747,MAC-68,2015-07-01 06:00:00,Preventive,Completed
MNT-02748,MAC-68,2015-07-01 06:00:00,Preventive,Completed
MNT-02749,MAC-68,2015-07-16 06:00:00,Preventive,Completed
MNT-02750,MAC-68,2015-07-16 06:00:00,Preventive,Completed
MNT-02751,MAC-68,2015-07-31 06:00:00,Preventive,Completed
MNT-02752,MAC-68,2015-07-31 06:00:00,Preventive,Completed
MNT-02753,MAC-68,2015-08-15 06:00:00,Preventive,Completed
MNT-02754,MAC-68,2015-08-15 06:00:00,Preventive,Completed
MNT-02755,MAC-68,2015-08-15 06:00:00,Corrective,Completed
MNT-02756,MAC-68,2015-08-30 06:00:00,Preventive,Completed
MNT-02757,MAC-68,2015-09-14 06:00:00,Preventive,Completed
MNT-02758,MAC-68,2015-09-14 06:00:00,Preventive,Completed
MNT-02759,MAC-68,2015-09-29 06:00:00,Preventive,Completed
MNT-02760,MAC-68,2015-10-14 06:00:00,Preventive,Completed
MNT-02761,MAC-68,2015-10-14 06:00:00,Preventive,Completed
MNT-02762,MAC-68,2015-10-29 06:00:00,Preventive,Completed
MNT-02763,MAC-68,2015-11-13 06:00:00,Preventive,Completed
MNT-02764,MAC-68,2015-11-28 06:00:00,Preventive,Completed
MNT-02765,MAC-68,2015-11-28 06:00:00,Preventive,Completed
MNT-02766,MAC-68,2015-11-28 06:00:00,Corrective,Completed
MNT-02767,MAC-68,2015-12-13 06:00:00,Preventive,Completed
MNT-02768,MAC-68,2015-12-13 06:00:00,Corrective,Completed
MNT-02769,MAC-68,2015-12-28 06:00:00,Preventive,Completed
MNT-02770,MAC-68,2015-12-28 06:00:00,Preventive,Completed
MNT-02771,MAC-69,2014-07-16 06:00:00,Preventive,Completed
MNT-02772,MAC-69,2014-07-16 06:00:00,Preventive,Completed
MNT-02773,MAC-69,2014-10-14 06:00:00,Preventive,Completed
MNT-02774,MAC-69,2014-11-28 06:00:00,Preventive,Completed
MNT-02775,MAC-69,2015-01-05 06:00:00,Preventive,Completed
MNT-02776,MAC-69,2015-01-05 06:00:00,Preventive,Completed
MNT-02777,MAC-69,2015-01-05 06:00:00,Corrective,Completed
MNT-02778,MAC-69,2015-01-20 06:00:00,Preventive,Completed
MNT-02779,MAC-69,2015-01-20 06:00:00,Corrective,Completed
MNT-02780,MAC-69,2015-02-04 06:00:00,Preventive,Completed
MNT-02781,MAC-69,2015-02-04 06:00:00,Corrective,Completed
MNT-02782,MAC-69,2015-02-19 06:00:00,Preventive,Completed
MNT-02783,MAC-69,2015-02-19 06:00:00,Preventive,Completed
MNT-02784,MAC-69,2015-03-06 06:00:00,Preventive,Completed
MNT-02785,MAC-69,2015-03-21 06:00:00,Preventive,Completed
MNT-02786,MAC-69,2015-04-05 06:00:00,Preventive,Completed
MNT-02787,MAC-69,2015-04-20 06:00:00,Preventive,Completed
MNT-02788,MAC-69,2015-04-20 06:00:00,Corrective,Completed
MNT-02789,MAC-69,2015-05-20 06:00:00,Preventive,Completed
MNT-02790,MAC-69,2015-05-20 06:00:00,Corrective,Completed
MNT-02791,MAC-69,2015-06-04 06:00:00,Preventive,Completed
MNT-02792,MAC-69,2015-06-19 06:00:00,Preventive,Completed
MNT-02793,MAC-69,2015-07-04 06:00:00,Preventive,Completed
MNT-02794,MAC-69,2015-07-19 06:00:00,Preventive,Completed
MNT-02795,MAC-69,2015-08-03 06:00:00,Preventive,Completed
MNT-02796,MAC-69,2015-08-03 06:00:00,Preventive,Completed
MNT-02797,MAC-69,2015-08-03 06:00:00,Corrective,Completed
MNT-02798,MAC-69,2015-08-18 06:00:00,Preventive,Completed
MNT-02799,MAC-69,2015-08-18 06:00:00,Preventive,Completed
MNT-02800,MAC-69,2015-08-18 06:00:00,Corrective,Completed
MNT-02801,MAC-69,2015-09-02 06:00:00,Preventive,Completed
MNT-02802,MAC-69,2015-09-02 06:00:00,Preventive,Completed
MNT-02803,MAC-69,2015-09-02 06:00:00,Corrective,Completed
MNT-02804,MAC-69,2015-10-02 06:00:00,Preventive,Completed
MNT-02805,MAC-69,2015-10-17 06:00:00,Preventive,Completed
MNT-02806,MAC-69,2015-10-17 06:00:00,Corrective,Completed
MNT-02807,MAC-69,2015-11-01 06:00:00,Preventive,Completed
MNT-02808,MAC-69,2015-11-01 06:00:00,Corrective,Completed
MNT-02809,MAC-69,2015-11-16 06:00:00,Preventive,Completed
MNT-02810,MAC-69,2015-11-16 06:00:00,Preventive,Completed
MNT-02811,MAC-69,2015-12-01 06:00:00,Preventive,Completed
MNT-02812,MAC-69,2015-12-01 06:00:00,Preventive,Completed
MNT-02813,MAC-69,2015-12-16 06:00:00,Preventive,Completed
MNT-02814,MAC-69,2015-12-31 06:00:00,Preventive,Completed
MNT-02815,MAC-70,2014-07-01 06:00:00,Preventive,Completed
MNT-02816,MAC-70,2014-07-31 06:00:00,Preventive,Completed
MNT-02817,MAC-70,2014-11-13 06:00:00,Preventive,Completed
MNT-02818,MAC-70,2014-11-28 06:00:00,Preventive,Completed
MNT-02819,MAC-70,2015-01-13 06:00:00,Preventive,Completed
MNT-02820,MAC-70,2015-01-13 06:00:00,Preventive,Completed
MNT-02821,MAC-70,2015-01-28 06:00:00,Preventive,Completed
MNT-02822,MAC-70,2015-01-28 06:00:00,Preventive,Completed
MNT-02823,MAC-70,2015-01-28 06:00:00,Corrective,Completed
MNT-02824,MAC-70,2015-02-12 06:00:00,Preventive,Completed
MNT-02825,MAC-70,2015-02-27 06:00:00,Preventive,Completed
MNT-02826,MAC-70,2015-03-14 06:00:00,Preventive,Completed
MNT-02827,MAC-70,2015-03-14 06:00:00,Preventive,Completed
MNT-02828,MAC-70,2015-03-29 06:00:00,Preventive,Completed
MNT-02829,MAC-70,2015-04-13 06:00:00,Preventive,Completed
MNT-02830,MAC-70,2015-04-13 06:00:00,Preventive,Completed
MNT-02831,MAC-70,2015-04-28 06:00:00,Preventive,Completed
MNT-02832,MAC-70,2015-05-13 06:00:00,Preventive,Completed
MNT-02833,MAC-70,2015-05-13 06:00:00,Preventive,Completed
MNT-02834,MAC-70,2015-05-28 06:00:00,Preventive,Completed
MNT-02835,MAC-70,2015-05-28 06:00:00,Preventive,Completed
MNT-02836,MAC-70,2015-05-28 06:00:00,Corrective,Completed
MNT-02837,MAC-70,2015-06-12 06:00:00,Preventive,Completed
MNT-02838,MAC-70,2015-06-12 06:00:00,Preventive,Completed
MNT-02839,MAC-70,2015-06-27 06:00:00,Preventive,Completed
MNT-02840,MAC-70,2015-07-12 06:00:00,Preventive,Completed
MNT-02841,MAC-70,2015-07-12 06:00:00,Preventive,Completed
MNT-02842,MAC-70,2015-07-12 06:00:00,Corrective,Completed
MNT-02843,MAC-70,2015-07-27 06:00:00,Preventive,Completed
MNT-02844,MAC-70,2015-08-11 06:00:00,Preventive,Completed
MNT-02845,MAC-70,2015-08-26 06:00:00,Preventive,Completed
MNT-02846,MAC-70,2015-09-10 06:00:00,Preventive,Completed
MNT-02847,MAC-70,2015-09-10 06:00:00,Preventive,Completed
MNT-02848,MAC-70,2015-09-25 06:00:00,Preventive,Completed
MNT-02849,MAC-70,2015-10-10 06:00:00,Preventive,Completed
MNT-02850,MAC-70,2015-10-25 06:00:00,Preventive,Completed
MNT-02851,MAC-70,2015-11-09 06:00:00,Preventive,Completed
MNT-02852,MAC-70,2015-11-09 06:00:00,Preventive,Completed
MNT-02853,MAC-70,2015-11-09 06:00:00,Corrective,Completed
MNT-02854,MAC-70,2015-11-24 06:00:00,Preventive,Completed
MNT-02855,MAC-70,2015-12-09 06:00:00,Preventive,Completed
MNT-02856,MAC-70,2015-12-09 06:00:00,Preventive,Completed
MNT-02857,MAC-70,2015-12-09 06:00:00,Corrective,Completed
MNT-02858,MAC-70,2015-12-24 06:00:00,Preventive,Completed
MNT-02859,MAC-71,2014-07-31 06:00:00,Preventive,Completed
MNT-02860,MAC-71,2014-08-30 06:00:00,Preventive,Completed
MNT-02861,MAC-71,2014-12-13 06:00:00,Preventive,Completed
MNT-02862,MAC-71,2014-12-13 06:00:00,Preventive,Completed
MNT-02863,MAC-71,2015-01-11 06:00:00,Preventive,Completed
MNT-02864,MAC-71,2015-01-11 06:00:00,Corrective,Completed
MNT-02865,MAC-71,2015-01-26 06:00:00,Preventive,Completed
MNT-02866,MAC-71,2015-01-26 06:00:00,Preventive,Completed
MNT-02867,MAC-71,2015-01-26 06:00:00,Corrective,Completed
MNT-02868,MAC-71,2015-01-26 06:00:00,Corrective,Completed
MNT-02869,MAC-71,2015-02-10 06:00:00,Preventive,Completed
MNT-02870,MAC-71,2015-02-10 06:00:00,Corrective,Completed
MNT-02871,MAC-71,2015-02-25 06:00:00,Preventive,Completed
MNT-02872,MAC-71,2015-02-25 06:00:00,Corrective,Completed
MNT-02873,MAC-71,2015-03-12 06:00:00,Preventive,Completed
MNT-02874,MAC-71,2015-03-12 06:00:00,Corrective,Completed
MNT-02875,MAC-71,2015-03-27 06:00:00,Preventive,Completed
MNT-02876,MAC-71,2015-03-27 06:00:00,Preventive,Completed
MNT-02877,MAC-71,2015-03-27 06:00:00,Corrective,Completed
MNT-02878,MAC-71,2015-04-26 06:00:00,Preventive,Completed
MNT-02879,MAC-71,2015-04-26 06:00:00,Corrective,Completed
MNT-02880,MAC-71,2015-05-11 06:00:00,Preventive,Completed
MNT-02881,MAC-71,2015-06-10 06:00:00,Preventive,Completed
MNT-02882,MAC-71,2015-06-10 06:00:00,Preventive,Completed
MNT-02883,MAC-71,2015-06-10 06:00:00,Corrective,Completed
MNT-02884,MAC-71,2015-06-25 06:00:00,Preventive,Completed
MNT-02885,MAC-71,2015-06-25 06:00:00,Preventive,Completed
MNT-02886,MAC-71,2015-06-25 06:00:00,Corrective,Completed
MNT-02887,MAC-71,2015-07-10 06:00:00,Preventive,Completed
MNT-02888,MAC-71,2015-07-10 06:00:00,Preventive,Completed
MNT-02889,MAC-71,2015-07-25 06:00:00,Preventive,Completed
MNT-02890,MAC-71,2015-07-25 06:00:00,Corrective,Completed
MNT-02891,MAC-71,2015-08-09 06:00:00,Preventive,Completed
MNT-02892,MAC-71,2015-08-24 06:00:00,Preventive,Completed
MNT-02893,MAC-71,2015-08-24 06:00:00,Preventive,Completed
MNT-02894,MAC-71,2015-09-08 06:00:00,Preventive,Completed
MNT-02895,MAC-71,2015-09-23 06:00:00,Preventive,Completed
MNT-02896,MAC-71,2015-09-23 06:00:00,Preventive,Completed
MNT-02897,MAC-71,2015-09-23 06:00:00,Corrective,Completed
MNT-02898,MAC-71,2015-10-08 06:00:00,Preventive,Completed
MNT-02899,MAC-71,2015-10-08 06:00:00,Corrective,Completed
MNT-02900,MAC-71,2015-10-23 06:00:00,Preventive,Completed
MNT-02901,MAC-71,2015-11-07 06:00:00,Preventive,Completed
MNT-02902,MAC-71,2015-11-22 06:00:00,Preventive,Completed
MNT-02903,MAC-71,2015-12-07 06:00:00,Preventive,Completed
MNT-02904,MAC-71,2015-12-22 06:00:00,Preventive,Completed
MNT-02905,MAC-72,2014-07-31 06:00:00,Preventive,Completed
MNT-02906,MAC-72,2014-08-30 06:00:00,Preventive,Completed
MNT-02907,MAC-72,2014-10-29 06:00:00,Preventive,Completed
MNT-02908,MAC-72,2014-11-28 06:00:00,Preventive,Completed
MNT-02909,MAC-72,2015-01-23 06:00:00,Preventive,Completed
MNT-02910,MAC-72,2015-02-07 06:00:00,Preventive,Completed
MNT-02911,MAC-72,2015-02-22 06:00:00,Preventive,Completed
MNT-02912,MAC-72,2015-03-09 06:00:00,Preventive,Completed
MNT-02913,MAC-72,2015-03-24 06:00:00,Preventive,Completed
MNT-02914,MAC-72,2015-03-24 06:00:00,Corrective,Completed
MNT-02915,MAC-72,2015-04-08 06:00:00,Preventive,Completed
MNT-02916,MAC-72,2015-04-23 06:00:00,Preventive,Completed
MNT-02917,MAC-72,2015-05-08 06:00:00,Preventive,Completed
MNT-02918,MAC-72,2015-05-23 06:00:00,Preventive,Completed
MNT-02919,MAC-72,2015-05-23 06:00:00,Preventive,Completed
MNT-02920,MAC-72,2015-06-07 06:00:00,Preventive,Completed
MNT-02921,MAC-72,2015-06-07 06:00:00,Preventive,Completed
MNT-02922,MAC-72,2015-06-22 06:00:00,Preventive,Completed
MNT-02923,MAC-72,2015-07-07 06:00:00,Preventive,Completed
MNT-02924,MAC-72,2015-07-07 06:00:00,Preventive,Completed
MNT-02925,MAC-72,2015-07-22 06:00:00,Preventive,Completed
MNT-02926,MAC-72,2015-08-06 06:00:00,Preventive,Completed
MNT-02927,MAC-72,2015-08-21 06:00:00,Preventive,Completed
MNT-02928,MAC-72,2015-09-05 06:00:00,Preventive,Completed
MNT-02929,MAC-72,2015-09-05 06:00:00,Corrective,Completed
MNT-02930,MAC-72,2015-09-20 06:00:00,Preventive,Completed
MNT-02931,MAC-72,2015-10-20 06:00:00,Preventive,Completed
MNT-02932,MAC-72,2015-10-20 06:00:00,Preventive,Completed
MNT-02933,MAC-72,2015-11-04 06:00:00,Preventive,Completed
MNT-02934,MAC-72,2015-12-04 06:00:00,Preventive,Completed
MNT-02935,MAC-72,2015-12-19 06:00:00,Preventive,Completed
MNT-02936,MAC-73,2014-07-01 06:00:00,Preventive,Completed
MNT-02937,MAC-73,2014-07-16 06:00:00,Preventive,Completed
MNT-02938,MAC-73,2014-09-29 06:00:00,Preventive,Completed
MNT-02939,MAC-73,2014-11-28 06:00:00,Preventive,Completed
MNT-02940,MAC-73,2015-01-02 03:00:00,Corrective,Completed
MNT-02941,MAC-73,2015-01-02 06:00:00,Preventive,Completed
MNT-02942,MAC-73,2015-01-02 06:00:00,Preventive,Completed
MNT-02943,MAC-73,2015-01-02 06:00:00,Corrective,Completed
MNT-02944,MAC-73,2015-01-17 06:00:00,Preventive,Completed
MNT-02945,MAC-73,2015-02-16 06:00:00,Preventive,Completed
MNT-02946,MAC-73,2015-02-16 06:00:00,Corrective,Completed
MNT-02947,MAC-73,2015-04-02 06:00:00,Preventive,Completed
MNT-02948,MAC-73,2015-04-02 06:00:00,Corrective,Completed
MNT-02949,MAC-73,2015-04-17 06:00:00,Preventive,Completed
MNT-02950,MAC-73,2015-04-17 06:00:00,Corrective,Completed
MNT-02951,MAC-73,2015-05-02 06:00:00,Preventive,Completed
MNT-02952,MAC-73,2015-05-02 06:00:00,Preventive,Completed
MNT-02953,MAC-73,2015-05-02 06:00:00,Corrective,Completed
MNT-02954,MAC-73,2015-05-17 06:00:00,Preventive,Completed
MNT-02955,MAC-73,2015-05-17 06:00:00,Corrective,Completed
MNT-02956,MAC-73,2015-06-01 06:00:00,Preventive,Completed
MNT-02957,MAC-73,2015-06-01 06:00:00,Preventive,Completed
MNT-02958,MAC-73,2015-06-16 06:00:00,Preventive,Completed
MNT-02959,MAC-73,2015-07-01 06:00:00,Preventive,Completed
MNT-02960,MAC-73,2015-07-16 06:00:00,Preventive,Completed
MNT-02961,MAC-73,2015-07-16 06:00:00,Corrective,Completed
MNT-02962,MAC-73,2015-07-31 06:00:00,Preventive,Completed
MNT-02963,MAC-73,2015-08-30 06:00:00,Preventive,Completed
MNT-02964,MAC-73,2015-08-30 06:00:00,Corrective,Completed
MNT-02965,MAC-73,2015-09-14 06:00:00,Preventive,Completed
MNT-02966,MAC-73,2015-09-14 06:00:00,Corrective,Completed
MNT-02967,MAC-73,2015-09-29 06:00:00,Preventive,Completed
MNT-02968,MAC-73,2015-10-14 06:00:00,Preventive,Completed
MNT-02969,MAC-73,2015-10-14 06:00:00,Preventive,Completed
MNT-02970,MAC-73,2015-10-29 06:00:00,Preventive,Completed
MNT-02971,MAC-73,2015-10-29 06:00:00,Preventive,Completed
MNT-02972,MAC-73,2015-11-13 06:00:00,Preventive,Completed
MNT-02973,MAC-73,2015-11-13 06:00:00,Preventive,Completed
MNT-02974,MAC-73,2015-11-13 06:00:00,Corrective,Completed
MNT-02975,MAC-73,2015-11-28 06:00:00,Preventive,Completed
MNT-02976,MAC-73,2015-11-28 06:00:00,Corrective,Completed
MNT-02977,MAC-73,2015-12-13 06:00:00,Preventive,Completed
MNT-02978,MAC-73,2015-12-28 06:00:00,Preventive,Completed
MNT-02979,MAC-74,2014-06-01 06:00:00,Preventive,Completed
MNT-02980,MAC-74,2014-08-30 06:00:00,Preventive,Completed
MNT-02981,MAC-74,2014-08-30 06:00:00,Preventive,Completed
MNT-02982,MAC-74,2014-09-29 06:00:00,Preventive,Completed
MNT-02983,MAC-74,2015-01-23 06:00:00,Preventive,Completed
MNT-02984,MAC-74,2015-01-23 06:00:00,Corrective,Completed
MNT-02985,MAC-74,2015-02-07 06:00:00,Preventive,Completed
MNT-02986,MAC-74,2015-03-09 06:00:00,Preventive,Completed
MNT-02987,MAC-74,2015-03-09 06:00:00,Corrective,Completed
MNT-02988,MAC-74,2015-04-23 06:00:00,Preventive,Completed
MNT-02989,MAC-74,2015-05-08 06:00:00,Preventive,Completed
MNT-02990,MAC-74,2015-05-08 06:00:00,Corrective,Completed
MNT-02991,MAC-74,2015-05-23 06:00:00,Preventive,Completed
MNT-02992,MAC-74,2015-06-07 06:00:00,Preventive,Completed
MNT-02993,MAC-74,2015-06-22 06:00:00,Preventive,Completed
MNT-02994,MAC-74,2015-06-22 06:00:00,Preventive,Completed
MNT-02995,MAC-74,2015-06-22 06:00:00,Corrective,Completed
MNT-02996,MAC-74,2015-07-07 06:00:00,Preventive,Completed
MNT-02997,MAC-74,2015-07-22 06:00:00,Preventive,Completed
MNT-02998,MAC-74,2015-07-22 06:00:00,Preventive,Completed
MNT-02999,MAC-74,2015-07-22 06:00:00,Corrective,Completed
MNT-03000,MAC-74,2015-08-06 06:00:00,Preventive,Completed
MNT-03001,MAC-74,2015-08-21 06:00:00,Preventive,Completed
MNT-03002,MAC-74,2015-08-21 06:00:00,Preventive,Completed
MNT-03003,MAC-74,2015-09-05 06:00:00,Preventive,Completed
MNT-03004,MAC-74,2015-10-05 06:00:00,Preventive,Completed
MNT-03005,MAC-74,2015-10-20 06:00:00,Preventive,Completed
MNT-03006,MAC-74,2015-10-20 06:00:00,Corrective,Completed
MNT-03007,MAC-74,2015-11-04 06:00:00,Preventive,Completed
MNT-03008,MAC-74,2015-12-04 06:00:00,Preventive,Completed
MNT-03009,MAC-74,2015-12-04 06:00:00,Preventive,Completed
MNT-03010,MAC-74,2015-12-19 06:00:00,Preventive,Completed
MNT-03011,MAC-75,2014-06-01 06:00:00,Preventive,Completed
MNT-03012,MAC-75,2014-09-14 06:00:00,Preventive,Completed
MNT-03013,MAC-75,2014-09-29 06:00:00,Preventive,Completed
MNT-03014,MAC-75,2014-11-13 06:00:00,Preventive,Completed
MNT-03015,MAC-75,2015-01-07 06:00:00,Preventive,Completed
MNT-03016,MAC-75,2015-01-07 06:00:00,Corrective,Completed
MNT-03017,MAC-75,2015-01-22 06:00:00,Preventive,Completed
MNT-03018,MAC-75,2015-01-22 06:00:00,Preventive,Completed
MNT-03019,MAC-75,2015-02-06 06:00:00,Preventive,Completed
MNT-03020,MAC-75,2015-02-06 06:00:00,Corrective,Completed
MNT-03021,MAC-75,2015-02-21 06:00:00,Preventive,Completed
MNT-03022,MAC-75,2015-03-23 06:00:00,Preventive,Completed
MNT-03023,MAC-75,2015-04-07 06:00:00,Preventive,Completed
MNT-03024,MAC-75,2015-04-07 06:00:00,Preventive,Completed
MNT-03025,MAC-75,2015-04-07 06:00:00,Corrective,Completed
MNT-03026,MAC-75,2015-04-22 06:00:00,Preventive,Completed
MNT-03027,MAC-75,2015-05-07 06:00:00,Preventive,Completed
MNT-03028,MAC-75,2015-05-07 06:00:00,Preventive,Completed
MNT-03029,MAC-75,2015-05-07 06:00:00,Corrective,Completed
MNT-03030,MAC-75,2015-05-22 06:00:00,Preventive,Completed
MNT-03031,MAC-75,2015-05-22 06:00:00,Preventive,Completed
MNT-03032,MAC-75,2015-06-06 06:00:00,Preventive,Completed
MNT-03033,MAC-75,2015-06-06 06:00:00,Preventive,Completed
MNT-03034,MAC-75,2015-06-06 06:00:00,Corrective,Completed
MNT-03035,MAC-75,2015-06-21 06:00:00,Preventive,Completed
MNT-03036,MAC-75,2015-07-06 06:00:00,Preventive,Completed
MNT-03037,MAC-75,2015-07-06 06:00:00,Preventive,Completed
MNT-03038,MAC-75,2015-07-21 06:00:00,Preventive,Completed
MNT-03039,MAC-75,2015-07-21 06:00:00,Corrective,Completed
MNT-03040,MAC-75,2015-08-05 06:00:00,Preventive,Completed
MNT-03041,MAC-75,2015-08-20 06:00:00,Preventive,Completed
MNT-03042,MAC-75,2015-08-20 06:00:00,Corrective,Completed
MNT-03043,MAC-75,2015-09-04 06:00:00,Preventive,Completed
MNT-03044,MAC-75,2015-09-04 06:00:00,Corrective,Completed
MNT-03045,MAC-75,2015-09-19 06:00:00,Preventive,Completed
MNT-03046,MAC-75,2015-10-04 06:00:00,Preventive,Completed
MNT-03047,MAC-75,2015-10-19 06:00:00,Preventive,Completed
MNT-03048,MAC-75,2015-10-19 06:00:00,Corrective,Completed
MNT-03049,MAC-75,2015-11-03 06:00:00,Preventive,Completed
MNT-03050,MAC-75,2015-11-18 06:00:00,Preventive,Completed
MNT-03051,MAC-75,2015-12-03 06:00:00,Preventive,Completed
MNT-03052,MAC-75,2015-12-18 06:00:00,Preventive,Completed
MNT-03053,MAC-76,2014-07-01 06:00:00,Preventive,Completed
MNT-03054,MAC-76,2014-11-28 06:00:00,Preventive,Completed
MNT-03055,MAC-76,2014-12-13 06:00:00,Preventive,Completed
MNT-03056,MAC-76,2014-12-13 06:00:00,Preventive,Completed
MNT-03057,MAC-76,2015-01-18 06:00:00,Preventive,Completed
MNT-03058,MAC-76,2015-01-18 06:00:00,Corrective,Completed
MNT-03059,MAC-76,2015-02-02 06:00:00,Preventive,Completed
MNT-03060,MAC-76,2015-02-02 06:00:00,Preventive,Completed
MNT-03061,MAC-76,2015-02-02 06:00:00,Corrective,Completed
MNT-03062,MAC-76,2015-02-17 06:00:00,Preventive,Completed
MNT-03063,MAC-76,2015-03-04 06:00:00,Preventive,Completed
MNT-03064,MAC-76,2015-03-04 06:00:00,Corrective,Completed
MNT-03065,MAC-76,2015-03-19 06:00:00,Preventive,Completed
MNT-03066,MAC-76,2015-03-19 06:00:00,Preventive,Completed
MNT-03067,MAC-76,2015-03-19 06:00:00,Corrective,Completed
MNT-03068,MAC-76,2015-04-03 06:00:00,Preventive,Completed
MNT-03069,MAC-76,2015-04-03 06:00:00,Corrective,Completed
MNT-03070,MAC-76,2015-04-18 06:00:00,Preventive,Completed
MNT-03071,MAC-76,2015-05-03 06:00:00,Preventive,Completed
MNT-03072,MAC-76,2015-05-03 06:00:00,Corrective,Completed
MNT-03073,MAC-76,2015-05-18 06:00:00,Preventive,Completed
MNT-03074,MAC-76,2015-06-02 06:00:00,Preventive,Completed
MNT-03075,MAC-76,2015-06-17 06:00:00,Preventive,Completed
MNT-03076,MAC-76,2015-07-02 06:00:00,Preventive,Completed
MNT-03077,MAC-76,2015-07-17 06:00:00,Preventive,Completed
MNT-03078,MAC-76,2015-08-01 06:00:00,Preventive,Completed
MNT-03079,MAC-76,2015-08-01 06:00:00,Preventive,Completed
MNT-03080,MAC-76,2015-08-16 06:00:00,Preventive,Completed
MNT-03081,MAC-76,2015-08-16 06:00:00,Corrective,Completed
MNT-03082,MAC-76,2015-08-31 06:00:00,Preventive,Completed
MNT-03083,MAC-76,2015-09-15 06:00:00,Preventive,Completed
MNT-03084,MAC-76,2015-09-15 06:00:00,Preventive,Completed
MNT-03085,MAC-76,2015-09-30 06:00:00,Preventive,Completed
MNT-03086,MAC-76,2015-09-30 06:00:00,Preventive,Completed
MNT-03087,MAC-76,2015-09-30 06:00:00,Corrective,Completed
MNT-03088,MAC-76,2015-10-15 06:00:00,Preventive,Completed
MNT-03089,MAC-76,2015-10-30 06:00:00,Preventive,Completed
MNT-03090,MAC-76,2015-11-29 06:00:00,Preventive,Completed
MNT-03091,MAC-76,2015-11-29 06:00:00,Preventive,Completed
MNT-03092,MAC-76,2015-11-29 06:00:00,Corrective,Completed
MNT-03093,MAC-76,2015-12-14 06:00:00,Preventive,Completed
MNT-03094,MAC-76,2015-12-29 06:00:00,Preventive,Completed
MNT-03095,MAC-77,2014-07-31 06:00:00,Preventive,Completed
MNT-03096,MAC-77,2014-09-29 06:00:00,Preventive,Completed
MNT-03097,MAC-77,2014-09-29 06:00:00,Preventive,Completed
MNT-03098,MAC-77,2014-11-13 06:00:00,Preventive,Completed
MNT-03099,MAC-77,2015-01-11 06:00:00,Preventive,Completed
MNT-03100,MAC-77,2015-01-26 06:00:00,Preventive,Completed
MNT-03101,MAC-77,2015-02-10 06:00:00,Preventive,Completed
MNT-03102,MAC-77,2015-02-10 06:00:00,Preventive,Completed
MNT-03103,MAC-77,2015-03-12 06:00:00,Preventive,Completed
MNT-03104,MAC-77,2015-03-27 06:00:00,Preventive,Completed
MNT-03105,MAC-77,2015-04-11 06:00:00,Preventive,Completed
MNT-03106,MAC-77,2015-04-11 06:00:00,Preventive,Completed
MNT-03107,MAC-77,2015-04-26 06:00:00,Preventive,Completed
MNT-03108,MAC-77,2015-04-26 06:00:00,Preventive,Completed
MNT-03109,MAC-77,2015-05-11 06:00:00,Preventive,Completed
MNT-03110,MAC-77,2015-05-11 06:00:00,Preventive,Completed
MNT-03111,MAC-77,2015-05-26 06:00:00,Preventive,Completed
MNT-03112,MAC-77,2015-05-26 06:00:00,Preventive,Completed
MNT-03113,MAC-77,2015-06-10 06:00:00,Preventive,Completed
MNT-03114,MAC-77,2015-06-25 06:00:00,Preventive,Completed
MNT-03115,MAC-77,2015-07-10 06:00:00,Preventive,Completed
MNT-03116,MAC-77,2015-07-25 06:00:00,Preventive,Completed
MNT-03117,MAC-77,2015-07-25 06:00:00,Preventive,Completed
MNT-03118,MAC-77,2015-08-09 06:00:00,Preventive,Completed
MNT-03119,MAC-77,2015-08-24 06:00:00,Preventive,Completed
MNT-03120,MAC-77,2015-09-23 06:00:00,Preventive,Completed
MNT-03121,MAC-77,2015-10-08 06:00:00,Preventive,Completed
MNT-03122,MAC-77,2015-10-23 06:00:00,Preventive,Completed
MNT-03123,MAC-77,2015-11-07 06:00:00,Preventive,Completed
MNT-03124,MAC-77,2015-12-07 06:00:00,Preventive,Completed
MNT-03125,MAC-77,2015-12-07 06:00:00,Preventive,Completed
MNT-03126,MAC-77,2015-12-22 06:00:00,Preventive,Completed
MNT-03127,MAC-77,2015-12-22 06:00:00,Preventive,Completed
MNT-03128,MAC-78,2014-06-16 06:00:00,Preventive,Completed
MNT-03129,MAC-78,2014-07-01 06:00:00,Preventive,Completed
MNT-03130,MAC-78,2014-08-15 06:00:00,Preventive,Completed
MNT-03131,MAC-78,2014-11-28 06:00:00,Preventive,Completed
MNT-03132,MAC-78,2015-01-21 06:00:00,Preventive,Completed
MNT-03133,MAC-78,2015-01-21 06:00:00,Preventive,Completed
MNT-03134,MAC-78,2015-02-05 06:00:00,Preventive,Completed
MNT-03135,MAC-78,2015-02-05 06:00:00,Corrective,Completed
MNT-03136,MAC-78,2015-02-20 06:00:00,Preventive,Completed
MNT-03137,MAC-78,2015-02-20 06:00:00,Corrective,Completed
MNT-03138,MAC-78,2015-03-07 06:00:00,Preventive,Completed
MNT-03139,MAC-78,2015-03-07 06:00:00,Preventive,Completed
MNT-03140,MAC-78,2015-03-07 06:00:00,Corrective,Completed
MNT-03141,MAC-78,2015-04-06 06:00:00,Preventive,Completed
MNT-03142,MAC-78,2015-04-21 06:00:00,Preventive,Completed
MNT-03143,MAC-78,2015-05-06 06:00:00,Preventive,Completed
MNT-03144,MAC-78,2015-05-21 06:00:00,Preventive,Completed
MNT-03145,MAC-78,2015-06-05 06:00:00,Preventive,Completed
MNT-03146,MAC-78,2015-06-05 06:00:00,Corrective,Completed
MNT-03147,MAC-78,2015-06-20 06:00:00,Preventive,Completed
MNT-03148,MAC-78,2015-07-05 06:00:00,Preventive,Completed
MNT-03149,MAC-78,2015-07-05 06:00:00,Preventive,Completed
MNT-03150,MAC-78,2015-07-05 06:00:00,Corrective,Completed
MNT-03151,MAC-78,2015-07-20 06:00:00,Preventive,Completed
MNT-03152,MAC-78,2015-07-20 06:00:00,Preventive,Completed
MNT-03153,MAC-78,2015-07-20 06:00:00,Corrective,Completed
MNT-03154,MAC-78,2015-08-04 06:00:00,Preventive,Completed
MNT-03155,MAC-78,2015-08-19 06:00:00,Preventive,Completed
MNT-03156,MAC-78,2015-09-03 06:00:00,Preventive,Completed
MNT-03157,MAC-78,2015-09-03 06:00:00,Corrective,Completed
MNT-03158,MAC-78,2015-09-18 06:00:00,Preventive,Completed
MNT-03159,MAC-78,2015-10-03 06:00:00,Preventive,Completed
MNT-03160,MAC-78,2015-10-18 06:00:00,Preventive,Completed
MNT-03161,MAC-78,2015-11-02 06:00:00,Preventive,Completed
MNT-03162,MAC-78,2015-11-02 06:00:00,Preventive,Completed
MNT-03163,MAC-78,2015-11-02 06:00:00,Corrective,Completed
MNT-03164,MAC-78,2015-11-17 06:00:00,Preventive,Completed
MNT-03165,MAC-78,2015-12-02 06:00:00,Preventive,Completed
MNT-03166,MAC-78,2015-12-17 06:00:00,Preventive,Completed
MNT-03167,MAC-78,2015-12-17 06:00:00,Preventive,Completed
MNT-03168,MAC-78,2015-12-17 06:00:00,Corrective,Completed
MNT-03169,MAC-78,2016-01-01 06:00:00,Preventive,Completed
MNT-03170,MAC-79,2014-06-01 06:00:00,Preventive,Completed
MNT-03171,MAC-79,2014-07-16 06:00:00,Preventive,Completed
MNT-03172,MAC-79,2014-09-14 06:00:00,Preventive,Completed
MNT-03173,MAC-79,2014-12-28 06:00:00,Preventive,Completed
MNT-03174,MAC-79,2015-01-02 03:00:00,Corrective,Completed
MNT-03175,MAC-79,2015-01-02 06:00:00,Preventive,Completed
MNT-03176,MAC-79,2015-01-17 06:00:00,Preventive,Completed
MNT-03177,MAC-79,2015-02-01 06:00:00,Preventive,Completed
MNT-03178,MAC-79,2015-02-01 06:00:00,Preventive,Completed
MNT-03179,MAC-79,2015-02-16 06:00:00,Preventive,Completed
MNT-03180,MAC-79,2015-03-03 06:00:00,Preventive,Completed
MNT-03181,MAC-79,2015-03-03 06:00:00,Corrective,Completed
MNT-03182,MAC-79,2015-03-18 06:00:00,Preventive,Completed
MNT-03183,MAC-79,2015-03-18 06:00:00,Corrective,Completed
MNT-03184,MAC-79,2015-04-02 06:00:00,Preventive,Completed
MNT-03185,MAC-79,2015-04-02 06:00:00,Corrective,Completed
MNT-03186,MAC-79,2015-04-17 06:00:00,Preventive,Completed
MNT-03187,MAC-79,2015-04-17 06:00:00,Preventive,Completed
MNT-03188,MAC-79,2015-05-02 06:00:00,Preventive,Completed
MNT-03189,MAC-79,2015-05-17 06:00:00,Preventive,Completed
MNT-03190,MAC-79,2015-05-17 06:00:00,Corrective,Completed
MNT-03191,MAC-79,2015-06-01 06:00:00,Preventive,Completed
MNT-03192,MAC-79,2015-06-16 06:00:00,Preventive,Completed
MNT-03193,MAC-79,2015-06-16 06:00:00,Preventive,Completed
MNT-03194,MAC-79,2015-06-16 06:00:00,Corrective,Completed
MNT-03195,MAC-79,2015-07-01 06:00:00,Preventive,Completed
MNT-03196,MAC-79,2015-07-01 06:00:00,Corrective,Completed
MNT-03197,MAC-79,2015-07-16 06:00:00,Preventive,Completed
MNT-03198,MAC-79,2015-07-31 06:00:00,Preventive,Completed
MNT-03199,MAC-79,2015-08-15 06:00:00,Preventive,Completed
MNT-03200,MAC-79,2015-08-15 06:00:00,Preventive,Completed
MNT-03201,MAC-79,2015-08-30 06:00:00,Preventive,Completed
MNT-03202,MAC-79,2015-09-14 06:00:00,Preventive,Completed
MNT-03203,MAC-79,2015-09-14 06:00:00,Corrective,Completed
MNT-03204,MAC-79,2015-09-29 06:00:00,Preventive,Completed
MNT-03205,MAC-79,2015-09-29 06:00:00,Corrective,Completed
MNT-03206,MAC-79,2015-10-14 06:00:00,Preventive,Completed
MNT-03207,MAC-79,2015-10-29 06:00:00,Preventive,Completed
MNT-03208,MAC-79,2015-11-13 06:00:00,Preventive,Completed
MNT-03209,MAC-79,2015-11-13 06:00:00,Preventive,Completed
MNT-03210,MAC-79,2015-11-28 06:00:00,Preventive,Completed
MNT-03211,MAC-79,2015-12-13 06:00:00,Preventive,Completed
MNT-03212,MAC-79,2015-12-13 06:00:00,Corrective,Completed
MNT-03213,MAC-79,2015-12-28 06:00:00,Preventive,Completed
MNT-03214,MAC-80,2014-09-29 06:00:00,Preventive,Completed
MNT-03215,MAC-80,2014-10-29 06:00:00,Preventive,Completed
MNT-03216,MAC-80,2014-11-28 06:00:00,Preventive,Completed
MNT-03217,MAC-80,2014-11-28 06:00:00,Preventive,Completed
MNT-03218,MAC-80,2015-01-02 03:00:00,Corrective,Completed
MNT-03219,MAC-80,2015-02-12 06:00:00,Preventive,Completed
MNT-03220,MAC-80,2015-03-14 06:00:00,Preventive,Completed
MNT-03221,MAC-80,2015-03-29 06:00:00,Preventive,Completed
MNT-03222,MAC-80,2015-04-13 06:00:00,Preventive,Completed
MNT-03223,MAC-80,2015-04-13 06:00:00,Preventive,Completed
MNT-03224,MAC-80,2015-04-28 06:00:00,Preventive,Completed
MNT-03225,MAC-80,2015-05-13 06:00:00,Preventive,Completed
MNT-03226,MAC-80,2015-05-13 06:00:00,Preventive,Completed
MNT-03227,MAC-80,2015-06-12 06:00:00,Preventive,Completed
MNT-03228,MAC-80,2015-06-12 06:00:00,Preventive,Completed
MNT-03229,MAC-80,2015-06-27 06:00:00,Preventive,Completed
MNT-03230,MAC-80,2015-06-27 06:00:00,Preventive,Completed
MNT-03231,MAC-80,2015-07-12 06:00:00,Preventive,Completed
MNT-03232,MAC-80,2015-07-12 06:00:00,Corrective,Completed
MNT-03233,MAC-80,2015-07-27 06:00:00,Preventive,Completed
MNT-03234,MAC-80,2015-07-27 06:00:00,Preventive,Completed
MNT-03235,MAC-80,2015-08-11 06:00:00,Preventive,Completed
MNT-03236,MAC-80,2015-09-10 06:00:00,Preventive,Completed
MNT-03237,MAC-80,2015-09-10 06:00:00,Corrective,Completed
MNT-03238,MAC-80,2015-09-25 06:00:00,Preventive,Completed
MNT-03239,MAC-80,2015-09-25 06:00:00,Preventive,Completed
MNT-03240,MAC-80,2015-10-10 06:00:00,Preventive,Completed
MNT-03241,MAC-80,2015-10-10 06:00:00,Preventive,Completed
MNT-03242,MAC-80,2015-11-09 06:00:00,Preventive,Completed
MNT-03243,MAC-80,2015-11-09 06:00:00,Corrective,Completed
MNT-03244,MAC-80,2015-11-24 06:00:00,Preventive,Completed
MNT-03245,MAC-80,2015-12-09 06:00:00,Preventive,Completed
MNT-03246,MAC-80,2015-12-09 06:00:00,Preventive,Completed
MNT-03247,MAC-80,2015-12-09 06:00:00,Corrective,Completed
MNT-03248,MAC-80,2015-12-24 06:00:00,Preventive,Completed
MNT-03249,MAC-80,2015-12-24 06:00:00,Preventive,Completed
MNT-03250,MAC-81,2014-06-01 06:00:00,Preventive,Completed
MNT-03251,MAC-81,2014-07-01 06:00:00,Preventive,Completed
MNT-03252,MAC-81,2014-07-16 06:00:00,Preventive,Completed
MNT-03253,MAC-81,2014-07-16 06:00:00,Preventive,Completed
MNT-03254,MAC-81,2015-01-02 06:00:00,Preventive,Completed
MNT-03255,MAC-81,2015-01-02 06:00:00,Preventive,Completed
MNT-03256,MAC-81,2015-01-02 06:00:00,Corrective,Completed
MNT-03257,MAC-81,2015-01-17 06:00:00,Preventive,Completed
MNT-03258,MAC-81,2015-01-17 06:00:00,Corrective,Completed
MNT-03259,MAC-81,2015-02-16 06:00:00,Preventive,Completed
MNT-03260,MAC-81,2015-02-16 06:00:00,Corrective,Completed
MNT-03261,MAC-81,2015-03-03 06:00:00,Preventive,Completed
MNT-03262,MAC-81,2015-03-03 06:00:00,Preventive,Completed
MNT-03263,MAC-81,2015-03-03 06:00:00,Corrective,Completed
MNT-03264,MAC-81,2015-03-18 06:00:00,Preventive,Completed
MNT-03265,MAC-81,2015-04-02 06:00:00,Preventive,Completed
MNT-03266,MAC-81,2015-04-02 06:00:00,Preventive,Completed
MNT-03267,MAC-81,2015-04-17 06:00:00,Preventive,Completed
MNT-03268,MAC-81,2015-04-17 06:00:00,Corrective,Completed
MNT-03269,MAC-81,2015-05-02 06:00:00,Preventive,Completed
MNT-03270,MAC-81,2015-05-17 06:00:00,Preventive,Completed
MNT-03271,MAC-81,2015-05-17 06:00:00,Preventive,Completed
MNT-03272,MAC-81,2015-06-01 06:00:00,Preventive,Completed
MNT-03273,MAC-81,2015-06-16 06:00:00,Preventive,Completed
MNT-03274,MAC-81,2015-06-16 06:00:00,Preventive,Completed
MNT-03275,MAC-81,2015-06-16 06:00:00,Corrective,Completed
MNT-03276,MAC-81,2015-07-01 06:00:00,Preventive,Completed
MNT-03277,MAC-81,2015-07-01 06:00:00,Preventive,Completed
MNT-03278,MAC-81,2015-07-16 06:00:00,Preventive,Completed
MNT-03279,MAC-81,2015-07-16 06:00:00,Preventive,Completed
MNT-03280,MAC-81,2015-08-15 06:00:00,Preventive,Completed
MNT-03281,MAC-81,2015-08-30 06:00:00,Preventive,Completed
MNT-03282,MAC-81,2015-09-14 06:00:00,Preventive,Completed
MNT-03283,MAC-81,2015-09-29 06:00:00,Preventive,Completed
MNT-03284,MAC-81,2015-10-14 06:00:00,Preventive,Completed
MNT-03285,MAC-81,2015-10-14 06:00:00,Preventive,Completed
MNT-03286,MAC-81,2015-10-14 06:00:00,Corrective,Completed
MNT-03287,MAC-81,2015-10-29 06:00:00,Preventive,Completed
MNT-03288,MAC-81,2015-11-13 06:00:00,Preventive,Completed
MNT-03289,MAC-81,2015-11-28 06:00:00,Preventive,Completed
MNT-03290,MAC-81,2015-12-13 06:00:00,Preventive,Completed
MNT-03291,MAC-81,2015-12-13 06:00:00,Preventive,Completed
MNT-03292,MAC-81,2015-12-13 06:00:00,Corrective,Completed
MNT-03293,MAC-81,2015-12-28 06:00:00,Preventive,Completed
MNT-03294,MAC-81,2015-12-28 06:00:00,Preventive,Completed
MNT-03295,MAC-82,2014-06-16 06:00:00,Preventive,Completed
MNT-03296,MAC-82,2014-07-16 06:00:00,Preventive,Completed
MNT-03297,MAC-82,2014-09-29 06:00:00,Preventive,Completed
MNT-03298,MAC-82,2014-10-14 06:00:00,Preventive,Completed
MNT-03299,MAC-82,2015-01-28 06:00:00,Preventive,Completed
MNT-03300,MAC-82,2015-01-28 06:00:00,Preventive,Completed
MNT-03301,MAC-82,2015-01-28 06:00:00,Corrective,Completed
MNT-03302,MAC-82,2015-03-14 06:00:00,Preventive,Completed
MNT-03303,MAC-82,2015-03-29 06:00:00,Preventive,Completed
MNT-03304,MAC-82,2015-03-29 06:00:00,Preventive,Completed
MNT-03305,MAC-82,2015-03-29 06:00:00,Corrective,Completed
MNT-03306,MAC-82,2015-04-13 06:00:00,Preventive,Completed
MNT-03307,MAC-82,2015-04-13 06:00:00,Preventive,Completed
MNT-03308,MAC-82,2015-04-28 06:00:00,Preventive,Completed
MNT-03309,MAC-82,2015-05-13 06:00:00,Preventive,Completed
MNT-03310,MAC-82,2015-05-13 06:00:00,Preventive,Completed
MNT-03311,MAC-82,2015-05-13 06:00:00,Corrective,Completed
MNT-03312,MAC-82,2015-05-28 06:00:00,Preventive,Completed
MNT-03313,MAC-82,2015-06-12 06:00:00,Preventive,Completed
MNT-03314,MAC-82,2015-06-27 06:00:00,Preventive,Completed
MNT-03315,MAC-82,2015-07-12 06:00:00,Preventive,Completed
MNT-03316,MAC-82,2015-07-27 06:00:00,Preventive,Completed
MNT-03317,MAC-82,2015-08-11 06:00:00,Preventive,Completed
MNT-03318,MAC-82,2015-08-26 06:00:00,Preventive,Completed
MNT-03319,MAC-82,2015-08-26 06:00:00,Preventive,Completed
MNT-03320,MAC-82,2015-09-10 06:00:00,Preventive,Completed
MNT-03321,MAC-82,2015-09-10 06:00:00,Preventive,Completed
MNT-03322,MAC-82,2015-09-25 06:00:00,Preventive,Completed
MNT-03323,MAC-82,2015-10-10 06:00:00,Preventive,Completed
MNT-03324,MAC-82,2015-10-10 06:00:00,Preventive,Completed
MNT-03325,MAC-82,2015-11-09 06:00:00,Preventive,Completed
MNT-03326,MAC-82,2015-11-24 06:00:00,Preventive,Completed
MNT-03327,MAC-82,2015-11-24 06:00:00,Preventive,Completed
MNT-03328,MAC-82,2015-12-09 06:00:00,Preventive,Completed
MNT-03329,MAC-82,2015-12-09 06:00:00,Preventive,Completed
MNT-03330,MAC-82,2015-12-09 06:00:00,Corrective,Completed
MNT-03331,MAC-82,2015-12-24 06:00:00,Preventive,Completed
MNT-03332,MAC-83,2014-09-14 06:00:00,Preventive,Completed
MNT-03333,MAC-83,2014-10-14 06:00:00,Preventive,Completed
MNT-03334,MAC-83,2014-10-29 06:00:00,Preventive,Completed
MNT-03335,MAC-83,2014-12-28 06:00:00,Preventive,Completed
MNT-03336,MAC-83,2015-01-01 06:00:00,Preventive,Completed
MNT-03337,MAC-83,2015-01-02 03:00:00,Corrective,Completed
MNT-03338,MAC-83,2015-01-16 06:00:00,Preventive,Completed
MNT-03339,MAC-83,2015-01-16 06:00:00,Preventive,Completed
MNT-03340,MAC-83,2015-01-16 06:00:00,Corrective,Completed
MNT-03341,MAC-83,2015-01-31 06:00:00,Preventive,Completed
MNT-03342,MAC-83,2015-01-31 06:00:00,Preventive,Completed
MNT-03343,MAC-83,2015-02-15 06:00:00,Preventive,Completed
MNT-03344,MAC-83,2015-03-17 06:00:00,Preventive,Completed
MNT-03345,MAC-83,2015-03-17 06:00:00,Corrective,Completed
MNT-03346,MAC-83,2015-04-01 06:00:00,Preventive,Completed
MNT-03347,MAC-83,2015-05-01 06:00:00,Preventive,Completed
MNT-03348,MAC-83,2015-05-16 06:00:00,Preventive,Completed
MNT-03349,MAC-83,2015-05-16 06:00:00,Preventive,Completed
MNT-03350,MAC-83,2015-05-16 06:00:00,Corrective,Completed
MNT-03351,MAC-83,2015-05-31 06:00:00,Preventive,Completed
MNT-03352,MAC-83,2015-05-31 06:00:00,Corrective,Completed
MNT-03353,MAC-83,2015-06-15 06:00:00,Preventive,Completed
MNT-03354,MAC-83,2015-06-15 06:00:00,Preventive,Completed
MNT-03355,MAC-83,2015-06-30 06:00:00,Preventive,Completed
MNT-03356,MAC-83,2015-06-30 06:00:00,Preventive,Completed
MNT-03357,MAC-83,2015-07-15 06:00:00,Preventive,Completed
MNT-03358,MAC-83,2015-07-15 06:00:00,Preventive,Completed
MNT-03359,MAC-83,2015-07-15 06:00:00,Corrective,Completed
MNT-03360,MAC-83,2015-07-15 06:00:00,Corrective,Completed
MNT-03361,MAC-83,2015-07-30 06:00:00,Preventive,Completed
MNT-03362,MAC-83,2015-08-14 06:00:00,Preventive,Completed
MNT-03363,MAC-83,2015-08-14 06:00:00,Preventive,Completed
MNT-03364,MAC-83,2015-08-14 06:00:00,Corrective,Completed
MNT-03365,MAC-83,2015-08-29 06:00:00,Preventive,Completed
MNT-03366,MAC-83,2015-08-29 06:00:00,Corrective,Completed
MNT-03367,MAC-83,2015-09-13 06:00:00,Preventive,Completed
MNT-03368,MAC-83,2015-09-13 06:00:00,Corrective,Completed
MNT-03369,MAC-83,2015-09-28 06:00:00,Preventive,Completed
MNT-03370,MAC-83,2015-10-13 06:00:00,Preventive,Completed
MNT-03371,MAC-83,2015-10-13 06:00:00,Corrective,Completed
MNT-03372,MAC-83,2015-10-28 06:00:00,Preventive,Completed
MNT-03373,MAC-83,2015-10-28 06:00:00,Preventive,Completed
MNT-03374,MAC-83,2015-11-27 06:00:00,Preventive,Completed
MNT-03375,MAC-83,2015-11-27 06:00:00,Corrective,Completed
MNT-03376,MAC-83,2015-12-27 06:00:00,Preventive,Completed
MNT-03377,MAC-83,2015-12-27 06:00:00,Preventive,Completed
MNT-03378,MAC-83,2015-12-27 06:00:00,Corrective,Completed
MNT-03379,MAC-83,2015-12-27 06:00:00,Corrective,Completed
MNT-03380,MAC-84,2014-06-01 06:00:00,Preventive,Completed
MNT-03381,MAC-84,2014-06-16 06:00:00,Preventive,Completed
MNT-03382,MAC-84,2014-11-13 06:00:00,Preventive,Completed
MNT-03383,MAC-84,2014-11-13 06:00:00,Preventive,Completed
MNT-03384,MAC-84,2015-01-05 06:00:00,Preventive,Completed
MNT-03385,MAC-84,2015-01-05 06:00:00,Corrective,Completed
MNT-03386,MAC-84,2015-02-04 06:00:00,Preventive,Completed
MNT-03387,MAC-84,2015-02-04 06:00:00,Preventive,Completed
MNT-03388,MAC-84,2015-02-04 06:00:00,Corrective,Completed
MNT-03389,MAC-84,2015-02-19 06:00:00,Preventive,Completed
MNT-03390,MAC-84,2015-02-19 06:00:00,Preventive,Completed
MNT-03391,MAC-84,2015-02-19 06:00:00,Corrective,Completed
MNT-03392,MAC-84,2015-03-06 06:00:00,Preventive,Completed
MNT-03393,MAC-84,2015-03-21 06:00:00,Preventive,Completed
MNT-03394,MAC-84,2015-04-05 06:00:00,Preventive,Completed
MNT-03395,MAC-84,2015-04-05 06:00:00,Corrective,Completed
MNT-03396,MAC-84,2015-04-20 06:00:00,Preventive,Completed
MNT-03397,MAC-84,2015-05-05 06:00:00,Preventive,Completed
MNT-03398,MAC-84,2015-05-20 06:00:00,Preventive,Completed
MNT-03399,MAC-84,2015-05-20 06:00:00,Preventive,Completed
MNT-03400,MAC-84,2015-06-04 06:00:00,Preventive,Completed
MNT-03401,MAC-84,2015-06-19 06:00:00,Preventive,Completed
MNT-03402,MAC-84,2015-06-19 06:00:00,Preventive,Completed
MNT-03403,MAC-84,2015-07-04 06:00:00,Preventive,Completed
MNT-03404,MAC-84,2015-07-04 06:00:00,Preventive,Completed
MNT-03405,MAC-84,2015-07-04 06:00:00,Corrective,Completed
MNT-03406,MAC-84,2015-07-19 06:00:00,Preventive,Completed
MNT-03407,MAC-84,2015-08-03 06:00:00,Preventive,Completed
MNT-03408,MAC-84,2015-08-18 06:00:00,Preventive,Completed
MNT-03409,MAC-84,2015-08-18 06:00:00,Preventive,Completed
MNT-03410,MAC-84,2015-09-02 06:00:00,Preventive,Completed
MNT-03411,MAC-84,2015-09-02 06:00:00,Preventive,Completed
MNT-03412,MAC-84,2015-09-02 06:00:00,Corrective,Completed
MNT-03413,MAC-84,2015-09-17 06:00:00,Preventive,Completed
MNT-03414,MAC-84,2015-10-02 06:00:00,Preventive,Completed
MNT-03415,MAC-84,2015-10-02 06:00:00,Preventive,Completed
MNT-03416,MAC-84,2015-10-02 06:00:00,Corrective,Completed
MNT-03417,MAC-84,2015-10-17 06:00:00,Preventive,Completed
MNT-03418,MAC-84,2015-11-01 06:00:00,Preventive,Completed
MNT-03419,MAC-84,2015-11-16 06:00:00,Preventive,Completed
MNT-03420,MAC-84,2015-12-01 06:00:00,Preventive,Completed
MNT-03421,MAC-84,2015-12-16 06:00:00,Preventive,Completed
MNT-03422,MAC-84,2015-12-16 06:00:00,Preventive,Completed
MNT-03423,MAC-84,2015-12-31 06:00:00,Preventive,Completed
MNT-03424,MAC-84,2015-12-31 06:00:00,Preventive,Completed
MNT-03425,MAC-85,2014-06-16 06:00:00,Preventive,Completed
MNT-03426,MAC-85,2014-07-16 06:00:00,Preventive,Completed
MNT-03427,MAC-85,2014-08-15 06:00:00,Preventive,Completed
MNT-03428,MAC-85,2014-10-29 06:00:00,Preventive,Completed
MNT-03429,MAC-85,2015-01-15 06:00:00,Preventive,Completed
MNT-03430,MAC-85,2015-01-15 06:00:00,Corrective,Completed
MNT-03431,MAC-85,2015-01-30 06:00:00,Preventive,Completed
MNT-03432,MAC-85,2015-01-30 06:00:00,Corrective,Completed
MNT-03433,MAC-85,2015-02-14 06:00:00,Preventive,Completed
MNT-03434,MAC-85,2015-02-14 06:00:00,Corrective,Completed
MNT-03435,MAC-85,2015-03-01 06:00:00,Preventive,Completed
MNT-03436,MAC-85,2015-03-16 06:00:00,Preventive,Completed
MNT-03437,MAC-85,2015-03-31 06:00:00,Preventive,Completed
MNT-03438,MAC-85,2015-03-31 06:00:00,Preventive,Completed
MNT-03439,MAC-85,2015-04-15 06:00:00,Preventive,Completed
MNT-03440,MAC-85,2015-05-15 06:00:00,Preventive,Completed
MNT-03441,MAC-85,2015-05-30 06:00:00,Preventive,Completed
MNT-03442,MAC-85,2015-05-30 06:00:00,Corrective,Completed
MNT-03443,MAC-85,2015-06-14 06:00:00,Preventive,Completed
MNT-03444,MAC-85,2015-06-29 06:00:00,Preventive,Completed
MNT-03445,MAC-85,2015-06-29 06:00:00,Preventive,Completed
MNT-03446,MAC-85,2015-06-29 06:00:00,Corrective,Completed
MNT-03447,MAC-85,2015-07-29 06:00:00,Preventive,Completed
MNT-03448,MAC-85,2015-07-29 06:00:00,Preventive,Completed
MNT-03449,MAC-85,2015-08-13 06:00:00,Preventive,Completed
MNT-03450,MAC-85,2015-08-28 06:00:00,Preventive,Completed
MNT-03451,MAC-85,2015-08-28 06:00:00,Preventive,Completed
MNT-03452,MAC-85,2015-08-28 06:00:00,Corrective,Completed
MNT-03453,MAC-85,2015-09-12 06:00:00,Preventive,Completed
MNT-03454,MAC-85,2015-09-12 06:00:00,Preventive,Completed
MNT-03455,MAC-85,2015-09-12 06:00:00,Corrective,Completed
MNT-03456,MAC-85,2015-10-12 06:00:00,Preventive,Completed
MNT-03457,MAC-85,2015-10-12 06:00:00,Corrective,Completed
MNT-03458,MAC-85,2015-11-11 06:00:00,Preventive,Completed
MNT-03459,MAC-85,2015-11-11 06:00:00,Preventive,Completed
MNT-03460,MAC-85,2015-11-11 06:00:00,Corrective,Completed
MNT-03461,MAC-85,2015-11-26 06:00:00,Preventive,Completed
MNT-03462,MAC-85,2015-12-11 06:00:00,Preventive,Completed
MNT-03463,MAC-85,2015-12-11 06:00:00,Corrective,Completed
MNT-03464,MAC-85,2015-12-26 06:00:00,Preventive,Completed
MNT-03465,MAC-85,2015-12-26 06:00:00,Corrective,Completed
MNT-03466,MAC-86,2014-06-01 06:00:00,Preventive,Completed
MNT-03467,MAC-86,2014-06-16 06:00:00,Preventive,Completed
MNT-03468,MAC-86,2014-07-01 06:00:00,Preventive,Completed
MNT-03469,MAC-86,2014-12-28 06:00:00,Preventive,Completed
MNT-03470,MAC-86,2015-01-02 03:00:00,Corrective,Completed
MNT-03471,MAC-86,2015-01-08 06:00:00,Preventive,Completed
MNT-03472,MAC-86,2015-01-08 06:00:00,Preventive,Completed
MNT-03473,MAC-86,2015-01-23 06:00:00,Preventive,Completed
MNT-03474,MAC-86,2015-01-23 06:00:00,Preventive,Completed
MNT-03475,MAC-86,2015-01-23 06:00:00,Corrective,Completed
MNT-03476,MAC-86,2015-02-07 06:00:00,Preventive,Completed
MNT-03477,MAC-86,2015-02-22 06:00:00,Preventive,Completed
MNT-03478,MAC-86,2015-02-22 06:00:00,Preventive,Completed
MNT-03479,MAC-86,2015-03-09 06:00:00,Preventive,Completed
MNT-03480,MAC-86,2015-04-08 06:00:00,Preventive,Completed
MNT-03481,MAC-86,2015-05-08 06:00:00,Preventive,Completed
MNT-03482,MAC-86,2015-05-23 06:00:00,Preventive,Completed
MNT-03483,MAC-86,2015-06-07 06:00:00,Preventive,Completed
MNT-03484,MAC-86,2015-06-22 06:00:00,Preventive,Completed
MNT-03485,MAC-86,2015-07-07 06:00:00,Preventive,Completed
MNT-03486,MAC-86,2015-07-22 06:00:00,Preventive,Completed
MNT-03487,MAC-86,2015-08-06 06:00:00,Preventive,Completed
MNT-03488,MAC-86,2015-08-21 06:00:00,Preventive,Completed
MNT-03489,MAC-86,2015-09-05 06:00:00,Preventive,Completed
MNT-03490,MAC-86,2015-09-05 06:00:00,Corrective,Completed
MNT-03491,MAC-86,2015-09-20 06:00:00,Preventive,Completed
MNT-03492,MAC-86,2015-10-05 06:00:00,Preventive,Completed
MNT-03493,MAC-86,2015-10-20 06:00:00,Preventive,Completed
MNT-03494,MAC-86,2015-11-04 06:00:00,Preventive,Completed
MNT-03495,MAC-86,2015-11-19 06:00:00,Preventive,Completed
MNT-03496,MAC-86,2015-11-19 06:00:00,Corrective,Completed
MNT-03497,MAC-86,2015-12-04 06:00:00,Preventive,Completed
MNT-03498,MAC-86,2015-12-19 06:00:00,Preventive,Completed
MNT-03499,MAC-86,2015-12-19 06:00:00,Preventive,Completed
MNT-03500,MAC-87,2014-09-29 06:00:00,Preventive,Completed
MNT-03501,MAC-87,2014-09-29 06:00:00,Preventive,Completed
MNT-03502,MAC-87,2014-10-14 06:00:00,Preventive,Completed
MNT-03503,MAC-87,2014-12-13 06:00:00,Preventive,Completed
MNT-03504,MAC-87,2015-01-02 03:00:00,Corrective,Completed
MNT-03505,MAC-87,2015-01-27 06:00:00,Preventive,Completed
MNT-03506,MAC-87,2015-02-11 06:00:00,Preventive,Completed
MNT-03507,MAC-87,2015-02-26 06:00:00,Preventive,Completed
MNT-03508,MAC-87,2015-02-26 06:00:00,Preventive,Completed
MNT-03509,MAC-87,2015-03-13 06:00:00,Preventive,Completed
MNT-03510,MAC-87,2015-03-13 06:00:00,Preventive,Completed
MNT-03511,MAC-87,2015-03-13 06:00:00,Corrective,Completed
MNT-03512,MAC-87,2015-03-28 06:00:00,Preventive,Completed
MNT-03513,MAC-87,2015-03-28 06:00:00,Corrective,Completed
MNT-03514,MAC-87,2015-04-12 06:00:00,Preventive,Completed
MNT-03515,MAC-87,2015-04-27 06:00:00,Preventive,Completed
MNT-03516,MAC-87,2015-04-27 06:00:00,Corrective,Completed
MNT-03517,MAC-87,2015-05-12 06:00:00,Preventive,Completed
MNT-03518,MAC-87,2015-05-12 06:00:00,Preventive,Completed
MNT-03519,MAC-87,2015-05-27 06:00:00,Preventive,Completed
MNT-03520,MAC-87,2015-06-26 06:00:00,Preventive,Completed
MNT-03521,MAC-87,2015-06-26 06:00:00,Corrective,Completed
MNT-03522,MAC-87,2015-07-26 06:00:00,Preventive,Completed
MNT-03523,MAC-87,2015-07-26 06:00:00,Preventive,Completed
MNT-03524,MAC-87,2015-08-10 06:00:00,Preventive,Completed
MNT-03525,MAC-87,2015-08-10 06:00:00,Corrective,Completed
MNT-03526,MAC-87,2015-08-25 06:00:00,Preventive,Completed
MNT-03527,MAC-87,2015-08-25 06:00:00,Corrective,Completed
MNT-03528,MAC-87,2015-09-09 06:00:00,Preventive,Completed
MNT-03529,MAC-87,2015-09-24 06:00:00,Preventive,Completed
MNT-03530,MAC-87,2015-10-09 06:00:00,Preventive,Completed
MNT-03531,MAC-87,2015-10-24 06:00:00,Preventive,Completed
MNT-03532,MAC-87,2015-10-24 06:00:00,Corrective,Completed
MNT-03533,MAC-87,2015-11-08 06:00:00,Preventive,Completed
MNT-03534,MAC-87,2015-11-23 06:00:00,Preventive,Completed
MNT-03535,MAC-87,2015-12-08 06:00:00,Preventive,Completed
MNT-03536,MAC-87,2015-12-23 06:00:00,Preventive,Completed
MNT-03537,MAC-87,2015-12-23 06:00:00,Corrective,Completed
MNT-03538,MAC-88,2014-07-01 06:00:00,Preventive,Completed
MNT-03539,MAC-88,2014-07-31 06:00:00,Preventive,Completed
MNT-03540,MAC-88,2014-08-30 06:00:00,Preventive,Completed
MNT-03541,MAC-88,2014-09-14 06:00:00,Preventive,Completed
MNT-03542,MAC-88,2015-01-04 06:00:00,Preventive,Completed
MNT-03543,MAC-88,2015-01-19 06:00:00,Preventive,Completed
MNT-03544,MAC-88,2015-01-19 06:00:00,Corrective,Completed
MNT-03545,MAC-88,2015-02-03 06:00:00,Preventive,Completed
MNT-03546,MAC-88,2015-02-03 06:00:00,Preventive,Completed
MNT-03547,MAC-88,2015-02-03 06:00:00,Corrective,Completed
MNT-03548,MAC-88,2015-02-18 06:00:00,Preventive,Completed
MNT-03549,MAC-88,2015-03-05 06:00:00,Preventive,Completed
MNT-03550,MAC-88,2015-03-05 06:00:00,Corrective,Completed
MNT-03551,MAC-88,2015-03-20 06:00:00,Preventive,Completed
MNT-03552,MAC-88,2015-03-20 06:00:00,Preventive,Completed
MNT-03553,MAC-88,2015-04-04 06:00:00,Preventive,Completed
MNT-03554,MAC-88,2015-04-04 06:00:00,Corrective,Completed
MNT-03555,MAC-88,2015-04-19 06:00:00,Preventive,Completed
MNT-03556,MAC-88,2015-05-04 06:00:00,Preventive,Completed
MNT-03557,MAC-88,2015-05-04 06:00:00,Preventive,Completed
MNT-03558,MAC-88,2015-05-19 06:00:00,Preventive,Completed
MNT-03559,MAC-88,2015-05-19 06:00:00,Preventive,Completed
MNT-03560,MAC-88,2015-06-03 06:00:00,Preventive,Completed
MNT-03561,MAC-88,2015-06-18 06:00:00,Preventive,Completed
MNT-03562,MAC-88,2015-07-03 06:00:00,Preventive,Completed
MNT-03563,MAC-88,2015-07-03 06:00:00,Corrective,Completed
MNT-03564,MAC-88,2015-08-02 06:00:00,Preventive,Completed
MNT-03565,MAC-88,2015-09-01 06:00:00,Preventive,Completed
MNT-03566,MAC-88,2015-09-01 06:00:00,Preventive,Completed
MNT-03567,MAC-88,2015-09-01 06:00:00,Corrective,Completed
MNT-03568,MAC-88,2015-09-01 06:00:00,Corrective,Completed
MNT-03569,MAC-88,2015-09-16 06:00:00,Preventive,Completed
MNT-03570,MAC-88,2015-10-01 06:00:00,Preventive,Completed
MNT-03571,MAC-88,2015-10-01 06:00:00,Preventive,Completed
MNT-03572,MAC-88,2015-10-16 06:00:00,Preventive,Completed
MNT-03573,MAC-88,2015-10-16 06:00:00,Preventive,Completed
MNT-03574,MAC-88,2015-10-31 06:00:00,Preventive,Completed
MNT-03575,MAC-88,2015-10-31 06:00:00,Preventive,Completed
MNT-03576,MAC-88,2015-11-30 06:00:00,Preventive,Completed
MNT-03577,MAC-88,2015-11-30 06:00:00,Preventive,Completed
MNT-03578,MAC-88,2015-11-30 06:00:00,Corrective,Completed
MNT-03579,MAC-88,2015-11-30 06:00:00,Corrective,Completed
MNT-03580,MAC-88,2015-12-30 06:00:00,Preventive,Completed
MNT-03581,MAC-88,2015-12-30 06:00:00,Corrective,Completed
MNT-03582,MAC-89,2014-07-31 06:00:00,Preventive,Completed
MNT-03583,MAC-89,2014-11-28 06:00:00,Preventive,Completed
MNT-03584,MAC-89,2014-12-28 06:00:00,Preventive,Completed
MNT-03585,MAC-89,2014-12-28 06:00:00,Preventive,Completed
MNT-03586,MAC-89,2015-01-23 06:00:00,Preventive,Completed
MNT-03587,MAC-89,2015-02-07 06:00:00,Preventive,Completed
MNT-03588,MAC-89,2015-02-07 06:00:00,Corrective,Completed
MNT-03589,MAC-89,2015-02-22 06:00:00,Preventive,Completed
MNT-03590,MAC-89,2015-03-09 06:00:00,Preventive,Completed
MNT-03591,MAC-89,2015-03-24 06:00:00,Preventive,Completed
MNT-03592,MAC-89,2015-03-24 06:00:00,Preventive,Completed
MNT-03593,MAC-89,2015-03-24 06:00:00,Corrective,Completed
MNT-03594,MAC-89,2015-04-23 06:00:00,Preventive,Completed
MNT-03595,MAC-89,2015-05-08 06:00:00,Preventive,Completed
MNT-03596,MAC-89,2015-05-23 06:00:00,Preventive,Completed
MNT-03597,MAC-89,2015-05-23 06:00:00,Corrective,Completed
MNT-03598,MAC-89,2015-06-07 06:00:00,Preventive,Completed
MNT-03599,MAC-89,2015-06-07 06:00:00,Preventive,Completed
MNT-03600,MAC-89,2015-06-22 06:00:00,Preventive,Completed
MNT-03601,MAC-89,2015-06-22 06:00:00,Preventive,Completed
MNT-03602,MAC-89,2015-06-22 06:00:00,Corrective,Completed
MNT-03603,MAC-89,2015-07-22 06:00:00,Preventive,Completed
MNT-03604,MAC-89,2015-07-22 06:00:00,Corrective,Completed
MNT-03605,MAC-89,2015-08-06 06:00:00,Preventive,Completed
MNT-03606,MAC-89,2015-08-21 06:00:00,Preventive,Completed
MNT-03607,MAC-89,2015-08-21 06:00:00,Preventive,Completed
MNT-03608,MAC-89,2015-08-21 06:00:00,Corrective,Completed
MNT-03609,MAC-89,2015-09-05 06:00:00,Preventive,Completed
MNT-03610,MAC-89,2015-09-20 06:00:00,Preventive,Completed
MNT-03611,MAC-89,2015-11-04 06:00:00,Preventive,Completed
MNT-03612,MAC-89,2015-11-19 06:00:00,Preventive,Completed
MNT-03613,MAC-89,2015-11-19 06:00:00,Corrective,Completed
MNT-03614,MAC-89,2015-12-04 06:00:00,Preventive,Completed
MNT-03615,MAC-89,2015-12-19 06:00:00,Preventive,Completed
MNT-03616,MAC-90,2014-06-16 06:00:00,Preventive,Completed
MNT-03617,MAC-90,2014-09-14 06:00:00,Preventive,Completed
MNT-03618,MAC-90,2014-10-29 06:00:00,Preventive,Completed
MNT-03619,MAC-90,2014-11-13 06:00:00,Preventive,Completed
MNT-03620,MAC-90,2015-01-20 06:00:00,Preventive,Completed
MNT-03621,MAC-90,2015-01-20 06:00:00,Corrective,Completed
MNT-03622,MAC-90,2015-02-04 06:00:00,Preventive,Completed
MNT-03623,MAC-90,2015-02-19 06:00:00,Preventive,Completed
MNT-03624,MAC-90,2015-02-19 06:00:00,Preventive,Completed
MNT-03625,MAC-90,2015-02-19 06:00:00,Corrective,Completed
MNT-03626,MAC-90,2015-03-21 06:00:00,Preventive,Completed
MNT-03627,MAC-90,2015-03-21 06:00:00,Preventive,Completed
MNT-03628,MAC-90,2015-03-21 06:00:00,Corrective,Completed
MNT-03629,MAC-90,2015-04-05 06:00:00,Preventive,Completed
MNT-03630,MAC-90,2015-04-05 06:00:00,Preventive,Completed
MNT-03631,MAC-90,2015-04-05 06:00:00,Corrective,Completed
MNT-03632,MAC-90,2015-04-20 06:00:00,Preventive,Completed
MNT-03633,MAC-90,2015-05-05 06:00:00,Preventive,Completed
MNT-03634,MAC-90,2015-05-05 06:00:00,Preventive,Completed
MNT-03635,MAC-90,2015-05-20 06:00:00,Preventive,Completed
MNT-03636,MAC-90,2015-05-20 06:00:00,Corrective,Completed
MNT-03637,MAC-90,2015-06-04 06:00:00,Preventive,Completed
MNT-03638,MAC-90,2015-06-04 06:00:00,Corrective,Completed
MNT-03639,MAC-90,2015-06-19 06:00:00,Preventive,Completed
MNT-03640,MAC-90,2015-07-04 06:00:00,Preventive,Completed
MNT-03641,MAC-90,2015-07-19 06:00:00,Preventive,Completed
MNT-03642,MAC-90,2015-08-03 06:00:00,Preventive,Completed
MNT-03643,MAC-90,2015-08-03 06:00:00,Preventive,Completed
MNT-03644,MAC-90,2015-08-18 06:00:00,Preventive,Completed
MNT-03645,MAC-90,2015-08-18 06:00:00,Preventive,Completed
MNT-03646,MAC-90,2015-08-18 06:00:00,Corrective,Completed
MNT-03647,MAC-90,2015-08-18 06:00:00,Corrective,Completed
MNT-03648,MAC-90,2015-09-02 06:00:00,Preventive,Completed
MNT-03649,MAC-90,2015-09-17 06:00:00,Preventive,Completed
MNT-03650,MAC-90,2015-10-02 06:00:00,Preventive,Completed
MNT-03651,MAC-90,2015-10-02 06:00:00,Corrective,Completed
MNT-03652,MAC-90,2015-10-17 06:00:00,Preventive,Completed
MNT-03653,MAC-90,2015-11-01 06:00:00,Preventive,Completed
MNT-03654,MAC-90,2015-11-01 06:00:00,Preventive,Completed
MNT-03655,MAC-90,2015-11-01 06:00:00,Corrective,Completed
MNT-03656,MAC-90,2015-11-16 06:00:00,Preventive,Completed
MNT-03657,MAC-90,2015-11-16 06:00:00,Preventive,Completed
MNT-03658,MAC-90,2015-12-01 06:00:00,Preventive,Completed
MNT-03659,MAC-90,2015-12-01 06:00:00,Corrective,Completed
MNT-03660,MAC-90,2015-12-31 06:00:00,Preventive,Completed
MNT-03661,MAC-90,2015-12-31 06:00:00,Corrective,Completed
MNT-03662,MAC-91,2014-07-01 06:00:00,Preventive,Completed
MNT-03663,MAC-91,2014-09-29 06:00:00,Preventive,Completed
MNT-03664,MAC-91,2014-11-13 06:00:00,Preventive,Completed
MNT-03665,MAC-91,2014-12-13 06:00:00,Preventive,Completed
MNT-03666,MAC-91,2015-01-17 06:00:00,Preventive,Completed
MNT-03667,MAC-91,2015-02-01 06:00:00,Preventive,Completed
MNT-03668,MAC-91,2015-02-01 06:00:00,Preventive,Completed
MNT-03669,MAC-91,2015-02-01 06:00:00,Corrective,Completed
MNT-03670,MAC-91,2015-02-16 06:00:00,Preventive,Completed
MNT-03671,MAC-91,2015-02-16 06:00:00,Preventive,Completed
MNT-03672,MAC-91,2015-03-03 06:00:00,Preventive,Completed
MNT-03673,MAC-91,2015-03-18 06:00:00,Preventive,Completed
MNT-03674,MAC-91,2015-04-02 06:00:00,Preventive,Completed
MNT-03675,MAC-91,2015-04-02 06:00:00,Corrective,Completed
MNT-03676,MAC-91,2015-05-02 06:00:00,Preventive,Completed
MNT-03677,MAC-91,2015-05-17 06:00:00,Preventive,Completed
MNT-03678,MAC-91,2015-06-16 06:00:00,Preventive,Completed
MNT-03679,MAC-91,2015-06-16 06:00:00,Corrective,Completed
MNT-03680,MAC-91,2015-07-01 06:00:00,Preventive,Completed
MNT-03681,MAC-91,2015-07-01 06:00:00,Corrective,Completed
MNT-03682,MAC-91,2015-07-16 06:00:00,Preventive,Completed
MNT-03683,MAC-91,2015-08-15 06:00:00,Preventive,Completed
MNT-03684,MAC-91,2015-09-14 06:00:00,Preventive,Completed
MNT-03685,MAC-91,2015-09-14 06:00:00,Corrective,Completed
MNT-03686,MAC-91,2015-09-29 06:00:00,Preventive,Completed
MNT-03687,MAC-91,2015-09-29 06:00:00,Preventive,Completed
MNT-03688,MAC-91,2015-10-14 06:00:00,Preventive,Completed
MNT-03689,MAC-91,2015-10-29 06:00:00,Preventive,Completed
MNT-03690,MAC-91,2015-10-29 06:00:00,Corrective,Completed
MNT-03691,MAC-91,2015-11-13 06:00:00,Preventive,Completed
MNT-03692,MAC-91,2015-11-28 06:00:00,Preventive,Completed
MNT-03693,MAC-91,2015-12-28 06:00:00,Preventive,Completed
MNT-03694,MAC-91,2015-12-28 06:00:00,Preventive,Completed
MNT-03695,MAC-92,2014-06-16 06:00:00,Preventive,Completed
MNT-03696,MAC-92,2014-09-14 06:00:00,Preventive,Completed
MNT-03697,MAC-92,2014-10-29 06:00:00,Preventive,Completed
MNT-03698,MAC-92,2014-11-28 06:00:00,Preventive,Completed
MNT-03699,MAC-92,2015-01-05 06:00:00,Preventive,Completed
MNT-03700,MAC-92,2015-01-20 06:00:00,Preventive,Completed
MNT-03701,MAC-92,2015-01-20 06:00:00,Preventive,Completed
MNT-03702,MAC-92,2015-02-19 06:00:00,Preventive,Completed
MNT-03703,MAC-92,2015-02-19 06:00:00,Corrective,Completed
MNT-03704,MAC-92,2015-03-06 06:00:00,Preventive,Completed
MNT-03705,MAC-92,2015-03-06 06:00:00,Preventive,Completed
MNT-03706,MAC-92,2015-03-21 06:00:00,Preventive,Completed
MNT-03707,MAC-92,2015-03-21 06:00:00,Preventive,Completed
MNT-03708,MAC-92,2015-04-05 06:00:00,Preventive,Completed
MNT-03709,MAC-92,2015-04-20 06:00:00,Preventive,Completed
MNT-03710,MAC-92,2015-04-20 06:00:00,Preventive,Completed
MNT-03711,MAC-92,2015-04-20 06:00:00,Corrective,Completed
MNT-03712,MAC-92,2015-04-20 06:00:00,Corrective,Completed
MNT-03713,MAC-92,2015-05-05 06:00:00,Preventive,Completed
MNT-03714,MAC-92,2015-05-20 06:00:00,Preventive,Completed
MNT-03715,MAC-92,2015-05-20 06:00:00,Corrective,Completed
MNT-03716,MAC-92,2015-06-04 06:00:00,Preventive,Completed
MNT-03717,MAC-92,2015-06-19 06:00:00,Preventive,Completed
MNT-03718,MAC-92,2015-07-04 06:00:00,Preventive,Completed
MNT-03719,MAC-92,2015-07-04 06:00:00,Corrective,Completed
MNT-03720,MAC-92,2015-07-19 06:00:00,Preventive,Completed
MNT-03721,MAC-92,2015-08-03 06:00:00,Preventive,Completed
MNT-03722,MAC-92,2015-08-18 06:00:00,Preventive,Completed
MNT-03723,MAC-92,2015-08-18 06:00:00,Preventive,Completed
MNT-03724,MAC-92,2015-08-18 06:00:00,Corrective,Completed
MNT-03725,MAC-92,2015-09-02 06:00:00,Preventive,Completed
MNT-03726,MAC-92,2015-09-02 06:00:00,Preventive,Completed
MNT-03727,MAC-92,2015-09-02 06:00:00,Corrective,Completed
MNT-03728,MAC-92,2015-09-17 06:00:00,Preventive,Completed
MNT-03729,MAC-92,2015-10-02 06:00:00,Preventive,Completed
MNT-03730,MAC-92,2015-10-02 06:00:00,Corrective,Completed
MNT-03731,MAC-92,2015-11-16 06:00:00,Preventive,Completed
MNT-03732,MAC-92,2015-12-01 06:00:00,Preventive,Completed
MNT-03733,MAC-92,2015-12-01 06:00:00,Corrective,Completed
MNT-03734,MAC-92,2015-12-16 06:00:00,Preventive,Completed
MNT-03735,MAC-92,2015-12-31 06:00:00,Preventive,Completed
MNT-03736,MAC-93,2014-06-01 06:00:00,Preventive,Completed
MNT-03737,MAC-93,2014-07-16 06:00:00,Preventive,Completed
MNT-03738,MAC-93,2014-08-30 06:00:00,Preventive,Completed
MNT-03739,MAC-93,2014-08-30 06:00:00,Preventive,Completed
MNT-03740,MAC-93,2015-01-31 06:00:00,Preventive,Completed
MNT-03741,MAC-93,2015-02-15 06:00:00,Preventive,Completed
MNT-03742,MAC-93,2015-03-02 06:00:00,Preventive,Completed
MNT-03743,MAC-93,2015-03-02 06:00:00,Preventive,Completed
MNT-03744,MAC-93,2015-03-17 06:00:00,Preventive,Completed
MNT-03745,MAC-93,2015-03-17 06:00:00,Corrective,Completed
MNT-03746,MAC-93,2015-04-01 06:00:00,Preventive,Completed
MNT-03747,MAC-93,2015-04-01 06:00:00,Corrective,Completed
MNT-03748,MAC-93,2015-04-16 06:00:00,Preventive,Completed
MNT-03749,MAC-93,2015-04-16 06:00:00,Preventive,Completed
MNT-03750,MAC-93,2015-04-16 06:00:00,Corrective,Completed
MNT-03751,MAC-93,2015-05-01 06:00:00,Preventive,Completed
MNT-03752,MAC-93,2015-05-01 06:00:00,Corrective,Completed
MNT-03753,MAC-93,2015-05-16 06:00:00,Preventive,Completed
MNT-03754,MAC-93,2015-05-16 06:00:00,Corrective,Completed
MNT-03755,MAC-93,2015-05-31 06:00:00,Preventive,Completed
MNT-03756,MAC-93,2015-05-31 06:00:00,Preventive,Completed
MNT-03757,MAC-93,2015-06-15 06:00:00,Preventive,Completed
MNT-03758,MAC-93,2015-06-30 06:00:00,Preventive,Completed
MNT-03759,MAC-93,2015-06-30 06:00:00,Preventive,Completed
MNT-03760,MAC-93,2015-06-30 06:00:00,Corrective,Completed
MNT-03761,MAC-93,2015-07-15 06:00:00,Preventive,Completed
MNT-03762,MAC-93,2015-07-15 06:00:00,Preventive,Completed
MNT-03763,MAC-93,2015-07-30 06:00:00,Preventive,Completed
MNT-03764,MAC-93,2015-08-14 06:00:00,Preventive,Completed
MNT-03765,MAC-93,2015-08-14 06:00:00,Preventive,Completed
MNT-03766,MAC-93,2015-08-29 06:00:00,Preventive,Completed
MNT-03767,MAC-93,2015-09-13 06:00:00,Preventive,Completed
MNT-03768,MAC-93,2015-09-28 06:00:00,Preventive,Completed
MNT-03769,MAC-93,2015-10-13 06:00:00,Preventive,Completed
MNT-03770,MAC-93,2015-11-12 06:00:00,Preventive,Completed
MNT-03771,MAC-93,2015-11-12 06:00:00,Preventive,Completed
MNT-03772,MAC-93,2015-11-27 06:00:00,Preventive,Completed
MNT-03773,MAC-93,2015-12-27 06:00:00,Preventive,Completed
MNT-03774,MAC-94,2014-07-16 06:00:00,Preventive,Completed
MNT-03775,MAC-94,2014-08-30 06:00:00,Preventive,Completed
MNT-03776,MAC-94,2014-08-30 06:00:00,Preventive,Completed
MNT-03777,MAC-94,2014-12-13 06:00:00,Preventive,Completed
MNT-03778,MAC-94,2015-01-02 03:00:00,Corrective,Completed
MNT-03779,MAC-94,2015-01-08 06:00:00,Preventive,Completed
MNT-03780,MAC-94,2015-01-08 06:00:00,Corrective,Completed
MNT-03781,MAC-94,2015-01-23 06:00:00,Preventive,Completed
MNT-03782,MAC-94,2015-02-07 06:00:00,Preventive,Completed
MNT-03783,MAC-94,2015-02-22 06:00:00,Preventive,Completed
MNT-03784,MAC-94,2015-02-22 06:00:00,Corrective,Completed
MNT-03785,MAC-94,2015-03-09 06:00:00,Preventive,Completed
MNT-03786,MAC-94,2015-03-09 06:00:00,Corrective,Completed
MNT-03787,MAC-94,2015-03-24 06:00:00,Preventive,Completed
MNT-03788,MAC-94,2015-03-24 06:00:00,Preventive,Completed
MNT-03789,MAC-94,2015-05-08 06:00:00,Preventive,Completed
MNT-03790,MAC-94,2015-05-08 06:00:00,Corrective,Completed
MNT-03791,MAC-94,2015-05-23 06:00:00,Preventive,Completed
MNT-03792,MAC-94,2015-05-23 06:00:00,Corrective,Completed
MNT-03793,MAC-94,2015-06-07 06:00:00,Preventive,Completed
MNT-03794,MAC-94,2015-06-22 06:00:00,Preventive,Completed
MNT-03795,MAC-94,2015-07-07 06:00:00,Preventive,Completed
MNT-03796,MAC-94,2015-07-07 06:00:00,Preventive,Completed
MNT-03797,MAC-94,2015-07-22 06:00:00,Preventive,Completed
MNT-03798,MAC-94,2015-08-06 06:00:00,Preventive,Completed
MNT-03799,MAC-94,2015-08-21 06:00:00,Preventive,Completed
MNT-03800,MAC-94,2015-08-21 06:00:00,Corrective,Completed
MNT-03801,MAC-94,2015-09-05 06:00:00,Preventive,Completed
MNT-03802,MAC-94,2015-09-05 06:00:00,Preventive,Completed
MNT-03803,MAC-94,2015-09-20 06:00:00,Preventive,Completed
MNT-03804,MAC-94,2015-09-20 06:00:00,Preventive,Completed
MNT-03805,MAC-94,2015-10-05 06:00:00,Preventive,Completed
MNT-03806,MAC-94,2015-10-20 06:00:00,Preventive,Completed
MNT-03807,MAC-94,2015-10-20 06:00:00,Corrective,Completed
MNT-03808,MAC-94,2015-11-04 06:00:00,Preventive,Completed
MNT-03809,MAC-94,2015-11-19 06:00:00,Preventive,Completed
MNT-03810,MAC-94,2015-11-19 06:00:00,Preventive,Completed
MNT-03811,MAC-94,2015-11-19 06:00:00,Corrective,Completed
MNT-03812,MAC-94,2015-11-19 06:00:00,Corrective,Completed
MNT-03813,MAC-94,2015-12-04 06:00:00,Preventive,Completed
MNT-03814,MAC-94,2015-12-19 06:00:00,Preventive,Completed
MNT-03815,MAC-94,2015-12-19 06:00:00,Corrective,Completed
MNT-03816,MAC-95,2014-06-01 06:00:00,Preventive,Completed
MNT-03817,MAC-95,2014-06-16 06:00:00,Preventive,Completed
MNT-03818,MAC-95,2014-07-01 06:00:00,Preventive,Completed
MNT-03819,MAC-95,2014-08-30 06:00:00,Preventive,Completed
MNT-03820,MAC-95,2015-02-04 06:00:00,Preventive,Completed
MNT-03821,MAC-95,2015-02-19 06:00:00,Preventive,Completed
MNT-03822,MAC-95,2015-02-19 06:00:00,Corrective,Completed
MNT-03823,MAC-95,2015-03-06 06:00:00,Preventive,Completed
MNT-03824,MAC-95,2015-03-06 06:00:00,Preventive,Completed
MNT-03825,MAC-95,2015-03-21 06:00:00,Preventive,Completed
MNT-03826,MAC-95,2015-03-21 06:00:00,Preventive,Completed
MNT-03827,MAC-95,2015-03-21 06:00:00,Corrective,Completed
MNT-03828,MAC-95,2015-04-05 06:00:00,Preventive,Completed
MNT-03829,MAC-95,2015-04-20 06:00:00,Preventive,Completed
MNT-03830,MAC-95,2015-04-20 06:00:00,Preventive,Completed
MNT-03831,MAC-95,2015-04-20 06:00:00,Corrective,Completed
MNT-03832,MAC-95,2015-05-05 06:00:00,Preventive,Completed
MNT-03833,MAC-95,2015-05-05 06:00:00,Preventive,Completed
MNT-03834,MAC-95,2015-05-05 06:00:00,Corrective,Completed
MNT-03835,MAC-95,2015-05-20 06:00:00,Preventive,Completed
MNT-03836,MAC-95,2015-06-04 06:00:00,Preventive,Completed
MNT-03837,MAC-95,2015-06-04 06:00:00,Corrective,Completed
MNT-03838,MAC-95,2015-06-19 06:00:00,Preventive,Completed
MNT-03839,MAC-95,2015-07-04 06:00:00,Preventive,Completed
MNT-03840,MAC-95,2015-07-19 06:00:00,Preventive,Completed
MNT-03841,MAC-95,2015-08-03 06:00:00,Preventive,Completed
MNT-03842,MAC-95,2015-08-18 06:00:00,Preventive,Completed
MNT-03843,MAC-95,2015-08-18 06:00:00,Preventive,Completed
MNT-03844,MAC-95,2015-08-18 06:00:00,Corrective,Completed
MNT-03845,MAC-95,2015-09-02 06:00:00,Preventive,Completed
MNT-03846,MAC-95,2015-09-17 06:00:00,Preventive,Completed
MNT-03847,MAC-95,2015-09-17 06:00:00,Preventive,Completed
MNT-03848,MAC-95,2015-09-17 06:00:00,Corrective,Completed
MNT-03849,MAC-95,2015-10-02 06:00:00,Preventive,Completed
MNT-03850,MAC-95,2015-10-02 06:00:00,Preventive,Completed
MNT-03851,MAC-95,2015-10-17 06:00:00,Preventive,Completed
MNT-03852,MAC-95,2015-10-17 06:00:00,Preventive,Completed
MNT-03853,MAC-95,2015-10-17 06:00:00,Corrective,Completed
MNT-03854,MAC-95,2015-11-01 06:00:00,Preventive,Completed
MNT-03855,MAC-95,2015-11-01 06:00:00,Preventive,Completed
MNT-03856,MAC-95,2015-11-16 06:00:00,Preventive,Completed
MNT-03857,MAC-95,2015-12-01 06:00:00,Preventive,Completed
MNT-03858,MAC-95,2015-12-16 06:00:00,Preventive,Completed
MNT-03859,MAC-95,2015-12-31 06:00:00,Preventive,Completed
MNT-03860,MAC-95,2015-12-31 06:00:00,Preventive,Completed
MNT-03861,MAC-95,2015-12-31 06:00:00,Corrective,Completed
MNT-03862,MAC-96,2014-06-01 06:00:00,Preventive,Completed
MNT-03863,MAC-96,2014-08-15 06:00:00,Preventive,Completed
MNT-03864,MAC-96,2014-08-15 06:00:00,Preventive,Completed
MNT-03865,MAC-96,2014-08-15 06:00:00,Preventive,Completed
MNT-03866,MAC-96,2015-01-03 06:00:00,Preventive,Completed
MNT-03867,MAC-96,2015-01-18 06:00:00,Preventive,Completed
MNT-03868,MAC-96,2015-01-18 06:00:00,Preventive,Completed
MNT-03869,MAC-96,2015-02-17 06:00:00,Preventive,Completed
MNT-03870,MAC-96,2015-02-17 06:00:00,Corrective,Completed
MNT-03871,MAC-96,2015-03-04 06:00:00,Preventive,Completed
MNT-03872,MAC-96,2015-03-19 06:00:00,Preventive,Completed
MNT-03873,MAC-96,2015-04-03 06:00:00,Preventive,Completed
MNT-03874,MAC-96,2015-04-18 06:00:00,Preventive,Completed
MNT-03875,MAC-96,2015-04-18 06:00:00,Preventive,Completed
MNT-03876,MAC-96,2015-05-03 06:00:00,Preventive,Completed
MNT-03877,MAC-96,2015-05-03 06:00:00,Preventive,Completed
MNT-03878,MAC-96,2015-05-03 06:00:00,Corrective,Completed
MNT-03879,MAC-96,2015-06-02 06:00:00,Preventive,Completed
MNT-03880,MAC-96,2015-06-02 06:00:00,Preventive,Completed
MNT-03881,MAC-96,2015-06-17 06:00:00,Preventive,Completed
MNT-03882,MAC-96,2015-07-02 06:00:00,Preventive,Completed
MNT-03883,MAC-96,2015-07-17 06:00:00,Preventive,Completed
MNT-03884,MAC-96,2015-07-17 06:00:00,Preventive,Completed
MNT-03885,MAC-96,2015-07-17 06:00:00,Corrective,Completed
MNT-03886,MAC-96,2015-08-01 06:00:00,Preventive,Completed
MNT-03887,MAC-96,2015-08-16 06:00:00,Preventive,Completed
MNT-03888,MAC-96,2015-08-31 06:00:00,Preventive,Completed
MNT-03889,MAC-96,2015-08-31 06:00:00,Corrective,Completed
MNT-03890,MAC-96,2015-09-15 06:00:00,Preventive,Completed
MNT-03891,MAC-96,2015-09-30 06:00:00,Preventive,Completed
MNT-03892,MAC-96,2015-10-15 06:00:00,Preventive,Completed
MNT-03893,MAC-96,2015-10-30 06:00:00,Preventive,Completed
MNT-03894,MAC-96,2015-11-14 06:00:00,Preventive,Completed
MNT-03895,MAC-96,2015-11-29 06:00:00,Preventive,Completed
MNT-03896,MAC-96,2015-12-14 06:00:00,Preventive,Completed
MNT-03897,MAC-96,2015-12-29 06:00:00,Preventive,Completed
MNT-03898,MAC-96,2015-12-29 06:00:00,Preventive,Completed
MNT-03899,MAC-96,2015-12-29 06:00:00,Corrective,Completed
MNT-03900,MAC-97,2014-07-01 06:00:00,Preventive,Completed
MNT-03901,MAC-97,2014-07-01 06:00:00,Preventive,Completed
MNT-03902,MAC-97,2014-07-01 06:00:00,Preventive,Completed
MNT-03903,MAC-97,2014-09-14 06:00:00,Preventive,Completed
MNT-03904,MAC-97,2015-01-24 06:00:00,Preventive,Completed
MNT-03905,MAC-97,2015-01-24 06:00:00,Preventive,Completed
MNT-03906,MAC-97,2015-01-24 06:00:00,Corrective,Completed
MNT-03907,MAC-97,2015-01-24 06:00:00,Corrective,Completed
MNT-03908,MAC-97,2015-02-08 06:00:00,Preventive,Completed
MNT-03909,MAC-97,2015-02-23 06:00:00,Preventive,Completed
MNT-03910,MAC-97,2015-03-10 06:00:00,Preventive,Completed
MNT-03911,MAC-97,2015-03-25 06:00:00,Preventive,Completed
MNT-03912,MAC-97,2015-04-09 06:00:00,Preventive,Completed
MNT-03913,MAC-97,2015-04-24 06:00:00,Preventive,Completed
MNT-03914,MAC-97,2015-05-09 06:00:00,Preventive,Completed
MNT-03915,MAC-97,2015-05-09 06:00:00,Preventive,Completed
MNT-03916,MAC-97,2015-05-09 06:00:00,Corrective,Completed
MNT-03917,MAC-97,2015-05-24 06:00:00,Preventive,Completed
MNT-03918,MAC-97,2015-05-24 06:00:00,Preventive,Completed
MNT-03919,MAC-97,2015-06-08 06:00:00,Preventive,Completed
MNT-03920,MAC-97,2015-06-08 06:00:00,Preventive,Completed
MNT-03921,MAC-97,2015-07-08 06:00:00,Preventive,Completed
MNT-03922,MAC-97,2015-07-08 06:00:00,Corrective,Completed
MNT-03923,MAC-97,2015-07-23 06:00:00,Preventive,Completed
MNT-03924,MAC-97,2015-07-23 06:00:00,Preventive,Completed
MNT-03925,MAC-97,2015-07-23 06:00:00,Corrective,Completed
MNT-03926,MAC-97,2015-08-22 06:00:00,Preventive,Completed
MNT-03927,MAC-97,2015-09-06 06:00:00,Preventive,Completed
MNT-03928,MAC-97,2015-09-06 06:00:00,Preventive,Completed
MNT-03929,MAC-97,2015-09-06 06:00:00,Corrective,Completed
MNT-03930,MAC-97,2015-09-21 06:00:00,Preventive,Completed
MNT-03931,MAC-97,2015-10-06 06:00:00,Preventive,Completed
MNT-03932,MAC-97,2015-10-21 06:00:00,Preventive,Completed
MNT-03933,MAC-97,2015-10-21 06:00:00,Preventive,Completed
MNT-03934,MAC-97,2015-10-21 06:00:00,Corrective,Completed
MNT-03935,MAC-97,2015-11-05 06:00:00,Preventive,Completed
MNT-03936,MAC-97,2015-11-20 06:00:00,Preventive,Completed
MNT-03937,MAC-97,2015-11-20 06:00:00,Preventive,Completed
MNT-03938,MAC-97,2015-11-20 06:00:00,Corrective,Completed
MNT-03939,MAC-97,2015-12-05 06:00:00,Preventive,Completed
MNT-03940,MAC-97,2015-12-05 06:00:00,Preventive,Completed
MNT-03941,MAC-97,2015-12-20 06:00:00,Preventive,Completed
MNT-03942,MAC-98,2014-08-30 06:00:00,Preventive,Completed
MNT-03943,MAC-98,2014-08-30 06:00:00,Preventive,Completed
MNT-03944,MAC-98,2014-09-29 06:00:00,Preventive,Completed
MNT-03945,MAC-98,2014-10-29 06:00:00,Preventive,Completed
MNT-03946,MAC-98,2015-01-30 06:00:00,Preventive,Completed
MNT-03947,MAC-98,2015-01-30 06:00:00,Corrective,Completed
MNT-03948,MAC-98,2015-02-14 06:00:00,Preventive,Completed
MNT-03949,MAC-98,2015-02-14 06:00:00,Preventive,Completed
MNT-03950,MAC-98,2015-02-14 06:00:00,Corrective,Completed
MNT-03951,MAC-98,2015-03-01 06:00:00,Preventive,Completed
MNT-03952,MAC-98,2015-03-01 06:00:00,Preventive,Completed
MNT-03953,MAC-98,2015-03-01 06:00:00,Corrective,Completed
MNT-03954,MAC-98,2015-03-16 06:00:00,Preventive,Completed
MNT-03955,MAC-98,2015-03-31 06:00:00,Preventive,Completed
MNT-03956,MAC-98,2015-04-15 06:00:00,Preventive,Completed
MNT-03957,MAC-98,2015-04-15 06:00:00,Corrective,Completed
MNT-03958,MAC-98,2015-04-30 06:00:00,Preventive,Completed
MNT-03959,MAC-98,2015-04-30 06:00:00,Preventive,Completed
MNT-03960,MAC-98,2015-04-30 06:00:00,Corrective,Completed
MNT-03961,MAC-98,2015-04-30 06:00:00,Corrective,Completed
MNT-03962,MAC-98,2015-05-15 06:00:00,Preventive,Completed
MNT-03963,MAC-98,2015-05-15 06:00:00,Corrective,Completed
MNT-03964,MAC-98,2015-05-30 06:00:00,Preventive,Completed
MNT-03965,MAC-98,2015-05-30 06:00:00,Corrective,Completed
MNT-03966,MAC-98,2015-06-14 06:00:00,Preventive,Completed
MNT-03967,MAC-98,2015-06-14 06:00:00,Corrective,Completed
MNT-03968,MAC-98,2015-06-29 06:00:00,Preventive,Completed
MNT-03969,MAC-98,2015-06-29 06:00:00,Preventive,Completed
MNT-03970,MAC-98,2015-06-29 06:00:00,Corrective,Completed
MNT-03971,MAC-98,2015-06-29 06:00:00,Corrective,Completed
MNT-03972,MAC-98,2015-07-14 06:00:00,Preventive,Completed
MNT-03973,MAC-98,2015-07-29 06:00:00,Preventive,Completed
MNT-03974,MAC-98,2015-07-29 06:00:00,Preventive,Completed
MNT-03975,MAC-98,2015-07-29 06:00:00,Corrective,Completed
MNT-03976,MAC-98,2015-08-13 06:00:00,Preventive,Completed
MNT-03977,MAC-98,2015-08-13 06:00:00,Preventive,Completed
MNT-03978,MAC-98,2015-08-13 06:00:00,Corrective,Completed
MNT-03979,MAC-98,2015-08-28 06:00:00,Preventive,Completed
MNT-03980,MAC-98,2015-08-28 06:00:00,Preventive,Completed
MNT-03981,MAC-98,2015-08-28 06:00:00,Corrective,Completed
MNT-03982,MAC-98,2015-09-12 06:00:00,Preventive,Completed
MNT-03983,MAC-98,2015-09-12 06:00:00,Preventive,Completed
MNT-03984,MAC-98,2015-09-27 06:00:00,Preventive,Completed
MNT-03985,MAC-98,2015-09-27 06:00:00,Preventive,Completed
MNT-03986,MAC-98,2015-10-12 06:00:00,Preventive,Completed
MNT-03987,MAC-98,2015-10-27 06:00:00,Preventive,Completed
MNT-03988,MAC-98,2015-10-27 06:00:00,Corrective,Completed
MNT-03989,MAC-98,2015-11-11 06:00:00,Preventive,Completed
MNT-03990,MAC-98,2015-11-26 06:00:00,Preventive,Completed
MNT-03991,MAC-98,2015-11-26 06:00:00,Preventive,Completed
MNT-03992,MAC-98,2015-11-26 06:00:00,Corrective,Completed
MNT-03993,MAC-98,2015-12-11 06:00:00,Preventive,Completed
MNT-03994,MAC-98,2015-12-26 06:00:00,Preventive,Completed
MNT-03995,MAC-99,2014-07-16 06:00:00,Preventive,Completed
MNT-03996,MAC-99,2014-11-13 06:00:00,Preventive,Completed
MNT-03997,MAC-99,2014-12-28 06:00:00,Preventive,Completed
MNT-03998,MAC-99,2014-12-28 06:00:00,Preventive,Completed
MNT-03999,MAC-99,2015-01-02 03:00:00,Corrective,Completed
MNT-04000,MAC-99,2015-01-18 06:00:00,Preventive,Completed
MNT-04001,MAC-99,2015-01-18 06:00:00,Corrective,Completed
MNT-04002,MAC-99,2015-02-02 06:00:00,Preventive,Completed
MNT-04003,MAC-99,2015-02-02 06:00:00,Corrective,Completed
MNT-04004,MAC-99,2015-02-17 06:00:00,Preventive,Completed
MNT-04005,MAC-99,2015-02-17 06:00:00,Corrective,Completed
MNT-04006,MAC-99,2015-03-04 06:00:00,Preventive,Completed
MNT-04007,MAC-99,2015-03-04 06:00:00,Preventive,Completed
MNT-04008,MAC-99,2015-03-04 06:00:00,Corrective,Completed
MNT-04009,MAC-99,2015-03-19 06:00:00,Preventive,Completed
MNT-04010,MAC-99,2015-03-19 06:00:00,Corrective,Completed
MNT-04011,MAC-99,2015-04-03 06:00:00,Preventive,Completed
MNT-04012,MAC-99,2015-04-03 06:00:00,Corrective,Completed
MNT-04013,MAC-99,2015-04-18 06:00:00,Preventive,Completed
MNT-04014,MAC-99,2015-04-18 06:00:00,Corrective,Completed
MNT-04015,MAC-99,2015-05-03 06:00:00,Preventive,Completed
MNT-04016,MAC-99,2015-05-03 06:00:00,Corrective,Completed
MNT-04017,MAC-99,2015-05-18 06:00:00,Preventive,Completed
MNT-04018,MAC-99,2015-05-18 06:00:00,Corrective,Completed
MNT-04019,MAC-99,2015-06-02 06:00:00,Preventive,Completed
MNT-04020,MAC-99,2015-06-02 06:00:00,Corrective,Completed
MNT-04021,MAC-99,2015-06-17 06:00:00,Preventive,Completed
MNT-04022,MAC-99,2015-07-02 06:00:00,Preventive,Completed
MNT-04023,MAC-99,2015-07-02 06:00:00,Preventive,Completed
MNT-04024,MAC-99,2015-07-02 06:00:00,Corrective,Completed
MNT-04025,MAC-99,2015-07-17 06:00:00,Preventive,Completed
MNT-04026,MAC-99,2015-07-17 06:00:00,Preventive,Completed
MNT-04027,MAC-99,2015-07-17 06:00:00,Corrective,Completed
MNT-04028,MAC-99,2015-08-01 06:00:00,Preventive,Completed
MNT-04029,MAC-99,2015-08-01 06:00:00,Preventive,Completed
MNT-04030,MAC-99,2015-08-01 06:00:00,Corrective,Completed
MNT-04031,MAC-99,2015-08-16 06:00:00,Preventive,Completed
MNT-04032,MAC-99,2015-08-31 06:00:00,Preventive,Completed
MNT-04033,MAC-99,2015-08-31 06:00:00,Preventive,Completed
MNT-04034,MAC-99,2015-08-31 06:00:00,Corrective,Completed
MNT-04035,MAC-99,2015-09-15 06:00:00,Preventive,Completed
MNT-04036,MAC-99,2015-09-15 06:00:00,Preventive,Completed
MNT-04037,MAC-99,2015-09-30 06:00:00,Preventive,Completed
MNT-04038,MAC-99,2015-10-15 06:00:00,Preventive,Completed
MNT-04039,MAC-99,2015-10-15 06:00:00,Corrective,Completed
MNT-04040,MAC-99,2015-10-30 06:00:00,Preventive,Completed
MNT-04041,MAC-99,2015-10-30 06:00:00,Corrective,Completed
MNT-04042,MAC-99,2015-11-14 06:00:00,Preventive,Completed
MNT-04043,MAC-99,2015-11-29 06:00:00,Preventive,Completed
MNT-04044,MAC-99,2015-11-29 06:00:00,Corrective,Completed
MNT-04045,MAC-99,2015-12-14 06:00:00,Preventive,Completed
MNT-04046,MAC-99,2015-12-14 06:00:00,Corrective,Completed
MNT-04047,MAC-99,2015-12-29 06:00:00,Preventive,Completed
